goals,assists,xg,xa,shots,shots_on_target,big_chances_created,big_chances_missed,passes,total_passes,key_passes,long_balls,total_long_balls,crosses,total_crosses,final_third_passes,dribbles,total_dribbles,dispossessed,touches,tackles_won,total_tackles,interceptions,recoveries,clearances,blocked_shots,errors_to_goal,aerials_won,total_aerials,yellows,reds,penalties_won,penalties_conceded,minutes,appearances,player_id,player,slug,team,team_id,league,position,season,goals_p90,assists_p90,xg_p90,xa_p90,shots_p90,shots_on_target_p90,big_chances_created_p90,big_chances_missed_p90,passes_p90,total_passes_p90,key_passes_p90,long_balls_p90,total_long_balls_p90,crosses_p90,total_crosses_p90,final_third_passes_p90,dribbles_p90,total_dribbles_p90,dispossessed_p90,touches_p90,tackles_won_p90,total_tackles_p90,interceptions_p90,recoveries_p90,clearances_p90,blocked_shots_p90,errors_to_goal_p90,aerials_won_p90,total_aerials_p90,yellows_p90,reds_p90,penalties_won_p90,penalties_conceded_p90
0,0,0.43,0.16,2,0,0,1,393,416,0,18,26,1,0,33,1,0,0,472,5,0,4,30,20,0,1,9,0,0,0,0,0,482,6,149734,Aymeric Laporte,aymeric-laporte,Athletic Club,2825,La Liga,Defender,2026/27,0.0,0.0,0.0803,0.0299,0.3734,0.0,0.0,0.1867,73.3817,77.6763,0.0,3.361,4.8548,0.1867,0.0,6.1618,0.1867,0.0,0.0,88.1328,0.9336,0.0,0.7469,5.6017,3.7344,0.0,0.1867,1.6805,0.0,0.0,0.0,0.0,0.0
0,0,0.03,0.25,1,1,0,0,146,169,1,6,10,1,0,26,0,0,1,230,8,0,12,11,3,0,0,4,0,1,0,0,0,373,5,1171619,Beñat Gerenabarrena,benat-gerenabarrena,Athletic Club,2825,La Liga,Midfielder,2026/27,0.0,0.0,0.0072,0.0603,0.2413,0.2413,0.0,0.0,35.2279,40.7775,0.2413,1.4477,2.4129,0.2413,0.0,6.2735,0.0,0.0,0.2413,55.496,1.9303,0.0,2.8954,2.6542,0.7239,0.0,0.0,0.9651,0.0,0.2413,0.0,0.0,0.0
0,2,1.74,0.08,12,4,1,2,31,53,5,0,1,0,0,13,4,0,4,113,4,0,1,7,1,3,0,5,0,0,0,0,0,392,6,783374,Iñaki Williams,inaki-williams,Athletic Club,2825,La Liga,Midfielder,2026/27,0.0,0.4592,0.3995,0.0184,2.7551,0.9184,0.2296,0.4592,7.1173,12.1684,1.148,0.0,0.2296,0.0,0.0,2.9847,0.9184,0.0,0.9184,25.9439,0.9184,0.0,0.2296,1.6071,0.2296,0.6888,0.0,1.148,0.0,0.0,0.0,0.0,0.0
0,0,0.08,0.33,2,1,0,0,126,156,6,0,3,6,0,31,1,0,2,254,5,0,7,11,6,0,1,7,0,1,0,0,1,344,5,910267,Jesús Areso,jesus-areso,Athletic Club,2825,La Liga,Defender,2026/27,0.0,0.0,0.0209,0.0863,0.5233,0.2616,0.0,0.0,32.9651,40.814,1.5698,0.0,0.7849,1.5698,0.0,8.1105,0.2616,0.0,0.5233,66.4535,1.3081,0.0,1.8314,2.8779,1.5698,0.0,0.2616,1.8314,0.0,0.2616,0.0,0.0,0.2616
1,0,1.06,1.32,12,2,1,1,98,132,7,0,1,5,0,56,6,0,3,241,6,0,4,17,4,1,0,2,0,0,0,1,0,364,6,1085400,Nico Williams,nico-williams,Athletic Club,2825,La Liga,Midfielder,2026/27,0.2473,0.0,0.2621,0.3264,2.967,0.4945,0.2473,0.2473,24.2308,32.6374,1.7308,0.0,0.2473,1.2363,0.0,13.8462,1.4835,0.0,0.7418,59.5879,1.4835,0.0,0.989,4.2033,0.989,0.2473,0.0,0.4945,0.0,0.0,0.0,0.2473,0.0
1,0,2.58,1.19,17,5,1,3,125,157,9,4,7,0,0,60,12,0,15,257,2,0,2,19,0,3,0,6,0,0,0,0,0,515,6,966801,Oihan Sancet,oihan-sancet,Athletic Club,2825,La Liga,Midfielder,2026/27,0.1748,0.0,0.4509,0.208,2.9709,0.8738,0.1748,0.5243,21.8447,27.4369,1.5728,0.699,1.2233,0.0,0.0,10.4854,2.0971,0.0,2.6214,44.9126,0.3495,0.0,0.3495,3.3204,0.0,0.5243,0.0,1.0485,0.0,0.0,0.0,0.0,0.0
2,0,1.37,0.47,9,5,0,1,95,113,6,1,5,7,0,40,5,0,2,196,3,0,6,17,0,2,0,0,0,1,0,0,0,317,5,944165,Robert Navarro,robert-navarro,Athletic Club,2825,La Liga,Midfielder,2026/27,0.5678,0.0,0.389,0.1334,2.5552,1.4196,0.0,0.2839,26.9716,32.082,1.7035,0.2839,1.4196,1.9874,0.0,11.3565,1.4196,0.0,0.5678,55.6467,0.8517,0.0,1.7035,4.8265,0.0,0.5678,0.0,0.0,0.0,0.2839,0.0,0.0,0.0
0,1,0.16,0.03,3,0,1,0,196,223,2,9,22,0,0,19,4,0,0,274,1,0,4,14,14,0,0,7,0,0,0,0,0,315,4,807648,Yeray Álvarez,yeray-alvarez,Athletic Club,2825,La Liga,Defender,2026/27,0.0,0.2857,0.0457,0.0086,0.8571,0.0,0.2857,0.0,56.0,63.7143,0.5714,2.5714,6.2857,0.0,0.0,5.4286,1.1429,0.0,0.0,78.2857,0.2857,0.0,1.1429,4.0,4.0,0.0,0.0,2.0,0.0,0.0,0.0,0.0,0.0
0,0,0.26,0.35,11,1,1,0,254,277,6,6,15,3,0,56,1,0,1,368,7,0,4,27,7,3,0,4,0,2,1,0,0,367,5,84531,Yuri Berchiche,yuri-berchiche,Athletic Club,2825,La Liga,Defender,2026/27,0.0,0.0,0.0638,0.0858,2.6975,0.2452,0.2452,0.0,62.2888,67.9292,1.4714,1.4714,3.6785,0.7357,0.0,13.733,0.2452,0.0,0.2452,90.2452,1.7166,0.0,0.9809,6.6213,1.7166,0.7357,0.0,0.9809,0.0,0.4905,0.2452,0.0,0.0
1,0,1.17,0.64,10,3,1,3,119,143,12,1,2,1,0,58,4,0,9,216,3,0,0,10,0,4,0,0,0,1,0,0,0,460,7,824200,Ademola Lookman,ademola-lookman,Atlético Madrid,2836,La Liga,Forward,2026/27,0.1957,0.0,0.2289,0.1252,1.9565,0.587,0.1957,0.587,23.2826,27.9783,2.3478,0.1957,0.3913,0.1957,0.0,11.3478,0.7826,0.0,1.7609,42.2609,0.587,0.0,0.0,1.9565,0.0,0.7826,0.0,0.0,0.0,0.1957,0.0,0.0,0.0
2,1,2.11,0.47,10,5,2,1,243,287,3,13,27,7,0,82,11,0,2,452,9,0,4,20,10,3,0,4,0,0,0,0,0,535,6,177177,Alejandro Grimaldo,alex-grimaldo,Atlético Madrid,2836,La Liga,Midfielder,2026/27,0.3364,0.1682,0.355,0.0791,1.6822,0.8411,0.3364,0.1682,40.8785,48.2804,0.5047,2.1869,4.5421,1.1776,0.0,13.7944,1.8505,0.0,0.3364,76.0374,1.514,0.0,0.6729,3.3645,1.6822,0.5047,0.0,0.6729,0.0,0.0,0.0,0.0,0.0
4,1,1.12,1.26,15,7,1,0,193,232,14,12,18,6,0,78,0,0,5,326,2,0,9,17,1,3,0,1,0,1,0,0,0,455,7,910031,Alex Baena,alex-baena,Atlético Madrid,2836,La Liga,Midfielder,2026/27,0.7912,0.1978,0.2215,0.2492,2.967,1.3846,0.1978,0.0,38.1758,45.8901,2.7692,2.3736,3.5604,1.1868,0.0,15.4286,0.0,0.0,0.989,64.4835,0.3956,0.0,1.7802,3.3626,0.1978,0.5934,0.0,0.1978,0.0,0.1978,0.0,0.0,0.0
0,2,0.37,0.43,8,1,2,0,391,437,3,26,54,0,0,61,7,0,1,528,4,0,9,23,25,4,0,8,0,1,0,0,0,549,7,807771,Dávid Hancko,david-hancko,Atlético Madrid,2836,La Liga,Defender,2026/27,0.0,0.3279,0.0607,0.0705,1.3115,0.1639,0.3279,0.0,64.0984,71.6393,0.4918,4.2623,8.8525,0.0,0.0,10.0,1.1475,0.0,0.1639,86.5574,0.6557,0.0,1.4754,3.7705,4.0984,0.6557,0.0,1.3115,0.0,0.1639,0.0,0.0,0.0
2,2,1.0,0.42,9,2,1,0,162,213,5,4,5,2,0,59,2,0,5,325,10,0,6,27,5,3,1,11,0,0,0,1,0,474,7,1099352,Giuliano Simeone,giuliano-simeone,Atlético Madrid,2836,La Liga,Midfielder,2026/27,0.3797,0.3797,0.1899,0.0797,1.7089,0.3797,0.1899,0.0,30.7595,40.443,0.9494,0.7595,0.9494,0.3797,0.0,11.2025,0.3797,0.0,0.9494,61.7089,1.8987,0.0,1.1392,5.1266,0.9494,0.5696,0.1899,2.0886,0.0,0.0,0.0,0.1899,0.0
2,1,1.24,0.88,20,6,3,1,189,231,10,7,15,3,0,87,12,0,7,334,8,0,2,19,2,8,0,3,0,1,0,0,0,469,7,917087,Kang-in Lee,kang-in-lee,Atlético Madrid,2836,La Liga,Midfielder,2026/27,0.3838,0.1919,0.238,0.1689,3.838,1.1514,0.5757,0.1919,36.2687,44.3284,1.919,1.3433,2.8785,0.5757,0.0,16.6951,2.3028,0.0,1.3433,64.0938,1.5352,0.0,0.3838,3.6461,0.3838,1.5352,0.0,0.5757,0.0,0.1919,0.0,0.0,0.0
0,0,0.12,0.6,2,1,1,0,303,331,8,21,29,4,0,108,1,0,4,391,8,0,2,20,1,1,0,0,0,0,0,0,0,358,7,84539,Koke,koke,Atlético Madrid,2836,La Liga,Midfielder,2026/27,0.0,0.0,0.0302,0.1508,0.5028,0.2514,0.2514,0.0,76.1732,83.2123,2.0112,5.2793,7.2905,1.0056,0.0,27.1508,0.2514,0.0,1.0056,98.2961,2.0112,0.0,0.5028,5.0279,0.2514,0.2514,0.0,0.0,0.0,0.0,0.0,0.0,0.0
1,0,0.15,0.09,2,1,0,0,238,264,0,14,23,2,0,30,0,0,1,331,5,0,1,15,9,0,0,6,0,2,0,0,0,403,6,1094106,Marc Pubill,marc-pubill,Atlético Madrid,2836,La Liga,Defender,2026/27,0.2233,0.0,0.0335,0.0201,0.4467,0.2233,0.0,0.0,53.1514,58.9578,0.0,3.1266,5.1365,0.4467,0.0,6.6998,0.0,0.0,0.2233,73.9206,1.1166,0.0,0.2233,3.3499,2.0099,0.0,0.0,1.34,0.0,0.4467,0.0,0.0,0.0
0,1,0.11,0.23,3,2,0,0,323,347,9,11,18,0,0,81,4,0,4,454,6,0,9,26,8,1,0,2,0,1,0,0,0,465,7,353138,Marcos Llorente,marcos-llorente,Atlético Madrid,2836,La Liga,Defender,2026/27,0.0,0.1935,0.0213,0.0445,0.5806,0.3871,0.0,0.0,62.5161,67.1613,1.7419,2.129,3.4839,0.0,0.0,15.6774,0.7742,0.0,0.7742,87.871,1.1613,0.0,1.7419,5.0323,1.5484,0.1935,0.0,0.3871,0.0,0.1935,0.0,0.0,0.0
0,0,0.17,0.31,3,0,0,0,209,228,8,10,15,0,0,41,2,0,2,286,4,0,8,17,8,0,0,5,0,1,0,0,1,353,7,859917,Morten Hjulmand,morten-hjulmand,Atlético Madrid,2836,La Liga,Midfielder,2026/27,0.0,0.0,0.0433,0.079,0.7649,0.0,0.0,0.0,53.2861,58.1303,2.0397,2.5496,3.8244,0.0,0.0,10.4533,0.5099,0.0,0.5099,72.9178,1.0198,0.0,2.0397,4.3343,2.0397,0.0,0.0,1.2748,0.0,0.255,0.0,0.0,0.255
1,0,0.56,0.23,6,3,1,0,56,73,3,2,5,0,0,22,3,0,4,140,0,0,0,12,3,0,0,6,0,0,0,0,0,394,7,949962,Ferrán Jutglà,ferran-jutgla,Celta Vigo,2821,La Liga,Forward,2026/27,0.2284,0.0,0.1279,0.0525,1.3706,0.6853,0.2284,0.0,12.7919,16.6751,0.6853,0.4569,1.1421,0.0,0.0,5.0254,0.6853,0.0,0.9137,31.9797,0.0,0.0,0.0,2.7411,0.6853,0.0,0.0,1.3706,0.0,0.0,0.0,0.0,0.0
1,0,0.25,0.42,5,1,1,0,285,306,1,7,13,0,0,79,2,0,4,378,8,0,5,27,6,0,0,0,0,0,0,0,0,492,7,962890,Ilaix Moriba,ilaix-moriba,Celta Vigo,2821,La Liga,Midfielder,2026/27,0.1829,0.0,0.0457,0.0768,0.9146,0.1829,0.1829,0.0,52.1341,55.9756,0.1829,1.2805,2.378,0.0,0.0,14.4512,0.3659,0.0,0.7317,69.1463,1.4634,0.0,0.9146,4.939,1.0976,0.0,0.0,0.0,0.0,0.0,0.0,0.0,0.0
0,0,0.08,0.43,3,0,1,0,121,150,6,5,9,1,0,46,4,0,5,243,5,0,6,20,8,2,0,4,0,2,0,0,0,376,7,1008259,Javier Rueda,javier-rueda,Celta Vigo,2821,La Liga,Midfielder,2026/27,0.0,0.0,0.0191,0.1029,0.7181,0.0,0.2394,0.0,28.9628,35.9043,1.4362,1.1968,2.1543,0.2394,0.0,11.0106,0.9574,0.0,1.1968,58.1649,1.1968,0.0,1.4362,4.7872,1.9149,0.4787,0.0,0.9574,0.0,0.4787,0.0,0.0,0.0
0,0,0.27,0.19,3,0,0,0,360,408,0,26,48,0,0,92,0,0,3,477,5,0,10,24,25,1,0,7,0,2,1,0,0,411,5,69408,Marcos Alonso,marcos-alonso,Celta Vigo,2821,La Liga,Defender,2026/27,0.0,0.0,0.0591,0.0416,0.6569,0.0,0.0,0.0,78.8321,89.3431,0.0,5.6934,10.5109,0.0,0.0,20.146,0.0,0.0,0.6569,104.4526,1.0949,0.0,2.1898,5.2555,5.4745,0.219,0.0,1.5328,0.0,0.438,0.219,0.0,0.0
1,2,0.18,0.76,7,1,1,0,367,416,7,24,31,3,0,113,3,0,2,483,5,0,2,30,6,3,0,4,0,0,0,0,0,579,7,1398526,Miguel Román,miguel-roman,Celta Vigo,2821,La Liga,Midfielder,2026/27,0.1554,0.3109,0.028,0.1181,1.0881,0.1554,0.1554,0.0,57.0466,64.6632,1.0881,3.7306,4.8187,0.4663,0.0,17.5648,0.4663,0.0,0.3109,75.0777,0.7772,0.0,0.3109,4.6632,0.9326,0.4663,0.0,0.6218,0.0,0.0,0.0,0.0,0.0
0,0,0.55,0.74,4,1,1,1,220,267,4,10,15,0,0,89,4,0,1,345,2,0,2,20,5,2,0,0,0,1,0,0,0,456,7,1002764,Sergio Carreira,sergio-carreira,Celta Vigo,2821,La Liga,Midfielder,2026/27,0.0,0.0,0.1086,0.1461,0.7895,0.1974,0.1974,0.1974,43.4211,52.6974,0.7895,1.9737,2.9605,0.0,0.0,17.5658,0.7895,0.0,0.1974,68.0921,0.3947,0.0,0.3947,3.9474,0.9868,0.3947,0.0,0.0,0.0,0.1974,0.0,0.0,0.0
0,0,0.78,0.2,4,3,0,3,53,73,3,1,2,0,0,23,2,0,5,139,3,0,2,6,2,1,0,2,0,0,0,0,0,310,6,1126779,Williot Swedberg,williot-swedberg,Celta Vigo,2821,La Liga,Forward,2026/27,0.0,0.0,0.2265,0.0581,1.1613,0.871,0.0,0.871,15.3871,21.1935,0.871,0.2903,0.5806,0.0,0.0,6.6774,0.5806,0.0,1.4516,40.3548,0.871,0.0,0.5806,1.7419,0.5806,0.2903,0.0,0.5806,0.0,0.0,0.0,0.0,0.0
0,0,0.09,0.1,1,0,0,0,377,405,1,13,26,0,0,39,0,0,2,501,4,0,14,29,30,1,0,5,0,3,0,0,0,585,7,1145100,Yoel Lago,yoel-lago,Celta Vigo,2821,La Liga,Defender,2026/27,0.0,0.0,0.0138,0.0154,0.1538,0.0,0.0,0.0,58.0,62.3077,0.1538,2.0,4.0,0.0,0.0,6.0,0.0,0.0,0.3077,77.0769,0.6154,0.0,2.1538,4.4615,4.6154,0.1538,0.0,0.7692,0.0,0.4615,0.0,0.0,0.0
0,0,0.16,0.12,5,3,0,0,130,165,0,7,16,1,0,34,9,0,1,332,9,0,11,24,8,1,0,7,0,3,0,0,1,561,7,1082968,Abderrahman Rebbach,abderrahman-rebbach,Deportivo Alavés,2885,La Liga,Midfielder,2026/27,0.0,0.0,0.0257,0.0193,0.8021,0.4813,0.0,0.0,20.8556,26.4706,0.0,1.123,2.5668,0.1604,0.0,5.4545,1.4439,0.0,0.1604,53.262,1.4439,0.0,1.7647,3.8503,1.2834,0.1604,0.0,1.123,0.0,0.4813,0.0,0.0,0.1604
0,0,0.2,0.23,7,0,0,0,218,254,2,16,24,3,0,40,1,0,4,354,7,0,13,27,8,1,0,2,0,3,0,0,0,526,7,855832,Antonio Blanco,antonio-blanco,Deportivo Alavés,2885,La Liga,Midfielder,2026/27,0.0,0.0,0.0342,0.0394,1.1977,0.0,0.0,0.0,37.3004,43.4601,0.3422,2.7376,4.1065,0.5133,0.0,6.8441,0.1711,0.0,0.6844,60.5703,1.1977,0.0,2.2243,4.6198,1.3688,0.1711,0.0,0.3422,0.0,0.5133,0.0,0.0,0.0
0,0,0.1,0.12,2,1,0,0,180,210,2,14,25,2,0,29,3,0,2,311,10,0,4,24,23,0,0,5,0,0,0,0,0,510,6,235648,Jonny Otto,jonny-otto,Deportivo Alavés,2885,La Liga,Defender,2026/27,0.0,0.0,0.0176,0.0212,0.3529,0.1765,0.0,0.0,31.7647,37.0588,0.3529,2.4706,4.4118,0.3529,0.0,5.1176,0.5294,0.0,0.3529,54.8824,1.7647,0.0,0.7059,4.2353,4.0588,0.0,0.0,0.8824,0.0,0.0,0.0,0.0,0.0
4,0,1.24,0.36,16,6,1,0,69,93,4,7,9,1,0,29,3,0,8,225,12,0,0,18,5,5,0,15,0,0,0,0,0,484,6,814385,Lucas Boyé,lucas-boye,Deportivo Alavés,2885,La Liga,Forward,2026/27,0.7438,0.0,0.2306,0.0669,2.9752,1.1157,0.186,0.0,12.8306,17.2934,0.7438,1.3017,1.6736,0.186,0.0,5.3926,0.5579,0.0,1.4876,41.8388,2.2314,0.0,0.0,3.3471,0.9298,0.9298,0.0,2.7893,0.0,0.0,0.0,0.0,0.0
3,3,1.29,0.36,9,8,1,2,36,50,3,0,0,2,0,16,5,0,5,104,1,0,0,12,3,1,0,8,0,2,0,0,0,323,7,175753,Mariano Díaz,mariano-diaz,Deportivo Alavés,2885,La Liga,Forward,2026/27,0.8359,0.8359,0.3594,0.1003,2.5077,2.2291,0.2786,0.5573,10.031,13.9319,0.8359,0.0,0.0,0.5573,0.0,4.4582,1.3932,0.0,1.3932,28.9783,0.2786,0.0,0.0,3.3437,0.8359,0.2786,0.0,2.2291,0.0,0.5573,0.0,0.0,0.0
1,0,0.38,0.34,6,2,1,0,164,202,2,14,31,1,0,25,3,0,6,351,8,0,10,24,30,3,0,7,0,2,0,0,1,585,7,896073,Nahuel Tenaglia,nahuel-tenaglia,Deportivo Alavés,2885,La Liga,Defender,2026/27,0.1538,0.0,0.0585,0.0523,0.9231,0.3077,0.1538,0.0,25.2308,31.0769,0.3077,2.1538,4.7692,0.1538,0.0,3.8462,0.4615,0.0,0.9231,54.0,1.2308,0.0,1.5385,3.6923,4.6154,0.4615,0.0,1.0769,0.0,0.3077,0.0,0.0,0.1538
1,0,0.75,0.12,9,2,0,1,161,204,2,8,21,0,0,46,7,0,8,321,5,0,8,33,12,1,0,6,0,1,0,0,0,580,7,1084381,Pablo Ibáñez,pablo-ibanez-lumbreras,Deportivo Alavés,2885,La Liga,Midfielder,2026/27,0.1552,0.0,0.1164,0.0186,1.3966,0.3103,0.0,0.1552,24.9828,31.6552,0.3103,1.2414,3.2586,0.0,0.0,7.1379,1.0862,0.0,1.2414,49.8103,0.7759,0.0,1.2414,5.1207,1.8621,0.1552,0.0,0.931,0.0,0.1552,0.0,0.0,0.0
0,0,1.93,0.14,11,0,2,3,29,51,5,1,1,0,0,15,0,0,3,114,4,0,0,5,8,1,0,18,0,0,0,0,0,349,6,831253,Toni Martínez,toni-martinez,Deportivo Alavés,2885,La Liga,Forward,2026/27,0.0,0.0,0.4977,0.0361,2.8367,0.0,0.5158,0.7736,7.4785,13.1519,1.2894,0.2579,0.2579,0.0,0.0,3.8682,0.0,0.0,0.7736,29.3983,1.0315,0.0,0.0,1.2894,2.063,0.2579,0.0,4.6418,0.0,0.0,0.0,0.0,0.0
1,0,0.91,0.02,2,2,0,1,192,220,0,8,21,0,0,9,1,0,0,309,2,0,8,9,47,0,0,9,0,0,0,0,0,620,7,999178,Ville Koski,koski-ville,Deportivo Alavés,2885,La Liga,Defender,2026/27,0.1452,0.0,0.1321,0.0029,0.2903,0.2903,0.0,0.1452,27.871,31.9355,0.0,1.1613,3.0484,0.0,0.0,1.3065,0.1452,0.0,0.0,44.8548,0.2903,0.0,1.1613,1.3065,6.8226,0.0,0.0,1.3065,0.0,0.0,0.0,0.0,0.0
0,3,0.92,1.66,9,4,6,1,83,114,10,8,16,10,0,30,11,0,3,241,3,0,5,20,5,2,0,2,0,0,0,0,0,492,7,1513222,Ángel Pérez,angel-perez,Deportivo Alavés,2885,La Liga,Midfielder,2026/27,0.0,0.5488,0.1683,0.3037,1.6463,0.7317,1.0976,0.1829,15.1829,20.8537,1.8293,1.4634,2.9268,1.8293,0.0,5.4878,2.0122,0.0,0.5488,44.0854,0.5488,0.0,0.9146,3.6585,0.9146,0.3659,0.0,0.3659,0.0,0.0,0.0,0.0,0.0
0,0,0.72,0.1,10,2,1,0,60,82,3,2,3,1,0,23,10,0,14,198,5,0,0,13,6,5,0,14,0,1,0,0,0,409,7,2335487,Bil Nsongo,bil-nsongo,Deportivo de A Coruña,2832,La Liga,Forward,2026/27,0.0,0.0,0.1584,0.022,2.2005,0.4401,0.22,0.0,13.2029,18.044,0.6601,0.4401,0.6601,0.22,0.0,5.0611,2.2005,0.0,3.0807,43.5697,1.1002,0.0,0.0,2.8606,1.3203,1.1002,0.0,3.0807,0.0,0.22,0.0,0.0,0.0
0,0,0.24,0.63,5,1,1,0,155,206,6,10,32,7,0,41,5,0,2,365,3,0,13,32,11,0,0,2,0,1,0,0,0,569,7,973300,Giacomo Quagliata,giacomo-quagliata,Deportivo de A Coruña,2832,La Liga,Defender,2026/27,0.0,0.0,0.038,0.0996,0.7909,0.1582,0.1582,0.0,24.5167,32.5835,0.949,1.5817,5.0615,1.1072,0.0,6.4851,0.7909,0.0,0.3163,57.7329,0.4745,0.0,2.0562,5.0615,1.7399,0.0,0.0,0.3163,0.0,0.1582,0.0,0.0,0.0
0,0,0.35,0.04,5,1,1,1,242,269,2,19,31,0,0,21,0,0,0,332,0,0,4,5,30,2,0,14,0,1,0,0,0,364,6,325355,José María Giménez,jose-maria-gimenez,Deportivo de A Coruña,2832,La Liga,Defender,2026/27,0.0,0.0,0.0865,0.0099,1.2363,0.2473,0.2473,0.2473,59.8352,66.511,0.4945,4.6978,7.6648,0.0,0.0,5.1923,0.0,0.0,0.0,82.0879,0.0,0.0,0.989,1.2363,7.4176,0.4945,0.0,3.4615,0.0,0.2473,0.0,0.0,0.0
0,1,0.0,0.13,0,0,0,0,295,327,3,14,20,0,0,43,2,0,4,421,8,0,6,24,17,0,0,9,0,3,0,0,0,540,6,1100207,Lorenzo Amatucci,amatucci-lorenzo,Deportivo de A Coruña,2832,La Liga,Midfielder,2026/27,0.0,0.1667,0.0,0.0217,0.0,0.0,0.0,0.0,49.1667,54.5,0.5,2.3333,3.3333,0.0,0.0,7.1667,0.3333,0.0,0.6667,70.1667,1.3333,0.0,1.0,4.0,2.8333,0.0,0.0,1.5,0.0,0.5,0.0,0.0,0.0
0,0,0.0,0.04,0,0,0,0,217,262,1,26,54,0,0,11,1,0,0,343,6,0,8,14,37,0,0,8,0,1,0,0,1,450,5,1127337,Lucas Noubi,lucas-noubi,Deportivo de A Coruña,2832,La Liga,Defender,2026/27,0.0,0.0,0.0,0.008,0.0,0.0,0.0,0.0,43.4,52.4,0.2,5.2,10.8,0.0,0.0,2.2,0.2,0.0,0.0,68.6,1.2,0.0,1.6,2.8,7.4,0.0,0.0,1.6,0.0,0.2,0.0,0.0,0.2
1,1,0.37,1.27,4,2,1,0,121,148,14,8,13,6,0,52,5,0,4,234,5,0,2,17,3,0,0,4,0,0,0,0,0,399,7,966526,Luismi Cruz,luismi-cruz,Deportivo de A Coruña,2832,La Liga,Midfielder,2026/27,0.2256,0.2256,0.0835,0.2865,0.9023,0.4511,0.2256,0.0,27.2932,33.3835,3.1579,1.8045,2.9323,1.3534,0.0,11.7293,1.1278,0.0,0.9023,52.782,1.1278,0.0,0.4511,3.8346,0.6767,0.0,0.0,0.9023,0.0,0.0,0.0,0.0,0.0
0,2,0.36,0.74,7,1,4,0,304,334,7,18,32,3,0,69,2,0,10,407,3,0,4,28,4,3,0,2,0,1,0,0,0,508,7,984622,Mario Soriano,mario-soriano,Deportivo de A Coruña,2832,La Liga,Midfielder,2026/27,0.0,0.3543,0.0638,0.1311,1.2402,0.1772,0.7087,0.0,53.8583,59.1732,1.2402,3.189,5.6693,0.5315,0.0,12.2244,0.3543,0.0,1.7717,72.1063,0.5315,0.0,0.7087,4.9606,0.7087,0.5315,0.0,0.3543,0.0,0.1772,0.0,0.0,0.0
5,2,3.16,0.5,17,10,1,3,80,103,9,2,3,3,0,39,4,0,2,173,2,0,3,12,8,3,0,4,0,0,0,0,0,560,7,51498,Pierre-Emerick Aubameyang,pierre-emerick-aubameyang,Deportivo de A Coruña,2832,La Liga,Forward,2026/27,0.8036,0.3214,0.5079,0.0804,2.7321,1.6071,0.1607,0.4821,12.8571,16.5536,1.4464,0.3214,0.4821,0.4821,0.0,6.2679,0.6429,0.0,0.3214,27.8036,0.3214,0.0,0.4821,1.9286,1.2857,0.4821,0.0,0.6429,0.0,0.0,0.0,0.0,0.0
0,0,0.25,0.12,4,0,0,0,191,221,1,11,20,0,0,35,0,0,1,363,9,0,9,15,26,0,0,4,0,2,0,0,0,533,6,150864,Ximo Navarro,ximo-navarro,Deportivo de A Coruña,2832,La Liga,Defender,2026/27,0.0,0.0,0.0422,0.0203,0.6754,0.0,0.0,0.0,32.2514,37.3171,0.1689,1.8574,3.3771,0.0,0.0,5.9099,0.0,0.0,0.1689,61.2946,1.5197,0.0,1.5197,2.5328,4.3902,0.0,0.0,0.6754,0.0,0.3377,0.0,0.0,0.0
1,0,0.04,0.12,1,1,0,0,144,173,2,2,12,1,0,35,2,0,3,282,11,0,3,8,16,0,1,2,0,0,0,0,0,540,7,1542721,Buba Sangaré,sangare-buba,Elche,2846,La Liga,Defender,2026/27,0.1667,0.0,0.0067,0.02,0.1667,0.1667,0.0,0.0,24.0,28.8333,0.3333,0.3333,2.0,0.1667,0.0,5.8333,0.3333,0.0,0.5,47.0,1.8333,0.0,0.5,1.3333,2.6667,0.0,0.1667,0.3333,0.0,0.0,0.0,0.0,0.0
0,0,0.05,0.16,1,0,1,0,201,214,2,9,14,0,0,16,1,0,1,272,7,0,9,26,11,1,1,1,0,1,1,0,0,327,5,1117026,Federico Redondo,federico-redondo,Elche,2846,La Liga,Midfielder,2026/27,0.0,0.0,0.0138,0.044,0.2752,0.0,0.2752,0.0,55.3211,58.8991,0.5505,2.4771,3.8532,0.0,0.0,4.4037,0.2752,0.0,0.2752,74.8624,1.9266,0.0,2.4771,7.156,3.0275,0.2752,0.2752,0.2752,0.0,0.2752,0.2752,0.0,0.0
5,0,2.9,0.21,11,9,1,2,77,108,2,1,1,0,0,27,6,0,7,202,5,0,2,13,8,1,0,20,0,2,0,0,0,470,7,1016019,Fernando Niño,fernando-nino,Elche,2846,La Liga,Forward,2026/27,0.9574,0.0,0.5553,0.0402,2.1064,1.7234,0.1915,0.383,14.7447,20.6809,0.383,0.1915,0.1915,0.0,0.0,5.1702,1.1489,0.0,1.3404,38.6809,0.9574,0.0,0.383,2.4894,1.5319,0.1915,0.0,3.8298,0.0,0.383,0.0,0.0,0.0
1,0,0.37,0.94,3,1,1,0,166,192,12,7,14,9,0,64,7,0,7,328,4,0,4,20,9,1,0,3,0,1,0,1,0,572,7,962710,Germán Valera,german-valera,Elche,2846,La Liga,Midfielder,2026/27,0.1573,0.0,0.0582,0.1479,0.472,0.1573,0.1573,0.0,26.1189,30.2098,1.8881,1.1014,2.2028,1.4161,0.0,10.0699,1.1014,0.0,1.1014,51.6084,0.6294,0.0,0.6294,3.1469,1.4161,0.1573,0.0,0.472,0.0,0.1573,0.0,0.1573,0.0
0,1,0.21,1.08,4,3,2,0,300,340,8,7,14,6,0,72,6,0,7,443,7,0,5,30,3,1,0,7,0,2,0,0,0,573,7,914765,Gonzalo Villar,gonzalo-villar,Elche,2846,La Liga,Midfielder,2026/27,0.0,0.1571,0.033,0.1696,0.6283,0.4712,0.3141,0.0,47.1204,53.4031,1.2565,1.0995,2.199,0.9424,0.0,11.3089,0.9424,0.0,1.0995,69.5812,1.0995,0.0,0.7853,4.712,0.4712,0.1571,0.0,1.0995,0.0,0.3141,0.0,0.0,0.0
0,0,0.02,0.03,1,1,0,0,103,112,1,5,7,0,0,9,0,0,2,157,7,0,6,16,14,0,0,2,0,0,0,0,0,307,5,1832076,Javi Morcillo,javi-morcillo,Elche,2846,La Liga,Midfielder,2026/27,0.0,0.0,0.0059,0.0088,0.2932,0.2932,0.0,0.0,30.1954,32.8339,0.2932,1.4658,2.0521,0.0,0.0,2.6384,0.0,0.0,0.5863,46.0261,2.0521,0.0,1.759,4.6906,4.1042,0.0,0.0,0.5863,0.0,0.0,0.0,0.0,0.0
0,3,0.14,0.44,5,1,2,0,119,147,5,5,12,4,0,53,5,0,3,246,1,0,5,20,3,0,0,1,0,1,0,0,0,398,7,605374,Tete Morente,tete-morente,Elche,2846,La Liga,Midfielder,2026/27,0.0,0.6784,0.0317,0.0995,1.1307,0.2261,0.4523,0.0,26.9095,33.2412,1.1307,1.1307,2.7136,0.9045,0.0,11.9849,1.1307,0.0,0.6784,55.6281,0.2261,0.0,1.1307,4.5226,0.6784,0.0,0.0,0.2261,0.0,0.2261,0.0,0.0,0.0
0,1,0.43,0.4,4,1,1,1,437,483,3,40,59,1,0,54,1,0,1,569,6,0,7,32,23,0,0,14,0,0,0,0,1,630,7,855831,Víctor Chust,victor-chust,Elche,2846,La Liga,Defender,2026/27,0.0,0.1429,0.0614,0.0571,0.5714,0.1429,0.1429,0.1429,62.4286,69.0,0.4286,5.7143,8.4286,0.1429,0.0,7.7143,0.1429,0.0,0.1429,81.2857,0.8571,0.0,1.0,4.5714,3.2857,0.0,0.0,2.0,0.0,0.0,0.0,0.0,0.1429
0,0,0.04,0.06,2,2,0,0,196,232,0,8,29,0,0,23,0,0,1,286,3,0,3,15,25,0,0,10,0,3,0,0,0,375,6,1129360,Clemens Riedel,clemens-riedel,Espanyol,2814,La Liga,Defender,2026/27,0.0,0.0,0.0096,0.0144,0.48,0.48,0.0,0.0,47.04,55.68,0.0,1.92,6.96,0.0,0.0,5.52,0.0,0.0,0.24,68.64,0.72,0.0,0.72,3.6,6.0,0.0,0.0,2.4,0.0,0.72,0.0,0.0,0.0
0,0,1.03,1.53,16,1,2,1,288,332,16,10,24,9,0,100,11,0,9,469,9,0,2,34,11,6,0,7,0,2,0,0,0,558,7,877262,Edu Expósito,edu-exposito,Espanyol,2814,La Liga,Midfielder,2026/27,0.0,0.0,0.1661,0.2468,2.5806,0.1613,0.3226,0.1613,46.4516,53.5484,2.5806,1.6129,3.871,1.4516,0.0,16.129,1.7742,0.0,1.4516,75.6452,1.4516,0.0,0.3226,5.4839,1.7742,0.9677,0.0,1.129,0.0,0.3226,0.0,0.0,0.0
0,4,0.76,1.03,11,4,5,0,115,141,13,5,9,2,0,49,6,0,23,286,4,0,1,21,1,3,0,0,0,1,0,0,0,561,7,1514913,Javier Hernández,hernandez-javier,Espanyol,2814,La Liga,Midfielder,2026/27,0.0,0.6417,0.1219,0.1652,1.7647,0.6417,0.8021,0.0,18.4492,22.6203,2.0856,0.8021,1.4439,0.3209,0.0,7.861,0.9626,0.0,3.6898,45.8824,0.6417,0.0,0.1604,3.369,0.1604,0.4813,0.0,0.0,0.0,0.1604,0.0,0.0,0.0
0,0,0.18,0.2,2,0,0,0,191,216,0,11,21,0,0,26,0,0,0,270,1,0,4,8,34,1,0,15,0,0,0,0,0,360,4,81992,Leandro Cabrera,leandro-cabrera,Espanyol,2814,La Liga,Defender,2026/27,0.0,0.0,0.045,0.05,0.5,0.0,0.0,0.0,47.75,54.0,0.0,2.75,5.25,0.0,0.0,6.5,0.0,0.0,0.0,67.5,0.25,0.0,1.0,2.0,8.5,0.25,0.0,3.75,0.0,0.0,0.0,0.0,0.0
0,1,0.0,0.93,0,0,1,0,127,156,3,6,13,6,0,28,3,0,0,321,6,0,6,12,27,0,0,10,0,1,1,0,0,525,6,1064026,Omar El Hilali,omar-el-hilali,Espanyol,2814,La Liga,Defender,2026/27,0.0,0.1714,0.0,0.1594,0.0,0.0,0.1714,0.0,21.7714,26.7429,0.5143,1.0286,2.2286,1.0286,0.0,4.8,0.5143,0.0,0.0,55.0286,1.0286,0.0,1.0286,2.0571,4.6286,0.0,0.0,1.7143,0.0,0.1714,0.1714,0.0,0.0
6,0,3.38,0.36,16,6,0,3,52,79,4,1,3,0,0,16,2,0,3,150,2,0,1,8,8,2,0,15,0,0,0,0,0,613,7,1392592,Roberto Fernández,roberto-fernandez,Espanyol,2814,La Liga,Forward,2026/27,0.8809,0.0,0.4962,0.0529,2.3491,0.8809,0.0,0.4405,7.6346,11.5987,0.5873,0.1468,0.4405,0.0,0.0,2.3491,0.2936,0.0,0.4405,22.0228,0.2936,0.0,0.1468,1.1746,1.1746,0.2936,0.0,2.2023,0.0,0.0,0.0,0.0,0.0
0,0,0.06,0.29,1,0,0,0,221,267,2,12,32,1,0,55,1,0,2,372,12,0,5,25,19,0,1,7,0,2,0,0,0,536,7,2065347,Roger Hinojo,roger-hinojo,Espanyol,2814,La Liga,Defender,2026/27,0.0,0.0,0.0101,0.0487,0.1679,0.0,0.0,0.0,37.1082,44.8321,0.3358,2.0149,5.3731,0.1679,0.0,9.2351,0.1679,0.0,0.3358,62.4627,2.0149,0.0,0.8396,4.1978,3.1903,0.0,0.1679,1.1754,0.0,0.3358,0.0,0.0,0.0
1,0,0.35,0.53,6,1,0,0,96,114,2,1,4,4,0,36,5,0,6,209,3,0,6,29,3,2,1,1,0,0,0,0,0,433,6,1063015,Tyrhys Dolan,tyrhys-dolan,Espanyol,2814,La Liga,Midfielder,2026/27,0.2079,0.0,0.0727,0.1102,1.2471,0.2079,0.0,0.0,19.9538,23.6952,0.4157,0.2079,0.8314,0.8314,0.0,7.4827,1.0393,0.0,1.2471,43.4411,0.6236,0.0,1.2471,6.0277,0.6236,0.4157,0.2079,0.2079,0.0,0.0,0.0,0.0,0.0
0,0,0.08,0.45,2,0,0,0,250,291,3,18,36,0,0,29,1,0,0,356,5,0,7,21,26,0,0,10,0,0,0,0,0,423,5,892521,Unai Núñez,unai-nunez,Espanyol,2814,La Liga,Defender,2026/27,0.0,0.0,0.017,0.0957,0.4255,0.0,0.0,0.0,53.1915,61.9149,0.6383,3.8298,7.6596,0.0,0.0,6.1702,0.2128,0.0,0.0,75.7447,1.0638,0.0,1.4894,4.4681,5.5319,0.0,0.0,2.1277,0.0,0.0,0.0,0.0,0.0
0,0,0.01,0.11,1,0,0,0,161,178,1,7,10,0,0,36,1,0,2,234,3,0,5,15,10,1,0,3,0,2,0,0,0,442,7,1064009,Urko González,urko-gonzalez,Espanyol,2814,La Liga,Midfielder,2026/27,0.0,0.0,0.002,0.0224,0.2036,0.0,0.0,0.0,32.7828,36.2443,0.2036,1.4253,2.0362,0.0,0.0,7.3303,0.2036,0.0,0.4072,47.6471,0.6109,0.0,1.0181,3.0543,2.0362,0.2036,0.0,0.6109,0.0,0.4072,0.0,0.0,0.0
1,0,0.86,0.31,11,5,0,0,85,125,3,1,4,0,0,36,5,0,9,205,7,0,2,14,4,1,1,6,0,3,0,0,0,388,7,1136863,Álex Calatrava,alex-calatrava,Espanyol,2814,La Liga,Midfielder,2026/27,0.232,0.0,0.1995,0.0719,2.5515,1.1598,0.0,0.0,19.7165,28.9948,0.6959,0.232,0.9278,0.0,0.0,8.3505,1.1598,0.0,2.0876,47.5515,1.6237,0.0,0.4639,3.2474,0.9278,0.232,0.232,1.3918,0.0,0.6959,0.0,0.0,0.0
0,1,0.54,0.23,4,0,0,2,337,346,1,2,3,0,0,26,0,0,1,399,2,0,7,19,21,2,0,12,0,0,0,0,0,402,6,186795,Andreas Christensen,andreas-christensen,FC Barcelona,2817,La Liga,Defender,2026/27,0.0,0.2239,0.1209,0.0515,0.8955,0.0,0.0,0.4478,75.4478,77.4627,0.2239,0.4478,0.6716,0.0,0.0,5.8209,0.0,0.0,0.2239,89.3284,0.4478,0.0,1.5672,4.2537,4.7015,0.4478,0.0,2.6866,0.0,0.0,0.0,0.0,0.0
0,4,2.12,0.94,12,4,3,3,115,128,7,3,3,0,0,49,12,0,6,200,2,0,0,9,2,2,0,1,0,0,0,0,0,397,6,914902,Anthony Gordon,anthony-gordon,FC Barcelona,2817,La Liga,Forward,2026/27,0.0,0.9068,0.4806,0.2131,2.7204,0.9068,0.6801,0.6801,26.0705,29.0176,1.5869,0.6801,0.6801,0.0,0.0,11.1083,2.7204,0.0,1.3602,45.3401,0.4534,0.0,0.0,2.0403,0.4534,0.4534,0.0,0.2267,0.0,0.0,0.0,0.0,0.0
0,0,0.15,0.53,4,0,1,0,393,437,5,8,16,0,0,90,2,0,0,548,10,0,5,26,16,1,0,5,0,0,0,0,0,469,6,876214,Eric García,eric-garcia,FC Barcelona,2817,La Liga,Defender,2026/27,0.0,0.0,0.0288,0.1017,0.7676,0.0,0.1919,0.0,75.4158,83.8593,0.9595,1.5352,3.0704,0.0,0.0,17.2708,0.3838,0.0,0.0,105.1599,1.919,0.0,0.9595,4.9893,3.0704,0.1919,0.0,0.9595,0.0,0.0,0.0,0.0,0.0
4,2,2.74,0.82,11,8,3,2,183,220,11,5,13,4,0,67,8,0,10,319,4,0,2,12,2,2,0,4,0,1,0,0,0,447,6,1153270,Fermín López,fermin-lopez,FC Barcelona,2817,La Liga,Midfielder,2026/27,0.8054,0.4027,0.5517,0.1651,2.2148,1.6107,0.604,0.4027,36.8456,44.2953,2.2148,1.0067,2.6174,0.8054,0.0,13.4899,1.6107,0.0,2.0134,64.2282,0.8054,0.0,0.4027,2.4161,0.4027,0.4027,0.0,0.8054,0.0,0.2013,0.0,0.0,0.0
0,0,0.1,0.1,1,0,0,0,378,402,0,8,20,0,0,57,1,0,0,463,2,0,7,10,28,0,0,7,0,1,0,0,0,436,6,1094827,Gerard Martín,gerard-martin,FC Barcelona,2817,La Liga,Defender,2026/27,0.0,0.0,0.0206,0.0206,0.2064,0.0,0.0,0.0,78.0275,82.9817,0.0,1.6514,4.1284,0.0,0.0,11.7661,0.2064,0.0,0.0,95.5734,0.4128,0.0,1.445,2.0642,5.7798,0.0,0.0,1.445,0.0,0.2064,0.0,0.0,0.0
7,4,6.08,2.65,38,14,10,4,279,344,28,5,13,4,0,135,30,0,11,523,1,0,2,16,2,9,0,0,0,1,0,1,0,581,7,1402912,Lamine Yamal,lamine-yamal,FC Barcelona,2817,La Liga,Midfielder,2026/27,1.0843,0.6196,0.9418,0.4105,5.8864,2.1687,1.5491,0.6196,43.2186,53.2874,4.3373,0.7745,2.0138,0.6196,0.0,20.9122,4.6472,0.0,1.704,81.0155,0.1549,0.0,0.3098,2.4785,0.3098,1.3941,0.0,0.0,0.0,0.1549,0.0,0.1549,0.0
0,0,0.47,0.11,3,0,0,1,456,484,0,16,29,0,0,42,0,0,0,542,5,0,6,13,21,1,0,16,0,1,0,0,0,422,5,1402913,Pau Cubarsí,pau-cubarsi,FC Barcelona,2817,La Liga,Defender,2026/27,0.0,0.0,0.1002,0.0235,0.6398,0.0,0.0,0.2133,97.2512,103.2227,0.0,3.4123,6.1848,0.0,0.0,8.9573,0.0,0.0,0.0,115.5924,1.0664,0.0,1.2796,2.7725,4.4787,0.2133,0.0,3.4123,0.0,0.2133,0.0,0.0,0.0
1,1,0.53,1.5,6,1,1,0,391,423,15,16,21,3,0,135,4,0,5,506,6,0,0,44,5,1,0,0,0,0,0,0,0,502,7,992587,Pedri,pedri,FC Barcelona,2817,La Liga,Midfielder,2026/27,0.1793,0.1793,0.095,0.2689,1.0757,0.1793,0.1793,0.0,70.0996,75.8367,2.6892,2.8685,3.7649,0.5378,0.0,24.2032,0.7171,0.0,0.8964,90.7171,1.0757,0.0,0.0,7.8884,0.8964,0.1793,0.0,0.0,0.0,0.0,0.0,0.0,0.0
12,3,8.84,1.49,25,16,4,6,160,190,14,4,10,7,0,61,12,0,3,281,2,0,0,7,2,6,0,1,0,0,0,2,0,555,7,831005,Raphinha,raphinha,FC Barcelona,2817,La Liga,Midfielder,2026/27,1.9459,0.4865,1.4335,0.2416,4.0541,2.5946,0.6486,0.973,25.9459,30.8108,2.2703,0.6486,1.6216,1.1351,0.0,9.8919,1.9459,0.0,0.4865,45.5676,0.3243,0.0,0.0,1.1351,0.3243,0.973,0.0,0.1622,0.0,0.0,0.0,0.3243,0.0
0,0,0.81,0.54,4,0,2,1,368,391,5,26,28,0,0,81,1,0,1,446,8,0,9,26,8,1,0,3,0,1,0,0,0,356,6,827606,Rodri,rodri,FC Barcelona,2817,La Liga,Midfielder,2026/27,0.0,0.0,0.2048,0.1365,1.0112,0.0,0.5056,0.2528,93.0337,98.8483,1.264,6.573,7.0787,0.0,0.0,20.4775,0.2528,0.0,0.2528,112.7528,2.0225,0.0,2.2753,6.573,2.0225,0.2528,0.0,0.7584,0.0,0.2528,0.0,0.0,0.0
1,2,0.15,0.42,4,2,3,0,213,246,4,5,14,1,0,41,5,0,1,370,9,0,7,27,15,0,1,6,0,1,0,0,0,440,5,1546073,Xavi Espart,xavi-espart,FC Barcelona,2817,La Liga,Defender,2026/27,0.2045,0.4091,0.0307,0.0859,0.8182,0.4091,0.6136,0.0,43.5682,50.3182,0.8182,1.0227,2.8636,0.2045,0.0,8.3864,1.0227,0.0,0.2045,75.6818,1.8409,0.0,1.4318,5.5227,3.0682,0.0,0.2045,1.2273,0.0,0.2045,0.0,0.0,0.0
0,0,0.21,0.2,6,1,0,0,126,147,5,11,21,4,0,30,6,0,6,279,8,0,3,22,10,0,0,0,0,0,0,0,0,472,6,1457536,Andrés García,andres-garcia,Getafe,2859,La Liga,Defender,2026/27,0.0,0.0,0.04,0.0381,1.1441,0.1907,0.0,0.0,24.0254,28.0297,0.9534,2.0975,4.0042,0.7627,0.0,5.7203,1.1441,0.0,1.1441,53.1992,1.5254,0.0,0.572,4.1949,1.9068,0.0,0.0,0.0,0.0,0.0,0.0,0.0,0.0
0,0,0.0,0.11,0,0,0,0,208,250,1,15,47,2,0,19,1,0,1,322,5,0,9,38,29,0,0,7,0,2,0,0,1,596,7,307702,Djené,djene,Getafe,2859,La Liga,Defender,2026/27,0.0,0.0,0.0,0.0166,0.0,0.0,0.0,0.0,31.4094,37.7517,0.151,2.2651,7.0973,0.302,0.0,2.8691,0.151,0.0,0.151,48.6242,0.755,0.0,1.3591,5.7383,4.3792,0.0,0.0,1.057,0.0,0.302,0.0,0.0,0.151
1,0,1.34,0.12,10,2,0,0,66,102,4,1,3,1,0,29,0,0,12,212,5,0,0,10,4,2,0,19,0,2,0,0,0,540,7,336655,Enes Ünal,enes-unal,Getafe,2859,La Liga,Forward,2026/27,0.1667,0.0,0.2233,0.02,1.6667,0.3333,0.0,0.0,11.0,17.0,0.6667,0.1667,0.5,0.1667,0.0,4.8333,0.0,0.0,2.0,35.3333,0.8333,0.0,0.0,1.6667,0.6667,0.3333,0.0,3.1667,0.0,0.3333,0.0,0.0,0.0
0,0,0.11,0.15,3,1,0,0,105,122,0,10,15,0,0,43,1,0,3,171,1,0,5,12,4,1,0,1,0,1,0,0,0,351,5,1000676,Francho Serrano,serrano-francho,Getafe,2859,La Liga,Midfielder,2026/27,0.0,0.0,0.0282,0.0385,0.7692,0.2564,0.0,0.0,26.9231,31.2821,0.0,2.5641,3.8462,0.0,0.0,11.0256,0.2564,0.0,0.7692,43.8462,0.2564,0.0,1.2821,3.0769,1.0256,0.2564,0.0,0.2564,0.0,0.2564,0.0,0.0,0.0
0,0,0.15,0.58,5,0,0,0,114,164,8,15,38,13,0,31,3,0,5,382,6,0,3,24,21,0,0,5,0,3,0,0,0,495,6,344847,Johan Mojica,johan-mojica,Getafe,2859,La Liga,Defender,2026/27,0.0,0.0,0.0273,0.1055,0.9091,0.0,0.0,0.0,20.7273,29.8182,1.4545,2.7273,6.9091,2.3636,0.0,5.6364,0.5455,0.0,0.9091,69.4545,1.0909,0.0,0.5455,4.3636,3.8182,0.0,0.0,0.9091,0.0,0.5455,0.0,0.0,0.0
0,0,0.31,0.08,6,2,0,1,70,91,1,8,10,0,0,23,0,0,3,152,1,0,3,12,6,0,0,5,0,2,1,0,0,333,4,1154549,Mario Martín,martin-mario,Getafe,2859,La Liga,Midfielder,2026/27,0.0,0.0,0.0838,0.0216,1.6216,0.5405,0.0,0.2703,18.9189,24.5946,0.2703,2.1622,2.7027,0.0,0.0,6.2162,0.0,0.0,0.8108,41.0811,0.2703,0.0,0.8108,3.2432,1.6216,0.0,0.0,1.3514,0.0,0.5405,0.2703,0.0,0.0
1,1,0.77,0.28,14,3,1,1,72,117,6,2,4,0,0,32,9,0,10,225,1,0,2,16,7,3,0,13,0,0,0,0,0,544,7,973536,Martín Satriano,martin-satriano,Getafe,2859,La Liga,Forward,2026/27,0.1654,0.1654,0.1274,0.0463,2.3162,0.4963,0.1654,0.1654,11.9118,19.3566,0.9926,0.3309,0.6618,0.0,0.0,5.2941,1.489,0.0,1.6544,37.2243,0.1654,0.0,0.3309,2.6471,1.1581,0.4963,0.0,2.1507,0.0,0.0,0.0,0.0,0.0
0,0,0.13,0.25,5,0,1,0,74,99,2,6,14,1,0,13,1,0,0,144,3,0,5,7,11,3,0,8,0,2,0,0,0,374,5,68332,Nemanja Gudelj,nemanja-gudelj,Getafe,2859,La Liga,Midfielder,2026/27,0.0,0.0,0.0313,0.0602,1.2032,0.0,0.2406,0.0,17.8075,23.8235,0.4813,1.4439,3.369,0.2406,0.0,3.1283,0.2406,0.0,0.0,34.6524,0.7219,0.0,1.2032,1.6845,2.6471,0.7219,0.0,1.9251,0.0,0.4813,0.0,0.0,0.0
0,0,0.17,0.1,3,0,0,0,162,183,2,7,9,0,0,38,3,0,6,250,2,0,14,18,6,2,0,3,0,1,0,0,0,554,7,793988,Orel Mangala,orel-mangala,Getafe,2859,La Liga,Midfielder,2026/27,0.0,0.0,0.0276,0.0162,0.4874,0.0,0.0,0.0,26.3177,29.7292,0.3249,1.1372,1.4621,0.0,0.0,6.1733,0.4874,0.0,0.9747,40.6137,0.3249,0.0,2.2744,2.9242,0.9747,0.3249,0.0,0.4874,0.0,0.1625,0.0,0.0,0.0
1,0,0.99,1.09,17,6,0,2,129,162,10,6,18,5,0,55,11,0,4,293,2,0,3,26,9,0,0,8,0,2,0,0,0,532,6,1088565,Ramón Terrats,ramon-terrats,Getafe,2859,La Liga,Midfielder,2026/27,0.1692,0.0,0.1675,0.1844,2.8759,1.015,0.0,0.3383,21.8233,27.406,1.6917,1.015,3.0451,0.8459,0.0,9.3045,1.8609,0.0,0.6767,49.5677,0.3383,0.0,0.5075,4.3985,1.5226,0.0,0.0,1.3534,0.0,0.3383,0.0,0.0,0.0
0,0,0.04,0.1,1,0,0,0,195,234,1,21,40,0,0,29,9,0,5,349,5,0,12,38,32,1,0,8,0,0,1,0,0,517,6,1108450,Zaid Romero,zaid-romero,Getafe,2859,La Liga,Defender,2026/27,0.0,0.0,0.007,0.0174,0.1741,0.0,0.0,0.0,33.9458,40.735,0.1741,3.6557,6.9632,0.0,0.0,5.0484,1.5667,0.0,0.8704,60.7544,0.8704,0.0,2.089,6.6151,5.5706,0.1741,0.0,1.3926,0.0,0.0,0.1741,0.0,0.0
1,0,0.46,0.95,7,2,1,0,260,312,2,37,74,1,0,42,1,0,1,412,3,0,8,23,29,2,0,5,0,1,0,0,0,521,6,997244,Adrián de la Fuente,adrian-de-la-fuente,Levante UD,2849,La Liga,Defender,2026/27,0.1727,0.0,0.0795,0.1641,1.2092,0.3455,0.1727,0.0,44.9136,53.8964,0.3455,6.3916,12.7831,0.1727,0.0,7.2553,0.1727,0.0,0.1727,71.1708,0.5182,0.0,1.382,3.9731,5.0096,0.3455,0.0,0.8637,0.0,0.1727,0.0,0.0,0.0
0,0,0.05,0.05,1,0,1,0,272,293,2,16,27,0,0,15,2,0,0,366,6,0,8,17,32,0,0,11,0,2,0,0,1,513,6,122810,Aïssa Mandi,aissa-mandi,Levante UD,2849,La Liga,Defender,2026/27,0.0,0.0,0.0088,0.0088,0.1754,0.0,0.1754,0.0,47.7193,51.4035,0.3509,2.807,4.7368,0.0,0.0,2.6316,0.3509,0.0,0.0,64.2105,1.0526,0.0,1.4035,2.9825,5.614,0.0,0.0,1.9298,0.0,0.3509,0.0,0.0,0.1754
1,1,0.06,0.52,2,1,1,0,97,116,8,1,2,4,0,26,2,0,3,172,5,0,4,12,0,0,0,1,0,0,0,0,0,380,6,996974,Enzo Bardeli,bardeli-enzo,Levante UD,2849,La Liga,Midfielder,2026/27,0.2368,0.2368,0.0142,0.1232,0.4737,0.2368,0.2368,0.0,22.9737,27.4737,1.8947,0.2368,0.4737,0.9474,0.0,6.1579,0.4737,0.0,0.7105,40.7368,1.1842,0.0,0.9474,2.8421,0.0,0.0,0.0,0.2368,0.0,0.0,0.0,0.0,0.0
2,0,3.07,0.17,16,7,1,4,49,66,3,1,1,0,0,17,5,0,7,146,2,0,0,13,2,3,0,8,0,1,0,0,0,379,6,1014042,Iván Romero,ivan-romero,Levante UD,2849,La Liga,Forward,2026/27,0.4749,0.0,0.729,0.0404,3.7995,1.6623,0.2375,0.9499,11.6359,15.6728,0.7124,0.2375,0.2375,0.0,0.0,4.0369,1.1873,0.0,1.6623,34.6702,0.4749,0.0,0.0,3.0871,0.4749,0.7124,0.0,1.8997,0.0,0.2375,0.0,0.0,0.0
1,1,0.62,0.76,6,3,3,0,115,179,10,8,27,5,0,42,4,0,5,278,8,0,5,20,4,1,1,5,0,0,0,0,0,505,6,1010383,Jon Ander Olasagasti,jon-ander-olasagasti,Levante UD,2849,La Liga,Midfielder,2026/27,0.1782,0.1782,0.1105,0.1354,1.0693,0.5347,0.5347,0.0,20.495,31.901,1.7822,1.4257,4.8119,0.8911,0.0,7.4851,0.7129,0.0,0.8911,49.5446,1.4257,0.0,0.8911,3.5644,0.7129,0.1782,0.1782,0.8911,0.0,0.0,0.0,0.0,0.0
0,0,0.01,0.11,1,0,0,0,219,262,1,17,39,1,0,30,3,0,3,407,18,0,6,21,17,0,0,4,0,0,0,0,0,521,6,984789,Manuel Sánchez,manuel-sanchez,Levante UD,2849,La Liga,Defender,2026/27,0.0,0.0,0.0017,0.019,0.1727,0.0,0.0,0.0,37.8311,45.2591,0.1727,2.9367,6.737,0.1727,0.0,5.1823,0.5182,0.0,0.5182,70.3071,3.1094,0.0,1.0365,3.6276,2.9367,0.0,0.0,0.691,0.0,0.0,0.0,0.0,0.0
0,0,0.02,0.09,1,0,0,0,160,180,1,9,13,0,0,38,0,0,6,245,4,0,3,23,12,0,0,5,0,0,0,0,0,473,6,859769,Oriol Rey,oriol-rey,Levante UD,2849,La Liga,Midfielder,2026/27,0.0,0.0,0.0038,0.0171,0.1903,0.0,0.0,0.0,30.444,34.2495,0.1903,1.7125,2.4736,0.0,0.0,7.2304,0.0,0.0,1.1416,46.6173,0.7611,0.0,0.5708,4.3763,2.2833,0.0,0.0,0.9514,0.0,0.0,0.0,0.0,0.0
3,0,2.77,0.25,13,5,0,2,55,77,2,4,6,0,0,16,1,0,4,154,5,0,1,16,3,2,0,6,0,0,0,0,0,444,5,909554,Roger Brugué,roger-brugue,Levante UD,2849,La Liga,Midfielder,2026/27,0.6081,0.0,0.5615,0.0507,2.6351,1.0135,0.0,0.4054,11.1486,15.6081,0.4054,0.8108,1.2162,0.0,0.0,3.2432,0.2027,0.0,0.8108,31.2162,1.0135,0.0,0.2027,3.2432,0.6081,0.4054,0.0,1.2162,0.0,0.0,0.0,0.0,0.0
1,0,0.33,0.31,4,3,0,0,211,250,5,6,11,0,0,63,4,0,5,309,8,0,4,25,3,0,0,2,0,0,0,0,0,467,6,997221,Carlos Dotor,carlos-dotor,Málaga CF,2830,La Liga,Midfielder,2026/27,0.1927,0.0,0.0636,0.0597,0.7709,0.5782,0.0,0.0,40.6638,48.1799,0.9636,1.1563,2.1199,0.0,0.0,12.1413,0.7709,0.0,0.9636,59.5503,1.5418,0.0,0.7709,4.818,0.5782,0.0,0.0,0.3854,0.0,0.0,0.0,0.0,0.0
0,0,0.02,0.12,1,0,0,0,136,172,2,2,9,0,0,36,13,0,5,305,9,0,6,12,12,0,0,2,0,2,0,0,0,343,6,1164708,Carlos Puga,carlos-puga,Málaga CF,2830,La Liga,Defender,2026/27,0.0,0.0,0.0052,0.0315,0.2624,0.0,0.0,0.0,35.6851,45.1312,0.5248,0.5248,2.3615,0.0,0.0,9.4461,3.4111,0.0,1.312,80.0292,2.3615,0.0,1.5743,3.1487,3.1487,0.0,0.0,0.5248,0.0,0.5248,0.0,0.0,0.0
1,0,3.03,0.12,15,3,0,2,64,99,3,0,2,0,0,28,2,0,1,175,4,0,1,6,9,4,0,11,0,1,0,0,0,563,7,1913386,Chupete,chupete,Málaga CF,2830,La Liga,Forward,2026/27,0.1599,0.0,0.4844,0.0192,2.3979,0.4796,0.0,0.3197,10.2309,15.8259,0.4796,0.0,0.3197,0.0,0.0,4.476,0.3197,0.0,0.1599,27.9751,0.6394,0.0,0.1599,0.9591,1.4387,0.6394,0.0,1.7584,0.0,0.1599,0.0,0.0,0.0
0,0,0.23,0.21,2,0,0,1,247,265,4,15,20,0,0,57,11,0,7,333,4,0,4,26,3,1,1,0,0,1,0,0,0,411,6,1465424,Dani Lorenzo,dani-lorenzo,Málaga CF,2830,La Liga,Midfielder,2026/27,0.0,0.0,0.0504,0.046,0.438,0.0,0.0,0.219,54.0876,58.0292,0.8759,3.2847,4.3796,0.0,0.0,12.4818,2.4088,0.0,1.5328,72.9197,0.8759,0.0,0.8759,5.6934,0.6569,0.219,0.219,0.0,0.0,0.219,0.0,0.0,0.0
0,0,0.63,0.55,12,2,0,0,147,182,10,9,11,0,0,72,16,0,14,346,10,0,6,27,1,5,0,1,0,3,0,0,0,574,7,1002405,David Larrubia,david-larrubia,Málaga CF,2830,La Liga,Midfielder,2026/27,0.0,0.0,0.0988,0.0862,1.8815,0.3136,0.0,0.0,23.0488,28.5366,1.5679,1.4111,1.7247,0.0,0.0,11.2892,2.5087,0.0,2.1951,54.2509,1.5679,0.0,0.9408,4.2334,0.1568,0.784,0.0,0.1568,0.0,0.4704,0.0,0.0,0.0
0,0,0.0,0.03,0,0,0,0,328,361,0,10,30,0,0,10,5,0,0,421,5,0,7,13,25,0,0,1,0,2,0,0,0,469,6,344797,Einar Galilea,einar-galilea,Málaga CF,2830,La Liga,Defender,2026/27,0.0,0.0,0.0,0.0058,0.0,0.0,0.0,0.0,62.9424,69.2751,0.0,1.919,5.7569,0.0,0.0,1.919,0.9595,0.0,0.0,80.7889,0.9595,0.0,1.3433,2.4947,4.7974,0.0,0.0,0.1919,0.0,0.3838,0.0,0.0,0.0
0,0,0.05,0.11,1,0,0,0,249,267,3,15,21,0,0,44,0,0,1,291,3,0,3,12,5,0,0,0,0,0,0,0,0,421,6,1493488,Izan Merino,izan-merino,Málaga CF,2830,La Liga,Midfielder,2026/27,0.0,0.0,0.0107,0.0235,0.2138,0.0,0.0,0.0,53.2304,57.0784,0.6413,3.2067,4.4893,0.0,0.0,9.4062,0.0,0.0,0.2138,62.209,0.6413,0.0,0.6413,2.5653,1.0689,0.0,0.0,0.0,0.0,0.0,0.0,0.0,0.0
0,0,0.16,0.28,5,0,0,0,82,101,4,2,7,2,0,33,6,0,6,170,3,0,1,15,1,3,0,0,0,0,0,0,0,389,7,904964,Joaquín Muñoz,joaquin-munoz,Málaga CF,2830,La Liga,Midfielder,2026/27,0.0,0.0,0.037,0.0648,1.1568,0.0,0.0,0.0,18.9717,23.3676,0.9254,0.4627,1.6195,0.4627,0.0,7.635,1.3882,0.0,1.3882,39.3316,0.6941,0.0,0.2314,3.4704,0.2314,0.6941,0.0,0.0,0.0,0.0,0.0,0.0,0.0
0,0,0.02,0.04,1,0,0,0,134,150,1,1,3,0,0,24,2,0,1,215,5,0,4,10,8,1,0,4,0,1,0,0,0,360,6,1068891,Jose Salinas,jose-salinas,Málaga CF,2830,La Liga,Defender,2026/27,0.0,0.0,0.005,0.01,0.25,0.0,0.0,0.0,33.5,37.5,0.25,0.25,0.75,0.0,0.0,6.0,0.5,0.0,0.25,53.75,1.25,0.0,1.0,2.5,2.0,0.25,0.0,1.0,0.0,0.25,0.0,0.0,0.0
0,1,0.11,0.47,4,1,0,0,140,157,8,11,16,8,0,31,0,0,1,218,2,0,4,12,4,2,0,2,0,1,0,0,0,307,5,927066,Pablo Martínez,pablo-martinez,Málaga CF,2830,La Liga,Midfielder,2026/27,0.0,0.2932,0.0322,0.1378,1.1726,0.2932,0.0,0.0,41.0423,46.0261,2.3453,3.2248,4.6906,2.3453,0.0,9.0879,0.0,0.0,0.2932,63.9088,0.5863,0.0,1.1726,3.5179,1.1726,0.5863,0.0,0.5863,0.0,0.2932,0.0,0.0,0.0
0,0,0.03,0.1,1,0,0,0,255,283,1,5,11,0,0,60,10,0,1,426,6,0,8,28,17,1,0,3,0,1,0,1,0,562,7,1595666,Rafa Garrido,rafa-garrido,Málaga CF,2830,La Liga,Defender,2026/27,0.0,0.0,0.0048,0.016,0.1601,0.0,0.0,0.0,40.8363,45.3203,0.1601,0.8007,1.7616,0.0,0.0,9.6085,1.6014,0.0,0.1601,68.2206,0.9609,0.0,1.2811,4.484,2.7224,0.1601,0.0,0.4804,0.0,0.1601,0.0,0.1601,0.0
0,0,0.11,0.06,4,1,0,0,384,417,1,19,42,0,0,28,1,0,0,476,6,0,6,25,24,0,0,5,0,0,0,0,0,630,7,1123218,Ángel Recio,angel-recio,Málaga CF,2830,La Liga,Defender,2026/27,0.0,0.0,0.0157,0.0086,0.5714,0.1429,0.0,0.0,54.8571,59.5714,0.1429,2.7143,6.0,0.0,0.0,4.0,0.1429,0.0,0.0,68.0,0.8571,0.0,0.8571,3.5714,3.4286,0.0,0.0,0.7143,0.0,0.0,0.0,0.0,0.0
0,0,0.03,0.39,2,0,2,0,155,192,3,13,37,2,0,47,2,0,6,333,11,0,4,29,11,0,0,7,0,2,0,0,0,529,7,1010165,Abel Bretones,abel-bretones,Osasuna,2820,La Liga,Defender,2026/27,0.0,0.0,0.0051,0.0664,0.3403,0.0,0.3403,0.0,26.3705,32.6654,0.5104,2.2117,6.2949,0.3403,0.0,7.9962,0.3403,0.0,1.0208,56.6541,1.8715,0.0,0.6805,4.9338,1.8715,0.0,0.0,1.1909,0.0,0.3403,0.0,0.0,0.0
0,0,0.0,0.12,0,0,0,0,313,371,1,36,74,1,0,43,2,0,2,444,3,0,4,22,33,0,2,16,0,0,0,0,0,540,6,900792,Alejandro Catena,alejandro-catena,Osasuna,2820,La Liga,Defender,2026/27,0.0,0.0,0.0,0.02,0.0,0.0,0.0,0.0,52.1667,61.8333,0.1667,6.0,12.3333,0.1667,0.0,7.1667,0.3333,0.0,0.3333,74.0,0.5,0.0,0.6667,3.6667,5.5,0.0,0.3333,2.6667,0.0,0.0,0.0,0.0,0.0
5,0,4.39,0.18,18,11,0,4,38,69,2,1,2,0,0,16,4,0,3,162,5,0,0,8,5,2,0,21,0,0,0,2,0,502,7,37318,Ante Budimir,ante-budimir,Osasuna,2820,La Liga,Forward,2026/27,0.8964,0.0,0.7871,0.0323,3.2271,1.9721,0.0,0.7171,6.8127,12.3705,0.3586,0.1793,0.3586,0.0,0.0,2.8685,0.7171,0.0,0.5378,29.0438,0.8964,0.0,0.0,1.4343,0.8964,0.3586,0.0,3.7649,0.0,0.0,0.0,0.3586,0.0
0,0,0.09,0.16,2,1,0,0,232,280,3,18,39,1,0,50,3,0,3,349,1,0,7,9,13,1,0,10,0,1,0,0,0,476,6,1119586,Iker Muñoz,iker-munoz,Osasuna,2820,La Liga,Midfielder,2026/27,0.0,0.0,0.017,0.0303,0.3782,0.1891,0.0,0.0,43.8655,52.9412,0.5672,3.4034,7.3739,0.1891,0.0,9.4538,0.5672,0.0,0.5672,65.9874,0.1891,0.0,1.3235,1.7017,2.458,0.1891,0.0,1.8908,0.0,0.1891,0.0,0.0,0.0
0,0,0.08,0.25,3,0,1,0,110,137,2,5,16,4,0,16,7,0,5,293,8,0,3,15,7,1,0,0,0,0,0,0,0,566,7,1495856,Iñigo Arguibide,inigo-arguibide,Osasuna,2820,La Liga,Defender,2026/27,0.0,0.0,0.0127,0.0398,0.477,0.0,0.159,0.0,17.4912,21.7845,0.318,0.7951,2.5442,0.636,0.0,2.5442,1.1131,0.0,0.7951,46.5901,1.2721,0.0,0.477,2.3852,1.1131,0.159,0.0,0.0,0.0,0.0,0.0,0.0,0.0
0,0,0.09,0.24,2,1,0,0,184,215,1,17,34,3,0,42,1,0,3,291,9,0,6,17,5,1,0,2,0,2,0,0,0,493,7,976141,Jon Moncayola,jon-moncayola,Osasuna,2820,La Liga,Midfielder,2026/27,0.0,0.0,0.0164,0.0438,0.3651,0.1826,0.0,0.0,33.5903,39.2495,0.1826,3.1034,6.2069,0.5477,0.0,7.6673,0.1826,0.0,0.5477,53.1237,1.643,0.0,1.0953,3.1034,0.9128,0.1826,0.0,0.3651,0.0,0.3651,0.0,0.0,0.0
0,1,0.94,0.1,11,5,1,1,63,80,2,4,4,0,0,23,3,0,3,138,0,0,0,13,3,2,0,8,0,1,0,0,0,357,7,997280,Raúl García de Haro,raul-garcia-de-haro,Osasuna,2820,La Liga,Forward,2026/27,0.0,0.2521,0.237,0.0252,2.7731,1.2605,0.2521,0.2521,15.8824,20.1681,0.5042,1.0084,1.0084,0.0,0.0,5.7983,0.7563,0.0,0.7563,34.7899,0.0,0.0,0.0,3.2773,0.7563,0.5042,0.0,2.0168,0.0,0.2521,0.0,0.0,0.0
0,0,0.38,1.02,6,3,1,1,111,138,7,14,14,7,0,26,2,0,3,223,9,0,2,16,10,0,0,6,0,1,0,0,0,369,7,260031,Rubén García,ruben-garcia,Osasuna,2820,La Liga,Midfielder,2026/27,0.0,0.0,0.0927,0.2488,1.4634,0.7317,0.2439,0.2439,27.0732,33.6585,1.7073,3.4146,3.4146,1.7073,0.0,6.3415,0.4878,0.0,0.7317,54.3902,2.1951,0.0,0.4878,3.9024,2.439,0.0,0.0,1.4634,0.0,0.2439,0.0,0.0,0.0
1,1,0.14,0.92,4,2,3,0,110,134,9,7,18,3,0,29,6,0,4,252,5,0,2,12,10,0,0,3,0,1,0,0,0,398,5,928672,Adrià Pedrosa,adria-pedrosa,Rayo Vallecano,2818,La Liga,Defender,2026/27,0.2261,0.2261,0.0317,0.208,0.9045,0.4523,0.6784,0.0,24.8744,30.3015,2.0352,1.5829,4.0704,0.6784,0.0,6.5578,1.3568,0.0,0.9045,56.9849,1.1307,0.0,0.4523,2.7136,2.2613,0.0,0.0,0.6784,0.0,0.2261,0.0,0.0,0.0
1,0,0.58,0.25,7,2,1,1,163,212,4,8,22,1,0,59,9,0,9,406,6,0,7,28,13,2,1,4,0,0,0,0,0,540,6,965031,Andrei Rațiu,andrei-ratiu,Rayo Vallecano,2818,La Liga,Defender,2026/27,0.1667,0.0,0.0967,0.0417,1.1667,0.3333,0.1667,0.1667,27.1667,35.3333,0.6667,1.3333,3.6667,0.1667,0.0,9.8333,1.5,0.0,1.5,67.6667,1.0,0.0,1.1667,4.6667,2.1667,0.3333,0.1667,0.6667,0.0,0.0,0.0,0.0,0.0
0,0,0.41,0.08,13,2,0,0,305,362,1,15,57,0,0,27,2,0,0,481,5,0,11,28,44,4,1,12,0,1,0,0,2,630,7,88528,Florian Lejeune,florian-lejeune,Rayo Vallecano,2818,La Liga,Defender,2026/27,0.0,0.0,0.0586,0.0114,1.8571,0.2857,0.0,0.0,43.5714,51.7143,0.1429,2.1429,8.1429,0.0,0.0,3.8571,0.2857,0.0,0.0,68.7143,0.7143,0.0,1.5714,4.0,6.2857,0.5714,0.1429,1.7143,0.0,0.1429,0.0,0.0,0.2857
0,1,0.12,0.16,2,2,0,0,48,66,3,1,3,2,0,18,7,0,3,136,7,0,0,13,2,0,0,3,0,0,1,0,0,373,5,900003,Jorge de Frutos,jorge-de-frutos,Rayo Vallecano,2818,La Liga,Forward,2026/27,0.0,0.2413,0.029,0.0386,0.4826,0.4826,0.0,0.0,11.5818,15.9249,0.7239,0.2413,0.7239,0.4826,0.0,4.3432,1.689,0.0,0.7239,32.815,1.689,0.0,0.0,3.1367,0.4826,0.0,0.0,0.7239,0.0,0.0,0.2413,0.0,0.0
0,0,0.39,0.08,3,0,0,0,310,347,2,25,37,0,0,34,2,0,5,461,7,0,16,37,39,2,0,13,0,4,0,0,0,630,7,913679,Pathé Ismaël Ciss,ismaila-ciss,Rayo Vallecano,2818,La Liga,Midfielder,2026/27,0.0,0.0,0.0557,0.0114,0.4286,0.0,0.0,0.0,44.2857,49.5714,0.2857,3.5714,5.2857,0.0,0.0,4.8571,0.2857,0.0,0.7143,65.8571,1.0,0.0,2.2857,5.2857,5.5714,0.2857,0.0,1.8571,0.0,0.5714,0.0,0.0,0.0
0,0,0.53,0.23,12,2,0,0,97,110,10,4,7,3,0,42,4,0,3,164,3,0,1,16,1,4,0,0,0,0,0,0,0,322,6,900669,Pedro Díaz,pedro-diaz,Rayo Vallecano,2818,La Liga,Midfielder,2026/27,0.0,0.0,0.1481,0.0643,3.354,0.559,0.0,0.0,27.1118,30.7453,2.795,1.118,1.9565,0.8385,0.0,11.7391,1.118,0.0,0.8385,45.8385,0.8385,0.0,0.2795,4.472,0.2795,1.118,0.0,0.0,0.0,0.0,0.0,0.0,0.0
7,1,2.53,0.47,19,11,0,2,100,130,8,3,7,0,0,38,5,0,10,238,4,0,0,18,1,2,0,2,0,2,0,0,0,470,7,910024,Sergio Camello,sergio-camello,Rayo Vallecano,2818,La Liga,Forward,2026/27,1.3404,0.1915,0.4845,0.09,3.6383,2.1064,0.0,0.383,19.1489,24.8936,1.5319,0.5745,1.3404,0.0,0.0,7.2766,0.9574,0.0,1.9149,45.5745,0.766,0.0,0.0,3.4468,0.1915,0.383,0.0,0.383,0.0,0.383,0.0,0.0,0.0
0,3,0.26,1.14,5,1,3,0,300,355,16,27,55,10,0,69,4,0,5,462,9,0,4,24,5,1,1,4,0,2,0,0,0,556,7,588566,Unai López,unai-lopez,Rayo Vallecano,2818,La Liga,Midfielder,2026/27,0.0,0.4856,0.0421,0.1845,0.8094,0.1619,0.4856,0.0,48.5612,57.464,2.5899,4.3705,8.9029,1.6187,0.0,11.1691,0.6475,0.0,0.8094,74.7842,1.4568,0.0,0.6475,3.8849,0.8094,0.1619,0.1619,0.6475,0.0,0.3237,0.0,0.0,0.0
2,2,1.89,0.54,11,4,2,0,70,110,3,5,10,3,0,26,3,0,1,203,5,0,7,22,9,3,1,3,0,1,0,0,1,530,7,345111,Álvaro García,alvaro-garcia,Rayo Vallecano,2818,La Liga,Midfielder,2026/27,0.3396,0.3396,0.3209,0.0917,1.8679,0.6792,0.3396,0.0,11.8868,18.6792,0.5094,0.8491,1.6981,0.5094,0.0,4.4151,0.5094,0.0,0.1698,34.4717,0.8491,0.0,1.1887,3.7358,1.5283,0.5094,0.1698,0.5094,0.0,0.1698,0.0,0.0,0.1698
0,0,0.0,0.06,0,0,0,0,154,176,2,5,12,0,0,25,1,0,3,243,6,0,6,18,18,0,0,7,0,1,0,0,0,372,7,900008,Óscar Valentín,oscar-valentin,Rayo Vallecano,2818,La Liga,Midfielder,2026/27,0.0,0.0,0.0,0.0145,0.0,0.0,0.0,0.0,37.2581,42.5806,0.4839,1.2097,2.9032,0.0,0.0,6.0484,0.2419,0.0,0.7258,58.7903,1.4516,0.0,1.4516,4.3548,4.3548,0.0,0.0,1.6935,0.0,0.2419,0.0,0.0,0.0
0,0,2.14,1.12,32,13,1,3,262,304,8,12,18,2,0,125,10,0,4,429,4,0,5,24,2,12,0,4,0,0,0,0,0,522,7,958380,Antony,antony,Real Betis,2816,La Liga,Midfielder,2026/27,0.0,0.0,0.369,0.1931,5.5172,2.2414,0.1724,0.5172,45.1724,52.4138,1.3793,2.069,3.1034,0.3448,0.0,21.5517,1.7241,0.0,0.6897,73.9655,0.6897,0.0,0.8621,4.1379,0.3448,2.069,0.0,0.6897,0.0,0.0,0.0,0.0,0.0
2,1,2.25,0.32,12,6,2,2,89,121,5,8,10,1,0,39,5,0,10,205,1,0,1,13,4,3,0,9,0,0,0,0,0,444,7,887055,Cucho Hernández,cucho-hernandez,Real Betis,2816,La Liga,Forward,2026/27,0.4054,0.2027,0.4561,0.0649,2.4324,1.2162,0.4054,0.4054,18.0405,24.527,1.0135,1.6216,2.027,0.2027,0.0,7.9054,1.0135,0.0,2.027,41.5541,0.2027,0.0,0.2027,2.6351,0.8108,0.6081,0.0,1.8243,0.0,0.0,0.0,0.0,0.0
0,0,0.21,0.08,6,1,0,0,210,241,1,14,30,0,0,30,2,0,0,306,4,0,8,23,11,1,0,5,0,1,0,0,0,418,7,1177404,Facundo Bernal,facundo-bernal,Real Betis,2816,La Liga,Midfielder,2026/27,0.0,0.0,0.0452,0.0172,1.2919,0.2153,0.0,0.0,45.2153,51.89,0.2153,3.0144,6.4593,0.0,0.0,6.4593,0.4306,0.0,0.0,65.8852,0.8612,0.0,1.7225,4.9522,2.3684,0.2153,0.0,1.0766,0.0,0.2153,0.0,0.0,0.0
0,1,0.0,0.34,0,0,1,0,207,240,5,7,18,2,0,54,2,0,1,355,7,0,7,26,8,0,0,3,0,1,0,0,0,481,6,851271,Fran García,fran-garcia,Real Betis,2816,La Liga,Defender,2026/27,0.0,0.1871,0.0,0.0636,0.0,0.0,0.1871,0.0,38.7318,44.9064,0.9356,1.3098,3.368,0.3742,0.0,10.104,0.3742,0.0,0.1871,66.4241,1.3098,0.0,1.3098,4.8649,1.4969,0.0,0.0,0.5613,0.0,0.1871,0.0,0.0,0.0
0,0,0.5,0.75,3,2,1,1,233,272,9,7,15,3,0,53,1,0,1,388,9,0,5,22,14,1,1,3,0,1,0,0,0,514,7,188365,Héctor Bellerín,hector-bellerin,Real Betis,2816,La Liga,Defender,2026/27,0.0,0.0,0.0875,0.1313,0.5253,0.3502,0.1751,0.1751,40.7977,47.6265,1.5759,1.2257,2.6265,0.5253,0.0,9.2802,0.1751,0.0,0.1751,67.9377,1.5759,0.0,0.8755,3.8521,2.4514,0.1751,0.1751,0.5253,0.0,0.1751,0.0,0.0,0.0
0,0,0.91,0.75,11,4,0,2,182,201,15,7,10,7,0,68,3,0,2,270,0,0,4,14,1,6,0,1,0,0,0,0,0,327,7,103417,Isco,isco,Real Betis,2816,La Liga,Midfielder,2026/27,0.0,0.0,0.2505,0.2064,3.0275,1.1009,0.0,0.5505,50.0917,55.3211,4.1284,1.9266,2.7523,1.9266,0.0,18.7156,0.8257,0.0,0.5505,74.3119,0.0,0.0,1.1009,3.8532,0.2752,1.6514,0.0,0.2752,0.0,0.0,0.0,0.0,0.0
1,0,0.24,0.03,5,3,0,0,134,157,1,11,26,0,0,17,1,0,0,225,8,0,4,11,30,0,0,10,0,0,0,0,0,333,5,99519,Marc Bartra,marc-bartra,Real Betis,2816,La Liga,Defender,2026/27,0.2703,0.0,0.0649,0.0081,1.3514,0.8108,0.0,0.0,36.2162,42.4324,0.2703,2.973,7.027,0.0,0.0,4.5946,0.2703,0.0,0.0,60.8108,2.1622,0.0,1.0811,2.973,8.1081,0.0,0.0,2.7027,0.0,0.0,0.0,0.0,0.0
0,1,0.11,0.68,3,0,2,0,247,266,4,15,23,0,0,44,1,0,1,322,7,0,6,36,7,1,0,4,0,1,0,0,0,416,5,847128,Marc Roca,marc-roca,Real Betis,2816,La Liga,Midfielder,2026/27,0.0,0.2163,0.0238,0.1471,0.649,0.0,0.4327,0.0,53.4375,57.5481,0.8654,3.2452,4.976,0.0,0.0,9.5192,0.2163,0.0,0.2163,69.6635,1.5144,0.0,1.2981,7.7885,1.5144,0.2163,0.0,0.8654,0.0,0.2163,0.0,0.0,0.0
1,0,0.34,0.08,3,1,0,0,320,349,3,11,26,0,0,31,2,0,0,432,9,0,1,21,49,0,0,12,0,2,0,0,1,540,6,1015287,Natan,natan,Real Betis,2816,La Liga,Defender,2026/27,0.1667,0.0,0.0567,0.0133,0.5,0.1667,0.0,0.0,53.3333,58.1667,0.5,1.8333,4.3333,0.0,0.0,5.1667,0.3333,0.0,0.0,72.0,1.5,0.0,0.1667,3.5,8.1667,0.0,0.0,2.0,0.0,0.3333,0.0,0.0,0.1667
0,1,0.59,0.35,14,5,1,1,171,207,5,13,16,0,0,59,7,0,6,293,6,0,4,26,10,1,0,8,0,0,0,0,0,319,7,1129401,Nelson Deossa,nelson-deossa,Real Betis,2816,La Liga,Midfielder,2026/27,0.0,0.2821,0.1665,0.0987,3.9498,1.4107,0.2821,0.2821,48.2445,58.4013,1.4107,3.6677,4.5141,0.0,0.0,16.6458,1.9749,0.0,1.6928,82.6646,1.6928,0.0,1.1285,7.3354,2.8213,0.2821,0.0,2.2571,0.0,0.0,0.0,0.0,0.0
0,0,0.41,0.56,9,0,0,0,276,324,12,14,30,6,0,82,4,0,1,407,2,0,5,40,1,4,0,2,0,0,0,0,0,455,6,816763,Pablo Fornals,pablo-fornals,Real Betis,2816,La Liga,Midfielder,2026/27,0.0,0.0,0.0811,0.1108,1.7802,0.0,0.0,0.0,54.5934,64.0879,2.3736,2.7692,5.9341,1.1868,0.0,16.2198,0.7912,0.0,0.1978,80.5055,0.3956,0.0,0.989,7.9121,0.1978,0.7912,0.0,0.3956,0.0,0.0,0.0,0.0,0.0
2,0,1.13,0.32,7,4,1,0,98,120,6,1,3,2,0,41,7,0,5,194,1,0,6,9,3,2,0,1,0,0,0,0,0,308,7,989113,Rodrigo Riquelme,rodrigo-riquelme,Real Betis,2816,La Liga,Midfielder,2026/27,0.5844,0.0,0.3302,0.0935,2.0455,1.1688,0.2922,0.0,28.6364,35.0649,1.7532,0.2922,0.8766,0.5844,0.0,11.9805,2.0455,0.0,1.461,56.6883,0.2922,0.0,1.7532,2.6299,0.8766,0.5844,0.0,0.2922,0.0,0.0,0.0,0.0,0.0
1,2,2.03,3.04,11,4,8,1,171,192,28,21,25,16,0,89,8,0,8,303,4,0,1,23,2,2,0,2,0,1,0,0,0,353,7,1091116,Arda Güler,arda-guler,Real Madrid,2829,La Liga,Midfielder,2026/27,0.255,0.5099,0.5176,0.7751,2.8045,1.0198,2.0397,0.255,43.5977,48.9518,7.1388,5.3541,6.3739,4.0793,0.0,22.6912,2.0397,0.0,2.0397,77.2521,1.0198,0.0,0.255,5.864,0.5099,0.5099,0.0,0.5099,0.0,0.255,0.0,0.0,0.0
0,0,0.64,0.27,6,2,0,1,363,376,2,19,28,1,0,45,0,0,0,448,5,0,9,17,29,1,0,10,0,0,1,0,1,502,6,1176744,Dean Huijsen,dean-huijsen,Real Madrid,2829,La Liga,Defender,2026/27,0.0,0.0,0.1147,0.0484,1.0757,0.3586,0.0,0.1793,65.0797,67.4104,0.3586,3.4064,5.0199,0.1793,0.0,8.0677,0.0,0.0,0.0,80.3187,0.8964,0.0,1.6135,3.0478,5.1992,0.1793,0.0,1.7928,0.0,0.0,0.1793,0.0,0.1793
0,0,0.35,0.17,6,2,0,1,132,148,4,3,5,0,0,35,0,0,4,224,7,0,3,9,6,3,0,4,0,1,0,0,0,415,6,759520,Denzel Dumfries,denzel-dumfries,Real Madrid,2829,La Liga,Midfielder,2026/27,0.0,0.0,0.0759,0.0369,1.3012,0.4337,0.0,0.2169,28.6265,32.0964,0.8675,0.6506,1.0843,0.0,0.0,7.5904,0.0,0.0,0.8675,48.5783,1.5181,0.0,0.6506,1.9518,1.3012,0.6506,0.0,0.8675,0.0,0.2169,0.0,0.0,0.0
0,1,0.29,0.39,6,1,0,0,320,348,5,18,25,0,0,103,3,0,4,411,7,0,5,23,9,2,0,5,0,0,0,0,0,564,7,831808,Federico Valverde,federico-valverde,Real Madrid,2829,La Liga,Midfielder,2026/27,0.0,0.1596,0.0463,0.0622,0.9574,0.1596,0.0,0.0,51.0638,55.5319,0.7979,2.8723,3.9894,0.0,0.0,16.4362,0.4787,0.0,0.6383,65.5851,1.117,0.0,0.7979,3.6702,1.4362,0.3191,0.0,0.7979,0.0,0.0,0.0,0.0,0.0
0,0,0.37,0.06,4,1,0,0,329,350,2,11,19,0,0,27,0,0,4,413,3,0,3,26,19,0,0,11,0,3,0,0,0,540,6,826215,Ibrahima Konaté,ibrahima-konate,Real Madrid,2829,La Liga,Defender,2026/27,0.0,0.0,0.0617,0.01,0.6667,0.1667,0.0,0.0,54.8333,58.3333,0.3333,1.8333,3.1667,0.0,0.0,4.5,0.0,0.0,0.6667,68.8333,0.5,0.0,0.5,4.3333,3.1667,0.0,0.0,1.8333,0.0,0.5,0.0,0.0,0.0
3,2,1.26,1.45,16,7,4,1,220,243,17,17,22,0,0,88,20,0,9,376,9,0,3,28,4,4,0,3,0,1,0,0,0,529,7,991011,Jude Bellingham,jude-bellingham,Real Madrid,2829,La Liga,Midfielder,2026/27,0.5104,0.3403,0.2144,0.2467,2.7221,1.1909,0.6805,0.1701,37.4291,41.3422,2.8922,2.8922,3.7429,0.0,0.0,14.9716,3.4026,0.0,1.5312,63.9698,1.5312,0.0,0.5104,4.7637,0.6805,0.6805,0.0,0.5104,0.0,0.1701,0.0,0.0,0.0
7,2,7.87,2.05,41,22,3,9,210,241,11,9,14,0,0,118,25,0,10,394,2,0,1,12,0,10,0,1,0,0,0,0,0,630,7,826643,Kylian Mbappé,kylian-mbappe,Real Madrid,2829,La Liga,Forward,2026/27,1.0,0.2857,1.1243,0.2929,5.8571,3.1429,0.4286,1.2857,30.0,34.4286,1.5714,1.2857,2.0,0.0,0.0,16.8571,3.5714,0.0,1.4286,56.2857,0.2857,0.0,0.1429,1.7143,0.0,1.4286,0.0,0.1429,0.0,0.0,0.0,0.0,0.0
0,0,0.0,0.15,0,0,0,0,226,254,2,8,11,0,0,52,0,0,1,349,6,0,3,22,9,0,1,4,0,0,0,0,0,430,7,794939,Marc Cucurella,marc-cucurella,Real Madrid,2829,La Liga,Defender,2026/27,0.0,0.0,0.0,0.0314,0.0,0.0,0.0,0.0,47.3023,53.1628,0.4186,1.6744,2.3023,0.0,0.0,10.8837,0.0,0.0,0.2093,73.0465,1.2558,0.0,0.6279,4.6047,1.8837,0.0,0.2093,0.8372,0.0,0.0,0.0,0.0,0.0
1,3,3.01,1.74,22,6,3,5,143,180,13,5,6,1,0,78,12,0,5,307,4,0,0,20,0,5,1,0,0,2,0,1,0,565,7,868812,Vinícius Júnior,vinicius-junior,Real Madrid,2829,La Liga,Forward,2026/27,0.1593,0.4779,0.4795,0.2772,3.5044,0.9558,0.4779,0.7965,22.7788,28.6726,2.0708,0.7965,0.9558,0.1593,0.0,12.4248,1.9115,0.0,0.7965,48.9027,0.6372,0.0,0.0,3.1858,0.0,0.7965,0.1593,0.0,0.0,0.3186,0.0,0.1593,0.0
0,0,0.17,0.17,2,0,0,1,171,232,1,4,19,0,0,33,1,0,1,346,8,0,5,20,21,1,0,6,0,2,0,0,0,512,6,1010792,Alvaro Mantilla,alvaro-mantilla,Real Racing Club,2835,La Liga,Defender,2026/27,0.0,0.0,0.0299,0.0299,0.3516,0.0,0.0,0.1758,30.0586,40.7812,0.1758,0.7031,3.3398,0.0,0.0,5.8008,0.1758,0.0,0.1758,60.8203,1.4062,0.0,0.8789,3.5156,3.6914,0.1758,0.0,1.0547,0.0,0.3516,0.0,0.0,0.0
0,0,0.05,0.14,1,0,1,0,219,252,3,3,4,0,0,60,5,0,4,320,9,0,0,11,7,0,0,3,0,0,0,0,0,399,5,973699,Iván Martín,ivan-martin,Real Racing Club,2835,La Liga,Midfielder,2026/27,0.0,0.0,0.0113,0.0316,0.2256,0.0,0.2256,0.0,49.3985,56.8421,0.6767,0.6767,0.9023,0.0,0.0,13.5338,1.1278,0.0,0.9023,72.1805,2.0301,0.0,0.0,2.4812,1.5789,0.0,0.0,0.6767,0.0,0.0,0.0,0.0,0.0
0,2,0.23,2.16,4,1,3,0,312,411,17,26,49,4,0,138,9,0,11,525,8,0,4,32,5,1,0,1,0,2,0,0,0,544,7,605674,Iñigo Vicente,inigo-vicente,Real Racing Club,2835,La Liga,Midfielder,2026/27,0.0,0.3309,0.0381,0.3574,0.6618,0.1654,0.4963,0.0,51.6176,67.9963,2.8125,4.3015,8.1066,0.6618,0.0,22.8309,1.489,0.0,1.8199,86.8566,1.3235,0.0,0.6618,5.2941,0.8272,0.1654,0.0,0.1654,0.0,0.3309,0.0,0.0,0.0
0,1,0.27,1.01,2,2,1,0,177,225,3,5,18,1,0,43,3,0,2,393,10,0,9,28,30,0,0,13,0,2,0,2,0,548,7,1861680,Jorge Salinas,jorge-salinas,Real Racing Club,2835,La Liga,Defender,2026/27,0.0,0.1642,0.0443,0.1659,0.3285,0.3285,0.1642,0.0,29.0693,36.9526,0.4927,0.8212,2.9562,0.1642,0.0,7.062,0.4927,0.0,0.3285,64.5438,1.6423,0.0,1.4781,4.5985,4.927,0.0,0.0,2.135,0.0,0.3285,0.0,0.3285,0.0
0,0,0.08,0.0,3,0,0,0,93,114,0,1,5,0,0,2,0,0,1,185,3,0,4,5,41,0,0,11,0,1,0,0,0,397,5,851268,Manu Hernando,manu-hernando,Real Racing Club,2835,La Liga,Defender,2026/27,0.0,0.0,0.0181,0.0,0.6801,0.0,0.0,0.0,21.0831,25.8438,0.0,0.2267,1.1335,0.0,0.0,0.4534,0.0,0.0,0.2267,41.9395,0.6801,0.0,0.9068,1.1335,9.2947,0.0,0.0,2.4937,0.0,0.2267,0.0,0.0,0.0
0,0,0.03,0.05,2,1,0,0,223,249,1,7,19,0,0,20,2,0,4,325,9,0,7,23,28,0,0,9,0,2,0,0,0,382,5,962381,Pablo Ramón,pablo-ramon,Real Racing Club,2835,La Liga,Defender,2026/27,0.0,0.0,0.0071,0.0118,0.4712,0.2356,0.0,0.0,52.5393,58.6649,0.2356,1.6492,4.4764,0.0,0.0,4.712,0.4712,0.0,0.9424,76.5707,2.1204,0.0,1.6492,5.4188,6.5969,0.0,0.0,2.1204,0.0,0.4712,0.0,0.0,0.0
1,0,0.85,0.34,13,5,0,0,209,242,2,4,9,2,0,59,6,0,7,335,5,0,2,23,2,4,0,2,0,1,0,0,0,507,7,41560,Sergio Canales,sergio-canales,Real Racing Club,2835,La Liga,Midfielder,2026/27,0.1775,0.0,0.1509,0.0604,2.3077,0.8876,0.0,0.0,37.1006,42.9586,0.355,0.7101,1.5976,0.355,0.0,10.4734,1.0651,0.0,1.2426,59.4675,0.8876,0.0,0.355,4.0828,0.355,0.7101,0.0,0.355,0.0,0.1775,0.0,0.0,0.0
6,0,3.52,0.11,14,8,0,0,47,60,2,2,2,0,0,23,4,0,6,121,4,0,1,1,3,5,0,1,0,4,0,0,0,386,7,1606013,Yassir Zabiri,yassir-zabiri,Real Racing Club,2835,La Liga,Forward,2026/27,1.399,0.0,0.8207,0.0256,3.2642,1.8653,0.0,0.0,10.9585,13.9896,0.4663,0.4663,0.4663,0.0,0.0,5.3627,0.9326,0.0,1.399,28.2124,0.9326,0.0,0.2332,0.2332,0.6995,1.1658,0.0,0.2332,0.0,0.9326,0.0,0.0,0.0
2,0,0.55,0.09,8,2,0,0,76,98,1,3,3,2,0,27,10,0,9,178,2,0,1,13,2,4,0,0,0,0,0,0,0,317,6,966862,Ander Barrenetxea,ander-barrenetxea,Real Sociedad,2824,La Liga,Midfielder,2026/27,0.5678,0.0,0.1562,0.0256,2.2713,0.5678,0.0,0.0,21.5773,27.8233,0.2839,0.8517,0.8517,0.5678,0.0,7.6656,2.8391,0.0,2.5552,50.5363,0.5678,0.0,0.2839,3.6909,0.5678,1.1356,0.0,0.0,0.0,0.0,0.0,0.0,0.0
1,2,1.04,0.68,5,2,2,0,234,263,11,11,15,3,0,57,3,0,4,332,3,0,2,33,4,1,0,1,0,0,0,0,0,470,7,832427,Carlos Soler,carlos-soler,Real Sociedad,2824,La Liga,Midfielder,2026/27,0.1915,0.383,0.1991,0.1302,0.9574,0.383,0.383,0.0,44.8085,50.3617,2.1064,2.1064,2.8723,0.5745,0.0,10.9149,0.5745,0.0,0.766,63.5745,0.5745,0.0,0.383,6.3191,0.766,0.1915,0.0,0.1915,0.0,0.0,0.0,0.0,0.0
0,0,0.0,0.07,0,0,0,0,198,232,2,8,24,0,0,16,0,0,1,289,8,0,7,10,16,0,0,7,0,2,0,0,0,393,5,838159,Igor Zubeldia,igor-zubeldia,Real Sociedad,2824,La Liga,Defender,2026/27,0.0,0.0,0.0,0.016,0.0,0.0,0.0,0.0,45.3435,53.1298,0.458,1.8321,5.4962,0.0,0.0,3.6641,0.0,0.0,0.229,66.1832,1.8321,0.0,1.6031,2.2901,3.6641,0.0,0.0,1.6031,0.0,0.458,0.0,0.0,0.0
0,0,0.09,0.2,4,2,0,0,244,284,4,4,16,1,0,65,6,0,3,463,15,0,16,26,24,1,0,15,0,3,0,0,0,597,7,1116388,Jon Aramburu,jon-aramburu,Real Sociedad,2824,La Liga,Defender,2026/27,0.0,0.0,0.0136,0.0302,0.603,0.3015,0.0,0.0,36.7839,42.8141,0.603,0.603,2.4121,0.1508,0.0,9.799,0.9045,0.0,0.4523,69.799,2.2613,0.0,2.4121,3.9196,3.6181,0.1508,0.0,2.2613,0.0,0.4523,0.0,0.0,0.0
0,0,0.27,0.06,3,1,0,1,253,277,1,3,10,0,0,8,0,0,1,332,4,0,3,17,23,1,0,14,0,0,1,0,0,456,6,1466116,Jon Martin,vicente-jon-martin,Real Sociedad,2824,La Liga,Defender,2026/27,0.0,0.0,0.0533,0.0118,0.5921,0.1974,0.0,0.1974,49.9342,54.6711,0.1974,0.5921,1.9737,0.0,0.0,1.5789,0.0,0.0,0.1974,65.5263,0.7895,0.0,0.5921,3.3553,4.5395,0.1974,0.0,2.7632,0.0,0.0,0.1974,0.0,0.0
3,0,0.94,0.79,15,6,2,1,222,247,8,16,18,2,0,62,6,0,3,314,4,0,2,23,1,4,0,3,0,2,0,0,0,551,7,949156,Luka Sučić,luka-sucic,Real Sociedad,2824,La Liga,Midfielder,2026/27,0.49,0.0,0.1535,0.129,2.4501,0.98,0.3267,0.1633,36.2613,40.3448,1.3067,2.6134,2.9401,0.3267,0.0,10.127,0.98,0.0,0.49,51.2886,0.6534,0.0,0.3267,3.7568,0.1633,0.6534,0.0,0.49,0.0,0.3267,0.0,0.0,0.0
0,2,1.1,0.87,11,5,1,4,124,159,10,5,8,1,0,47,1,0,6,241,4,0,3,18,0,3,1,6,0,1,0,0,0,478,7,823622,Mikel Oyarzabal,mikel-oyarzabal,Real Sociedad,2824,La Liga,Forward,2026/27,0.0,0.3766,0.2071,0.1638,2.0711,0.9414,0.1883,0.7531,23.3473,29.9372,1.8828,0.9414,1.5063,0.1883,0.0,8.8494,0.1883,0.0,1.1297,45.3766,0.7531,0.0,0.5649,3.3891,0.0,0.5649,0.1883,1.1297,0.0,0.1883,0.0,0.0,0.0
1,0,2.16,0.07,9,4,0,4,37,61,2,0,1,0,0,13,1,0,6,109,0,0,0,5,1,3,0,10,0,0,1,0,0,318,6,1026015,Orri Óskarsson,orri-steinn-oskarsson,Real Sociedad,2824,La Liga,Forward,2026/27,0.283,0.0,0.6113,0.0198,2.5472,1.1321,0.0,1.1321,10.4717,17.2642,0.566,0.0,0.283,0.0,0.0,3.6792,0.283,0.0,1.6981,30.8491,0.0,0.0,0.0,1.4151,0.283,0.8491,0.0,2.8302,0.0,0.0,0.283,0.0,0.0
0,0,0.17,0.49,4,1,1,0,305,346,8,18,25,4,0,60,6,0,1,519,9,0,5,39,16,0,0,4,0,1,0,0,0,591,7,855835,Sergio Gómez,sergio-gomez,Real Sociedad,2824,La Liga,Defender,2026/27,0.0,0.0,0.0259,0.0746,0.6091,0.1523,0.1523,0.0,46.4467,52.6904,1.2183,2.7411,3.8071,0.6091,0.0,9.1371,0.9137,0.0,0.1523,79.0355,1.3706,0.0,0.7614,5.9391,2.4365,0.0,0.0,0.6091,0.0,0.1523,0.0,0.0,0.0
1,0,0.15,0.08,4,2,1,0,207,236,1,6,10,0,0,42,2,0,11,303,5,0,1,17,3,0,0,5,0,3,0,1,0,403,7,839585,Yangel Herrera,yangel-herrera,Real Sociedad,2824,La Liga,Midfielder,2026/27,0.2233,0.0,0.0335,0.0179,0.8933,0.4467,0.2233,0.0,46.2283,52.7047,0.2233,1.34,2.2333,0.0,0.0,9.3797,0.4467,0.0,2.4566,67.6675,1.1166,0.0,0.2233,3.7965,0.67,0.0,0.0,1.1166,0.0,0.67,0.0,0.2233,0.0
0,0,0.18,0.06,2,1,0,0,179,205,3,20,38,0,0,23,1,0,0,265,2,0,6,22,28,0,0,8,0,0,0,0,0,480,6,1428699,Andrés Castrin,andres-castrin,Sevilla,2833,La Liga,Defender,2026/27,0.0,0.0,0.0338,0.0112,0.375,0.1875,0.0,0.0,33.5625,38.4375,0.5625,3.75,7.125,0.0,0.0,4.3125,0.1875,0.0,0.0,49.6875,0.375,0.0,1.125,4.125,5.25,0.0,0.0,1.5,0.0,0.0,0.0,0.0,0.0
0,0,0.01,0.55,1,0,0,0,212,268,9,12,25,7,0,71,2,0,1,427,18,0,4,30,16,1,0,9,0,2,0,0,0,630,7,818986,Gabriel Suazo,gabriel-suazo,Sevilla,2833,La Liga,Defender,2026/27,0.0,0.0,0.0014,0.0786,0.1429,0.0,0.0,0.0,30.2857,38.2857,1.2857,1.7143,3.5714,1.0,0.0,10.1429,0.2857,0.0,0.1429,61.0,2.5714,0.0,0.5714,4.2857,2.2857,0.1429,0.0,1.2857,0.0,0.2857,0.0,0.0,0.0
1,0,0.93,0.08,4,3,1,0,95,115,3,2,6,0,0,33,2,0,5,169,4,0,1,19,3,0,0,6,0,3,0,0,0,361,7,788141,Jon Guridi,jon-guridi,Sevilla,2833,La Liga,Midfielder,2026/27,0.2493,0.0,0.2319,0.0199,0.9972,0.7479,0.2493,0.0,23.6842,28.6704,0.7479,0.4986,1.4958,0.0,0.0,8.2271,0.4986,0.0,1.2465,42.133,0.9972,0.0,0.2493,4.7368,0.7479,0.0,0.0,1.4958,0.0,0.7479,0.0,0.0,0.0
1,0,0.42,0.36,4,3,0,0,146,204,3,22,47,5,0,45,7,0,2,390,11,0,5,19,24,0,0,7,0,1,0,0,0,630,7,949707,Juan Iglesias,juan-iglesias,Sevilla,2833,La Liga,Defender,2026/27,0.1429,0.0,0.06,0.0514,0.5714,0.4286,0.0,0.0,20.8571,29.1429,0.4286,3.1429,6.7143,0.7143,0.0,6.4286,1.0,0.0,0.2857,55.7143,1.5714,0.0,0.7143,2.7143,3.4286,0.0,0.0,1.0,0.0,0.1429,0.0,0.0,0.0
0,0,0.17,0.29,6,2,0,0,167,222,2,25,59,1,0,28,0,0,1,290,4,0,2,22,27,1,0,17,0,1,1,0,0,448,5,1097719,Kike Salas,kike-salas,Sevilla,2833,La Liga,Defender,2026/27,0.0,0.0,0.0342,0.0583,1.2054,0.4018,0.0,0.0,33.5491,44.5982,0.4018,5.0223,11.8527,0.2009,0.0,5.625,0.0,0.0,0.2009,58.2589,0.8036,0.0,0.4018,4.4196,5.4241,0.2009,0.0,3.4152,0.0,0.2009,0.2009,0.0,0.0
0,0,0.1,0.54,5,0,1,0,250,293,2,27,41,1,0,75,4,0,3,400,16,0,12,41,17,2,0,3,0,2,0,0,0,630,7,960006,Lucien Agoumé,lucien-agoume,Sevilla,2833,La Liga,Midfielder,2026/27,0.0,0.0,0.0143,0.0771,0.7143,0.0,0.1429,0.0,35.7143,41.8571,0.2857,3.8571,5.8571,0.1429,0.0,10.7143,0.5714,0.0,0.4286,57.1429,2.2857,0.0,1.7143,5.8571,2.4286,0.2857,0.0,0.4286,0.0,0.2857,0.0,0.0,0.0
2,0,0.52,0.43,10,5,0,0,98,129,7,3,9,3,0,43,18,0,12,271,8,0,1,27,2,2,0,7,0,2,0,1,0,496,7,2509247,Miguel Sierra,miguel-angel-sierra-ortega,Sevilla,2833,La Liga,Midfielder,2026/27,0.3629,0.0,0.0944,0.078,1.8145,0.9073,0.0,0.0,17.7823,23.4073,1.2702,0.5444,1.6331,0.5444,0.0,7.8024,3.2661,0.0,2.1774,49.1734,1.4516,0.0,0.1815,4.8992,0.3629,0.3629,0.0,1.2702,0.0,0.3629,0.0,0.1815,0.0
0,1,0.41,0.12,6,1,0,1,42,56,4,0,1,1,0,23,1,0,7,113,0,0,0,9,0,1,0,4,0,1,0,1,0,397,7,1142351,Robbie Ure,robbie-ure,Sevilla,2833,La Liga,Forward,2026/27,0.0,0.2267,0.0929,0.0272,1.3602,0.2267,0.0,0.2267,9.5214,12.6952,0.9068,0.0,0.2267,0.2267,0.0,5.2141,0.2267,0.0,1.5869,25.6171,0.0,0.0,0.0,2.0403,0.0,0.2267,0.0,0.9068,0.0,0.2267,0.0,0.2267,0.0
0,0,1.4,0.99,15,5,0,3,88,111,7,5,7,7,0,34,10,0,6,202,1,0,1,7,1,2,0,1,0,0,0,0,0,526,7,827064,Arnaut Danjuma,arnaut-danjuma,Valencia,2828,La Liga,Forward,2026/27,0.0,0.0,0.2395,0.1694,2.5665,0.8555,0.0,0.5133,15.057,18.9924,1.1977,0.8555,1.1977,1.1977,0.0,5.8175,1.711,0.0,1.0266,34.5627,0.1711,0.0,0.1711,1.1977,0.1711,0.3422,0.0,0.1711,0.0,0.0,0.0,0.0,0.0
0,0,0.14,0.05,3,0,0,0,183,205,0,7,18,0,0,19,0,0,1,262,6,0,4,15,22,3,0,4,0,0,0,0,0,330,5,996928,César Tárrega,cesar-tarrega,Valencia,2828,La Liga,Defender,2026/27,0.0,0.0,0.0382,0.0136,0.8182,0.0,0.0,0.0,49.9091,55.9091,0.0,1.9091,4.9091,0.0,0.0,5.1818,0.0,0.0,0.2727,71.4545,1.6364,0.0,1.0909,4.0909,6.0,0.8182,0.0,1.0909,0.0,0.0,0.0,0.0,0.0
0,0,0.41,0.3,6,2,0,0,254,280,4,11,19,5,0,58,3,0,6,387,5,0,4,16,10,2,0,2,0,0,0,0,0,509,7,857482,Filip Ugrinić,filip-ugrinic,Valencia,2828,La Liga,Midfielder,2026/27,0.0,0.0,0.0725,0.053,1.0609,0.3536,0.0,0.0,44.9116,49.5088,0.7073,1.945,3.3595,0.8841,0.0,10.2554,0.5305,0.0,1.0609,68.4283,0.8841,0.0,0.7073,2.8291,1.7682,0.3536,0.0,0.3536,0.0,0.0,0.0,0.0,0.0
0,0,0.07,0.06,2,1,0,0,180,211,2,18,27,0,0,29,2,0,6,272,10,0,6,21,7,0,0,7,0,1,0,0,0,317,4,609752,Guido Rodríguez,guido-rodriguez,Valencia,2828,La Liga,Midfielder,2026/27,0.0,0.0,0.0199,0.017,0.5678,0.2839,0.0,0.0,51.1041,59.9054,0.5678,5.1104,7.6656,0.0,0.0,8.2334,0.5678,0.0,1.7035,77.224,2.8391,0.0,1.7035,5.9621,1.9874,0.0,0.0,1.9874,0.0,0.2839,0.0,0.0,0.0
0,1,0.69,0.51,11,1,2,1,138,189,6,13,28,2,0,38,12,0,15,305,4,0,1,24,4,4,0,1,0,1,0,0,1,565,7,1122610,Javier Guerra,javier-guerra,Valencia,2828,La Liga,Midfielder,2026/27,0.0,0.1593,0.1099,0.0812,1.7522,0.1593,0.3186,0.1593,21.9823,30.1062,0.9558,2.0708,4.4602,0.3186,0.0,6.0531,1.9115,0.0,2.3894,48.5841,0.6372,0.0,0.1593,3.823,0.6372,0.6372,0.0,0.1593,0.0,0.1593,0.0,0.0,0.1593
0,0,0.04,0.14,2,0,0,0,94,115,1,3,6,1,0,31,5,0,5,230,8,0,3,16,6,1,0,1,0,0,0,0,0,355,7,996929,Jesús Vázquez,jesus-vazquez,Valencia,2828,La Liga,Defender,2026/27,0.0,0.0,0.0101,0.0355,0.507,0.0,0.0,0.0,23.831,29.1549,0.2535,0.7606,1.5211,0.2535,0.0,7.8592,1.2676,0.0,1.2676,58.3099,2.0282,0.0,0.7606,4.0563,1.5211,0.2535,0.0,0.2535,0.0,0.0,0.0,0.0,0.0
0,0,0.01,0.06,1,0,0,0,135,150,2,2,6,2,0,16,3,0,0,244,10,0,1,19,12,1,0,1,0,1,0,0,0,360,5,227922,José Luis Gayà,jose-luis-gaya,Valencia,2828,La Liga,Defender,2026/27,0.0,0.0,0.0025,0.015,0.25,0.0,0.0,0.0,33.75,37.5,0.5,0.5,1.5,0.5,0.0,4.0,0.75,0.0,0.0,61.0,2.5,0.0,0.25,4.75,3.0,0.25,0.0,0.25,0.0,0.25,0.0,0.0,0.0
0,0,0.06,0.09,2,1,1,0,102,130,2,3,18,0,0,26,5,0,0,227,2,0,6,14,9,1,0,4,0,1,0,0,0,330,6,788216,Pablo Maffeo,pablo-maffeo,Valencia,2828,La Liga,Defender,2026/27,0.0,0.0,0.0164,0.0245,0.5455,0.2727,0.2727,0.0,27.8182,35.4545,0.5455,0.8182,4.9091,0.0,0.0,7.0909,1.3636,0.0,0.0,61.9091,0.5455,0.0,1.6364,3.8182,2.4545,0.2727,0.0,1.0909,0.0,0.2727,0.0,0.0,0.0
0,0,0.06,0.16,2,0,0,0,324,367,1,22,48,0,0,34,0,0,2,446,4,0,8,30,32,2,0,3,0,1,0,0,0,568,7,826948,Pepelu,pepelu,Valencia,2828,La Liga,Midfielder,2026/27,0.0,0.0,0.0095,0.0254,0.3169,0.0,0.0,0.0,51.338,58.1514,0.1585,3.4859,7.6056,0.0,0.0,5.3873,0.0,0.0,0.3169,70.669,0.6338,0.0,1.2676,4.7535,5.0704,0.3169,0.0,0.4754,0.0,0.1585,0.0,0.0,0.0
2,3,1.59,2.08,10,6,4,1,198,225,16,2,5,7,0,106,5,0,6,312,4,0,0,10,1,1,0,0,0,0,0,0,0,410,7,1012444,Alberto Moleiro,alberto-moleiro,Villarreal,2819,La Liga,Midfielder,2026/27,0.439,0.6585,0.349,0.4566,2.1951,1.3171,0.878,0.2195,43.4634,49.3902,3.5122,0.439,1.0976,1.5366,0.0,23.2683,1.0976,0.0,1.3171,68.4878,0.878,0.0,0.0,2.1951,0.2195,0.2195,0.0,0.0,0.0,0.0,0.0,0.0,0.0
0,0,0.17,0.22,3,1,0,0,261,277,4,10,13,0,0,81,4,0,3,359,6,0,2,23,10,1,0,6,0,0,0,0,0,314,6,1184541,Alexander Freeman,alexander-freeman,Villarreal,2819,La Liga,Defender,2026/27,0.0,0.0,0.0487,0.0631,0.8599,0.2866,0.0,0.0,74.8089,79.3949,1.1465,2.8662,3.7261,0.0,0.0,23.2166,1.1465,0.0,0.8599,102.8981,1.7197,0.0,0.5732,6.5924,2.8662,0.2866,0.0,1.7197,0.0,0.0,0.0,0.0,0.0
1,2,3.67,0.41,15,7,2,7,72,94,6,4,5,0,0,28,2,0,3,154,2,0,1,10,0,5,0,2,0,0,0,0,0,351,7,345195,Ayoze Pérez,ayoze-perez,Villarreal,2819,La Liga,Forward,2026/27,0.2564,0.5128,0.941,0.1051,3.8462,1.7949,0.5128,1.7949,18.4615,24.1026,1.5385,1.0256,1.2821,0.0,0.0,7.1795,0.5128,0.0,0.7692,39.4872,0.5128,0.0,0.2564,2.5641,0.0,1.2821,0.0,0.5128,0.0,0.0,0.0,0.0,0.0
0,0,0.18,0.27,4,0,0,0,209,236,2,7,11,1,0,66,6,0,2,330,5,0,2,27,7,3,0,3,0,1,0,0,0,387,5,1396048,Carlos Romero,carlos-romero,Villarreal,2819,La Liga,Defender,2026/27,0.0,0.0,0.0419,0.0628,0.9302,0.0,0.0,0.0,48.6047,54.8837,0.4651,1.6279,2.5581,0.2326,0.0,15.3488,1.3953,0.0,0.4651,76.7442,1.1628,0.0,0.4651,6.2791,1.6279,0.6977,0.0,0.6977,0.0,0.2326,0.0,0.0,0.0
2,1,4.01,1.41,19,10,2,3,118,140,7,4,4,0,0,66,13,0,8,238,0,0,1,10,2,4,0,0,0,0,0,1,0,419,7,1009372,Georges Mikautadze,georges-mikautadze,Villarreal,2819,La Liga,Forward,2026/27,0.4296,0.2148,0.8613,0.3029,4.0811,2.148,0.4296,0.6444,25.3461,30.0716,1.5036,0.8592,0.8592,0.0,0.0,14.1766,2.7924,0.0,1.7184,51.1217,0.0,0.0,0.2148,2.148,0.4296,0.8592,0.0,0.0,0.0,0.0,0.0,0.2148,0.0
2,0,0.82,1.26,14,7,1,0,191,220,9,5,5,8,0,104,15,0,9,342,3,0,1,18,1,4,0,1,0,1,0,0,0,423,6,593526,Nicolas Pépé,nicolas-pepe,Villarreal,2819,La Liga,Forward,2026/27,0.4255,0.0,0.1745,0.2681,2.9787,1.4894,0.2128,0.0,40.6383,46.8085,1.9149,1.0638,1.0638,1.7021,0.0,22.1277,3.1915,0.0,1.9149,72.766,0.6383,0.0,0.2128,3.8298,0.2128,0.8511,0.0,0.2128,0.0,0.2128,0.0,0.0,0.0
3,0,1.29,0.58,6,4,0,0,352,413,8,30,53,2,0,113,2,0,1,499,2,0,5,30,5,1,0,2,0,1,0,0,0,526,7,879694,Pape Gueye,pape-gueye,Villarreal,2819,La Liga,Midfielder,2026/27,0.5133,0.0,0.2207,0.0992,1.0266,0.6844,0.0,0.0,60.2281,70.6654,1.3688,5.1331,9.0684,0.3422,0.0,19.3346,0.3422,0.0,0.1711,85.3802,0.3422,0.0,0.8555,5.1331,0.8555,0.1711,0.0,0.3422,0.0,0.1711,0.0,0.0,0.0
0,1,0.15,0.93,3,0,1,1,558,601,3,36,61,0,0,67,2,0,2,697,1,0,10,26,37,0,0,9,0,1,0,0,0,630,7,1087359,Renato Veiga,renato-veiga,Villarreal,2819,La Liga,Defender,2026/27,0.0,0.1429,0.0214,0.1329,0.4286,0.0,0.1429,0.1429,79.7143,85.8571,0.4286,5.1429,8.7143,0.0,0.0,9.5714,0.2857,0.0,0.2857,99.5714,0.1429,0.0,1.4286,3.7143,5.2857,0.0,0.0,1.2857,0.0,0.1429,0.0,0.0,0.0
0,0,0.57,0.7,1,1,0,1,245,274,4,9,11,1,0,71,2,0,0,333,5,0,8,16,6,0,0,0,0,1,0,0,1,357,6,843678,Santi Comesaña,santi-comesana,Villarreal,2819,La Liga,Midfielder,2026/27,0.0,0.0,0.1437,0.1765,0.2521,0.2521,0.0,0.2521,61.7647,69.0756,1.0084,2.2689,2.7731,0.2521,0.0,17.8992,0.5042,0.0,0.0,83.9496,1.2605,0.0,2.0168,4.0336,1.5126,0.0,0.0,0.0,0.0,0.2521,0.0,0.0,0.2521
0,0,0.17,0.54,2,1,1,1,176,197,3,7,11,1,0,50,2,0,5,287,9,0,1,25,11,1,0,6,0,2,0,0,0,337,6,1468046,Santiago Mouriño,santiago-mourino,Villarreal,2819,La Liga,Defender,2026/27,0.0,0.0,0.0454,0.1442,0.5341,0.2671,0.2671,0.2671,47.003,52.6113,0.8012,1.8694,2.9377,0.2671,0.0,13.3531,0.5341,0.0,1.3353,76.6469,2.4036,0.0,0.2671,6.6766,2.9377,0.2671,0.0,1.6024,0.0,0.5341,0.0,0.0,0.0
0,0,1.14,0.83,11,4,1,2,126,141,8,2,3,4,0,62,4,0,3,256,6,0,2,19,3,2,0,2,0,2,0,1,0,378,7,973290,Tajon Buchanan,tajon-buchanan,Villarreal,2819,La Liga,Midfielder,2026/27,0.0,0.0,0.2714,0.1976,2.619,0.9524,0.2381,0.4762,30.0,33.5714,1.9048,0.4762,0.7143,0.9524,0.0,14.7619,0.9524,0.0,0.7143,60.9524,1.4286,0.0,0.4762,4.5238,0.7143,0.4762,0.0,0.4762,0.0,0.4762,0.0,0.2381,0.0
0,1,0.18,0.29,1,0,0,0,134,162,3,5,12,2,0,57,2,0,1,240,4,0,3,9,9,1,0,6,0,0,0,0,0,315,4,846036,Ben White,ben-white,Arsenal,42,Premier League,Defender,2026/27,0.0,0.2857,0.0514,0.0829,0.2857,0.0,0.0,0.0,38.2857,46.2857,0.8571,1.4286,3.4286,0.5714,0.0,16.2857,0.5714,0.0,0.2857,68.5714,1.1429,0.0,0.8571,2.5714,2.5714,0.2857,0.0,1.7143,0.0,0.0,0.0,0.0,0.0
3,0,3.21,0.98,15,9,0,3,129,157,7,3,6,6,0,73,7,0,3,261,6,0,3,17,5,5,0,2,0,0,0,1,0,418,5,934235,Bukayo Saka,bukayo-saka,Arsenal,42,Premier League,Forward,2026/27,0.6459,0.0,0.6911,0.211,3.2297,1.9378,0.0,0.6459,27.7751,33.8038,1.5072,0.6459,1.2919,1.2919,0.0,15.7177,1.5072,0.0,0.6459,56.1962,1.2919,0.0,0.6459,3.6603,1.0766,1.0766,0.0,0.4306,0.0,0.0,0.0,0.2153,0.0
0,1,0.19,0.55,4,2,1,0,113,134,8,4,4,4,0,57,1,0,3,203,4,0,2,12,5,1,0,5,0,2,0,0,0,365,5,1031259,Christos Tzolis,christos-tzolis,Arsenal,42,Premier League,Midfielder,2026/27,0.0,0.2466,0.0468,0.1356,0.9863,0.4932,0.2466,0.0,27.863,33.0411,1.9726,0.9863,0.9863,0.9863,0.0,14.0548,0.2466,0.0,0.7397,50.0548,0.9863,0.0,0.4932,2.9589,1.2329,0.2466,0.0,1.2329,0.0,0.4932,0.0,0.0,0.0
0,2,0.12,0.68,4,0,1,0,317,348,7,19,32,3,0,96,2,0,1,407,4,0,5,17,10,1,0,4,0,1,0,0,0,414,5,856714,Declan Rice,declan-rice,Arsenal,42,Premier League,Midfielder,2026/27,0.0,0.4348,0.0261,0.1478,0.8696,0.0,0.2174,0.0,68.913,75.6522,1.5217,4.1304,6.9565,0.6522,0.0,20.8696,0.4348,0.0,0.2174,88.4783,0.8696,0.0,1.087,3.6957,2.1739,0.2174,0.0,0.8696,0.0,0.2174,0.0,0.0,0.0
0,0,0.5,0.2,5,2,0,2,248,277,1,7,25,0,0,42,1,0,4,355,2,0,6,17,25,0,0,10,0,2,0,0,0,450,5,869792,Gabriel Magalhães,gabriel-magalhaes,Arsenal,42,Premier League,Defender,2026/27,0.0,0.0,0.1,0.04,1.0,0.4,0.0,0.4,49.6,55.4,0.2,1.4,5.0,0.0,0.0,8.4,0.2,0.0,0.8,71.0,0.4,0.0,1.2,3.4,5.0,0.0,0.0,2.0,0.0,0.4,0.0,0.0,0.0
2,0,1.67,0.37,10,6,0,2,88,113,5,2,3,0,0,48,1,0,3,176,0,0,3,7,3,1,0,14,0,1,0,0,0,438,5,836705,Kai Havertz,kai-havertz,Arsenal,42,Premier League,Forward,2026/27,0.411,0.0,0.3432,0.076,2.0548,1.2329,0.0,0.411,18.0822,23.2192,1.0274,0.411,0.6164,0.0,0.0,9.863,0.2055,0.0,0.6164,36.1644,0.0,0.0,0.6164,1.4384,0.6164,0.2055,0.0,2.8767,0.0,0.2055,0.0,0.0,0.0
2,0,1.07,1.31,7,2,3,0,219,241,12,6,12,1,0,86,2,0,1,299,4,0,1,12,4,4,0,0,0,0,0,0,0,382,5,547410,Martin Ødegaard,martin-degaard,Arsenal,42,Premier League,Midfielder,2026/27,0.4712,0.0,0.2521,0.3086,1.6492,0.4712,0.7068,0.0,51.5969,56.7801,2.8272,1.4136,2.8272,0.2356,0.0,20.2618,0.4712,0.0,0.2356,70.445,0.9424,0.0,0.2356,2.8272,0.9424,0.9424,0.0,0.0,0.0,0.0,0.0,0.0,0.0
0,2,0.66,0.62,7,1,1,1,111,135,4,2,4,0,0,40,0,0,1,211,1,0,1,13,10,4,0,9,0,0,0,0,0,418,5,957602,Riccardo Calafiori,riccardo-calafiori,Arsenal,42,Premier League,Defender,2026/27,0.0,0.4306,0.1421,0.1335,1.5072,0.2153,0.2153,0.2153,23.8995,29.067,0.8612,0.4306,0.8612,0.0,0.0,8.6124,0.0,0.0,0.2153,45.4306,0.2153,0.0,0.2153,2.799,2.1531,0.8612,0.0,1.9378,0.0,0.0,0.0,0.0,0.0
0,1,0.05,0.16,1,0,1,0,212,242,4,9,11,0,0,52,3,0,5,305,7,0,2,16,8,0,0,7,0,0,0,0,0,444,5,826204,Boubacar Kamara,boubacar-kamara,Aston Villa,40,Premier League,Midfielder,2026/27,0.0,0.2027,0.0101,0.0324,0.2027,0.0,0.2027,0.0,42.973,49.0541,0.8108,1.8243,2.2297,0.0,0.0,10.5405,0.6081,0.0,1.0135,61.8243,1.4189,0.0,0.4054,3.2432,1.6216,0.0,0.0,1.4189,0.0,0.0,0.0,0.0,0.0
1,0,0.93,0.24,9,2,0,1,106,140,5,3,6,1,0,41,4,0,5,214,4,0,4,20,1,1,0,6,0,0,0,0,0,404,5,783126,Emiliano Buendía,emiliano-buendia,Aston Villa,40,Premier League,Midfielder,2026/27,0.2228,0.0,0.2072,0.0535,2.005,0.4455,0.0,0.2228,23.6139,31.1881,1.1139,0.6683,1.3366,0.2228,0.0,9.1337,0.8911,0.0,1.1139,47.6733,0.8911,0.0,0.8911,4.4554,0.2228,0.2228,0.0,1.3366,0.0,0.0,0.0,0.0,0.0
0,0,0.28,0.45,5,1,0,0,84,98,1,3,5,1,0,32,1,0,2,201,2,0,7,10,10,1,0,1,0,1,0,0,0,330,4,976263,Ian Maatsen,ian-maatsen,Aston Villa,40,Premier League,Defender,2026/27,0.0,0.0,0.0764,0.1227,1.3636,0.2727,0.0,0.0,22.9091,26.7273,0.2727,0.8182,1.3636,0.2727,0.0,8.7273,0.2727,0.0,0.5455,54.8182,0.5455,0.0,1.9091,2.7273,2.7273,0.2727,0.0,0.2727,0.0,0.2727,0.0,0.0,0.0
0,2,0.76,0.24,4,0,1,1,87,118,6,6,18,2,0,39,2,0,13,209,2,0,5,17,3,0,0,1,0,2,0,0,0,436,5,250223,John McGinn,john-mcginn,Aston Villa,40,Premier League,Midfielder,2026/27,0.0,0.4128,0.1569,0.0495,0.8257,0.0,0.2064,0.2064,17.9587,24.3578,1.2385,1.2385,3.7156,0.4128,0.0,8.0505,0.4128,0.0,2.6835,43.1422,0.4128,0.0,1.0321,3.5092,0.6193,0.0,0.0,0.2064,0.0,0.4128,0.0,0.0,0.0
0,0,0.38,0.14,7,1,0,0,185,205,6,4,5,0,0,49,4,0,13,262,4,0,0,16,4,3,0,3,0,0,0,0,0,320,5,98435,Ross Barkley,ross-barkley,Aston Villa,40,Premier League,Midfielder,2026/27,0.0,0.0,0.1069,0.0394,1.9687,0.2812,0.0,0.0,52.0312,57.6562,1.6875,1.125,1.4062,0.0,0.0,13.7813,1.125,0.0,3.6562,73.6875,1.125,0.0,0.0,4.5,1.125,0.8438,0.0,0.8438,0.0,0.0,0.0,0.0,0.0
0,0,0.44,0.18,1,1,0,1,255,276,3,7,14,0,0,27,0,0,1,308,0,0,1,7,18,0,0,2,0,0,0,0,0,450,5,143334,Victor Lindelöf,victor-lindelof,Aston Villa,40,Premier League,Defender,2026/27,0.0,0.0,0.088,0.036,0.2,0.2,0.0,0.2,51.0,55.2,0.6,1.4,2.8,0.0,0.0,5.4,0.0,0.0,0.2,61.6,0.0,0.0,0.2,1.4,3.6,0.0,0.0,0.4,0.0,0.0,0.0,0.0,0.0
0,0,0.01,0.1,1,0,0,0,96,125,3,10,25,2,0,24,1,0,0,229,2,0,4,15,12,1,0,6,0,3,0,0,0,435,5,44566,Adam Smith,adam-smith,Bournemouth,60,Premier League,Defender,2026/27,0.0,0.0,0.0021,0.0207,0.2069,0.0,0.0,0.0,19.8621,25.8621,0.6207,2.069,5.1724,0.4138,0.0,4.9655,0.2069,0.0,0.0,47.3793,0.4138,0.0,0.8276,3.1034,2.4828,0.2069,0.0,1.2414,0.0,0.6207,0.0,0.0,0.0
0,0,0.1,0.3,4,2,0,0,159,185,4,9,16,4,0,50,3,0,4,330,9,0,7,24,19,1,0,6,0,1,0,0,0,450,5,999028,Adrien Truffert,truffert-adrien,Bournemouth,60,Premier League,Defender,2026/27,0.0,0.0,0.02,0.06,0.8,0.4,0.0,0.0,31.8,37.0,0.8,1.8,3.2,0.8,0.0,10.0,0.6,0.0,0.8,66.0,1.8,0.0,1.4,4.8,3.8,0.2,0.0,1.2,0.0,0.2,0.0,0.0,0.0
1,0,0.63,0.42,7,1,0,1,204,250,11,16,36,2,0,56,4,0,5,353,5,0,8,36,7,4,0,3,0,1,0,0,0,446,5,1104986,Alex Scott,alex-scott,Bournemouth,60,Premier League,Midfielder,2026/27,0.2018,0.0,0.1271,0.0848,1.4126,0.2018,0.0,0.2018,41.1659,50.4484,2.2197,3.2287,7.2646,0.4036,0.0,11.3004,0.8072,0.0,1.009,71.2332,1.009,0.0,1.6143,7.2646,1.4126,0.8072,0.0,0.6054,0.0,0.2018,0.0,0.0,0.0
0,0,0.84,0.28,4,1,0,2,217,249,1,20,32,0,0,43,0,0,0,324,4,0,8,14,38,0,0,19,0,2,0,0,0,450,5,1006069,António Silva,antonio-silva,Bournemouth,60,Premier League,Defender,2026/27,0.0,0.0,0.168,0.056,0.8,0.2,0.0,0.4,43.4,49.8,0.2,4.0,6.4,0.0,0.0,8.6,0.0,0.0,0.0,64.8,0.8,0.0,1.6,2.8,7.6,0.0,0.0,3.8,0.0,0.4,0.0,0.0,0.0
0,3,0.87,0.52,8,2,3,4,72,102,6,2,4,1,0,22,2,0,4,170,2,0,5,13,6,3,0,10,0,1,0,0,0,425,5,998490,Evanilson,evanilson,Bournemouth,60,Premier League,Forward,2026/27,0.0,0.6353,0.1842,0.1101,1.6941,0.4235,0.6353,0.8471,15.2471,21.6,1.2706,0.4235,0.8471,0.2118,0.0,4.6588,0.4235,0.0,0.8471,36.0,0.4235,0.0,1.0588,2.7529,1.2706,0.6353,0.0,2.1176,0.0,0.2118,0.0,0.0,0.0
0,0,0.0,0.79,0,0,2,0,196,257,6,22,60,1,0,27,0,0,0,334,5,0,6,11,31,0,0,16,0,1,0,0,0,450,5,1156586,James Hill,james-hill,Bournemouth,60,Premier League,Defender,2026/27,0.0,0.0,0.0,0.158,0.0,0.0,0.4,0.0,39.2,51.4,1.2,4.4,12.0,0.2,0.0,5.4,0.0,0.0,0.0,66.8,1.0,0.0,1.2,2.2,6.2,0.0,0.0,3.2,0.0,0.2,0.0,0.0,0.0
3,0,1.7,0.91,13,8,3,0,131,155,9,5,6,8,0,46,4,0,11,269,6,0,0,26,5,1,0,3,0,2,0,0,0,427,5,895576,Marcus Tavernier,marcus-tavernier,Bournemouth,60,Premier League,Midfielder,2026/27,0.6323,0.0,0.3583,0.1918,2.74,1.6862,0.6323,0.0,27.6112,32.6698,1.897,1.0539,1.2646,1.6862,0.0,9.6956,0.8431,0.0,2.3185,56.6979,1.2646,0.0,0.0,5.4801,1.0539,0.2108,0.0,0.6323,0.0,0.4215,0.0,0.0,0.0
0,0,0.86,0.43,12,4,1,3,53,85,3,1,4,2,0,26,2,0,3,154,3,0,2,4,4,3,0,15,0,0,0,0,0,438,5,1464966,Rayan,rayan,Bournemouth,60,Premier League,Midfielder,2026/27,0.0,0.0,0.1767,0.0884,2.4658,0.8219,0.2055,0.6164,10.8904,17.4658,0.6164,0.2055,0.8219,0.411,0.0,5.3425,0.411,0.0,0.6164,31.6438,0.6164,0.0,0.411,0.8219,0.8219,0.6164,0.0,3.0822,0.0,0.0,0.0,0.0,0.0
1,0,3.13,0.17,13,4,0,4,82,107,2,3,6,0,0,31,3,0,5,177,2,0,0,12,2,1,0,15,0,2,0,0,0,443,5,1016907,Igor Thiago,igor-thiago,Brentford,50,Premier League,Forward,2026/27,0.2032,0.0,0.6359,0.0345,2.6411,0.8126,0.0,0.8126,16.6591,21.7381,0.4063,0.6095,1.219,0.0,0.0,6.298,0.6095,0.0,1.0158,35.9594,0.4063,0.0,0.0,2.4379,0.4063,0.2032,0.0,3.0474,0.0,0.4063,0.0,0.0,0.0
1,1,1.2,0.79,9,2,1,1,127,162,7,6,21,7,0,44,3,0,4,271,3,0,4,15,11,4,0,4,0,0,0,0,1,409,5,972421,Keane Lewis-Potter,keane-lewis-potter,Brentford,50,Premier League,Defender,2026/27,0.22,0.22,0.2641,0.1738,1.9804,0.4401,0.22,0.22,27.9462,35.6479,1.5403,1.3203,4.621,1.5403,0.0,9.6822,0.6601,0.0,0.8802,59.6333,0.6601,0.0,0.8802,3.3007,2.4205,0.8802,0.0,0.8802,0.0,0.0,0.0,0.0,0.22
3,0,1.52,0.32,13,6,0,1,67,105,3,2,6,1,0,35,4,0,9,216,5,0,0,21,5,4,0,15,0,0,0,1,0,448,5,1006387,Kevin Schade,kevin-schade,Brentford,50,Premier League,Midfielder,2026/27,0.6027,0.0,0.3054,0.0643,2.6116,1.2054,0.0,0.2009,13.4598,21.0938,0.6027,0.4018,1.2054,0.2009,0.0,7.0312,0.8036,0.0,1.808,43.3929,1.0045,0.0,0.0,4.2188,1.0045,0.8036,0.0,3.0134,0.0,0.0,0.0,0.2009,0.0
0,0,0.12,0.08,2,1,0,0,168,206,3,6,18,0,0,23,0,0,2,273,1,0,7,11,37,0,0,20,0,1,0,0,0,450,5,576384,Kristoffer Ajer,kristoffer-ajer,Brentford,50,Premier League,Defender,2026/27,0.0,0.0,0.024,0.016,0.4,0.2,0.0,0.0,33.6,41.2,0.6,1.2,3.6,0.0,0.0,4.6,0.0,0.0,0.4,54.6,0.2,0.0,1.4,2.2,7.4,0.0,0.0,4.0,0.0,0.2,0.0,0.0,0.0
0,1,0.41,0.65,6,1,1,0,123,154,4,6,15,0,0,38,6,0,5,228,7,0,6,22,5,2,0,4,0,2,0,0,0,322,5,1064697,Mamadou Sangare,mamadou-sangare,Brentford,50,Premier League,Midfielder,2026/27,0.0,0.2795,0.1146,0.1817,1.677,0.2795,0.2795,0.0,34.3789,43.0435,1.118,1.677,4.1925,0.0,0.0,10.6211,1.677,0.0,1.3975,63.7267,1.9565,0.0,1.677,6.1491,1.3975,0.559,0.0,1.118,0.0,0.559,0.0,0.0,0.0
2,0,0.53,0.43,4,2,0,0,184,223,5,11,18,7,0,49,1,0,3,312,10,0,16,20,7,2,0,4,0,3,0,0,0,450,5,814873,Vitaly Janelt,vitaly-janelt,Brentford,50,Premier League,Midfielder,2026/27,0.4,0.0,0.106,0.086,0.8,0.4,0.0,0.0,36.8,44.6,1.0,2.2,3.6,1.4,0.0,9.8,0.2,0.0,0.6,62.4,2.0,0.0,3.2,4.0,1.4,0.4,0.0,0.8,0.0,0.6,0.0,0.0,0.0
2,1,1.35,0.07,13,5,0,4,59,80,2,2,3,0,0,23,5,0,8,159,1,0,0,18,5,2,0,8,0,1,0,1,0,356,5,1416535,Charalampos Kostoulas,kostoulas-charalampos,Brighton & Hove Albion,30,Premier League,Forward,2026/27,0.5056,0.2528,0.3413,0.0177,3.2865,1.264,0.0,1.0112,14.9157,20.2247,0.5056,0.5056,0.7584,0.0,0.0,5.8146,1.264,0.0,2.0225,40.1966,0.2528,0.0,0.0,4.5506,1.264,0.5056,0.0,2.0225,0.0,0.2528,0.0,0.2528,0.0
0,2,0.79,0.79,14,4,2,2,118,151,7,6,8,3,0,47,1,0,9,243,6,0,4,16,3,3,0,17,0,0,0,0,0,436,5,1065588,Diego Gómez,diego-gomez,Brighton & Hove Albion,30,Premier League,Midfielder,2026/27,0.0,0.4128,0.1631,0.1631,2.8899,0.8257,0.4128,0.4128,24.3578,31.1697,1.445,1.2385,1.6514,0.6193,0.0,9.7018,0.2064,0.0,1.8578,50.1606,1.2385,0.0,0.8257,3.3028,0.6193,0.6193,0.0,3.5092,0.0,0.0,0.0,0.0,0.0
0,0,0.12,0.13,4,1,0,0,131,149,4,8,13,0,0,47,1,0,0,201,1,0,1,8,7,1,0,0,0,1,0,0,0,334,4,825844,Ferdi Kadıoğlu,ferdi-kadioglu,Brighton & Hove Albion,30,Premier League,Defender,2026/27,0.0,0.0,0.0323,0.035,1.0778,0.2695,0.0,0.0,35.2994,40.1497,1.0778,2.1557,3.503,0.0,0.0,12.6647,0.2695,0.0,0.0,54.1617,0.2695,0.0,0.2695,2.1557,1.8862,0.2695,0.0,0.0,0.0,0.2695,0.0,0.0,0.0
1,0,0.03,0.08,1,1,0,0,360,390,0,10,23,0,0,49,1,0,0,432,2,0,1,13,16,0,0,13,0,1,0,0,0,360,4,115365,Lewis Dunk,lewis-dunk,Brighton & Hove Albion,30,Premier League,Defender,2026/27,0.25,0.0,0.0075,0.02,0.25,0.25,0.0,0.0,90.0,97.5,0.0,2.5,5.75,0.0,0.0,12.25,0.25,0.0,0.0,108.0,0.5,0.0,0.25,3.25,4.0,0.0,0.0,3.25,0.0,0.25,0.0,0.0,0.0
1,0,0.46,0.07,8,1,0,1,325,358,0,18,32,0,0,41,1,0,2,438,4,0,3,17,31,2,0,16,0,0,0,0,0,438,5,1405212,Luka Vušković,luka-vuskovic,Brighton & Hove Albion,30,Premier League,Defender,2026/27,0.2055,0.0,0.0945,0.0144,1.6438,0.2055,0.0,0.2055,66.7808,73.5616,0.0,3.6986,6.5753,0.0,0.0,8.4247,0.2055,0.0,0.411,90.0,0.8219,0.0,0.6164,3.4932,6.3699,0.411,0.0,3.2877,0.0,0.0,0.0,0.0,0.0
1,2,1.55,0.67,7,1,3,1,171,196,12,11,17,9,0,70,2,0,1,282,5,0,2,18,6,2,0,0,0,2,0,0,0,425,5,997152,Maxim De Cuyper,maxim-de-cuyper,Brighton & Hove Albion,30,Premier League,Defender,2026/27,0.2118,0.4235,0.3282,0.1419,1.4824,0.2118,0.6353,0.2118,36.2118,41.5059,2.5412,2.3294,3.6,1.9059,0.0,14.8235,0.4235,0.0,0.2118,59.7176,1.0588,0.0,0.4235,3.8118,1.2706,0.4235,0.0,0.0,0.0,0.4235,0.0,0.0,0.0
0,0,0.07,0.52,3,1,2,0,246,290,7,24,38,5,0,72,0,0,0,385,4,0,7,17,17,1,0,8,0,1,0,0,0,437,5,788784,Olivier Boscagli,olivier-boscagli,Brighton & Hove Albion,30,Premier League,Defender,2026/27,0.0,0.0,0.0144,0.1071,0.6178,0.2059,0.4119,0.0,50.6636,59.7254,1.4416,4.9428,7.8261,1.0297,0.0,14.8284,0.0,0.0,0.0,79.2906,0.8238,0.0,1.4416,3.5011,3.5011,0.2059,0.0,1.6476,0.0,0.2059,0.0,0.0,0.0
3,3,1.78,0.85,10,3,4,1,284,319,15,12,27,7,0,80,0,0,2,411,5,0,4,10,4,2,0,4,0,2,0,0,0,450,5,48480,Pascal Groß,pascal-gro,Brighton & Hove Albion,30,Premier League,Midfielder,2026/27,0.6,0.6,0.356,0.17,2.0,0.6,0.8,0.2,56.8,63.8,3.0,2.4,5.4,1.4,0.0,16.0,0.0,0.0,0.4,82.2,1.0,0.0,0.8,2.0,0.8,0.4,0.0,0.8,0.0,0.4,0.0,0.0,0.0
1,0,0.7,0.18,10,3,0,0,152,167,3,7,10,0,0,36,3,0,2,211,1,0,2,15,2,3,0,1,0,1,0,0,0,334,4,1036269,Yasin Ayari,yasin-ayari,Brighton & Hove Albion,30,Premier League,Midfielder,2026/27,0.2695,0.0,0.1886,0.0485,2.6946,0.8084,0.0,0.0,40.9581,45.0,0.8084,1.8862,2.6946,0.0,0.0,9.7006,0.8084,0.0,0.5389,56.8563,0.2695,0.0,0.5389,4.0419,0.5389,0.8084,0.0,0.2695,0.0,0.2695,0.0,0.0,0.0
2,2,1.32,0.79,17,5,4,1,137,169,11,7,17,2,0,64,9,0,10,260,2,0,1,19,1,5,0,1,0,1,0,0,0,443,5,982780,Cole Palmer,cole-palmer,Chelsea,38,Premier League,Midfielder,2026/27,0.4063,0.4063,0.2682,0.1605,3.4537,1.0158,0.8126,0.2032,27.833,34.3341,2.2348,1.4221,3.4537,0.4063,0.0,13.0023,1.8284,0.0,2.0316,52.8217,0.4063,0.0,0.2032,3.86,0.2032,1.0158,0.0,0.2032,0.0,0.2032,0.0,0.0,0.0
3,3,2.16,0.18,11,4,1,1,56,84,7,2,4,1,0,29,7,0,5,160,1,0,0,5,3,3,0,14,0,1,0,0,0,360,4,975079,João Pedro,joao-pedro,Chelsea,38,Premier League,Forward,2026/27,0.75,0.75,0.54,0.045,2.75,1.0,0.25,0.25,14.0,21.0,1.75,0.5,1.0,0.25,0.0,7.25,1.75,0.0,1.25,40.0,0.25,0.0,0.0,1.25,0.75,0.75,0.0,3.5,0.0,0.25,0.0,0.0,0.0
0,0,0.01,0.06,1,0,0,0,168,193,1,1,9,0,0,22,1,0,0,239,3,0,4,15,17,1,0,9,0,1,0,0,0,342,4,996911,Levi Colwill,levi-colwill,Chelsea,38,Premier League,Defender,2026/27,0.0,0.0,0.0026,0.0158,0.2632,0.0,0.0,0.0,44.2105,50.7895,0.2632,0.2632,2.3684,0.0,0.0,5.7895,0.2632,0.0,0.0,62.8947,0.7895,0.0,1.0526,3.9474,4.4737,0.2632,0.0,2.3684,0.0,0.2632,0.0,0.0,0.0
0,1,0.15,0.22,2,0,1,1,167,186,1,6,12,0,0,10,0,0,2,253,6,0,6,8,26,0,0,12,0,1,0,0,0,371,5,879674,Maxence Lacroix,maxence-lacroix,Chelsea,38,Premier League,Defender,2026/27,0.0,0.2426,0.0364,0.0534,0.4852,0.0,0.2426,0.2426,40.5121,45.1213,0.2426,1.4555,2.9111,0.0,0.0,2.4259,0.0,0.0,0.4852,61.3747,1.4555,0.0,1.4555,1.9407,6.3073,0.0,0.0,2.9111,0.0,0.2426,0.0,0.0,0.0
3,1,1.71,1.24,15,5,2,1,105,135,11,8,10,1,0,58,9,0,4,225,2,0,0,23,3,6,0,8,0,1,0,0,0,439,5,948261,Morgan Rogers,morgan-rogers,Chelsea,38,Premier League,Midfielder,2026/27,0.615,0.205,0.3506,0.2542,3.0752,1.0251,0.41,0.205,21.5262,27.6765,2.2551,1.6401,2.0501,0.205,0.0,11.8907,1.8451,0.0,0.82,46.1276,0.41,0.0,0.0,4.7153,0.615,1.2301,0.0,1.6401,0.0,0.205,0.0,0.0,0.0
1,0,0.67,0.58,7,4,1,1,90,108,5,0,5,6,0,48,7,0,3,195,4,0,5,14,3,1,0,2,0,0,0,0,0,336,5,879349,Pedro Neto,pedro-neto,Chelsea,38,Premier League,Midfielder,2026/27,0.2679,0.0,0.1795,0.1554,1.875,1.0714,0.2679,0.2679,24.1071,28.9286,1.3393,0.0,1.3393,1.6071,0.0,12.8571,1.875,0.0,0.8036,52.2321,1.0714,0.0,1.3393,3.75,0.8036,0.2679,0.0,0.5357,0.0,0.0,0.0,0.0,0.0
0,0,0.0,0.08,0,0,0,0,156,170,2,6,10,0,0,34,1,0,2,243,5,0,10,11,27,0,0,9,0,1,0,0,0,315,4,923894,Wesley Fofana,wesley-fofana,Chelsea,38,Premier League,Defender,2026/27,0.0,0.0,0.0,0.0229,0.0,0.0,0.0,0.0,44.5714,48.5714,0.5714,1.7143,2.8571,0.0,0.0,9.7143,0.2857,0.0,0.5714,69.4286,1.4286,0.0,2.8571,3.1429,7.7143,0.0,0.0,2.5714,0.0,0.2857,0.0,0.0,0.0
0,0,0.02,0.39,1,0,0,0,137,162,1,17,26,0,0,23,1,0,2,199,1,0,3,11,16,0,0,14,0,1,0,0,0,360,4,999276,Aurèle Amenda,aurele-amenda,Coventry City,11,Premier League,Defender,2026/27,0.0,0.0,0.005,0.0975,0.25,0.0,0.0,0.0,34.25,40.5,0.25,4.25,6.5,0.0,0.0,5.75,0.25,0.0,0.5,49.75,0.25,0.0,0.75,2.75,4.0,0.0,0.0,3.5,0.0,0.25,0.0,0.0,0.0
0,0,0.49,0.29,10,0,1,0,142,178,3,9,26,0,0,23,1,0,0,258,2,0,7,16,36,2,0,15,0,0,0,0,1,438,5,1033352,Bobby Thomas,bobby-thomas,Coventry City,11,Premier League,Defender,2026/27,0.0,0.0,0.1007,0.0596,2.0548,0.0,0.2055,0.0,29.1781,36.5753,0.6164,1.8493,5.3425,0.0,0.0,4.726,0.2055,0.0,0.0,53.0137,0.411,0.0,1.4384,3.2877,7.3973,0.411,0.0,3.0822,0.0,0.0,0.0,0.0,0.2055
0,0,0.03,0.02,1,1,0,0,59,85,0,8,14,0,0,11,0,0,0,120,2,0,6,14,3,0,0,3,0,0,0,0,0,316,4,885864,Frank Onyeka,frank-onyeka,Coventry City,11,Premier League,Midfielder,2026/27,0.0,0.0,0.0085,0.0057,0.2848,0.2848,0.0,0.0,16.8038,24.2089,0.0,2.2785,3.9873,0.0,0.0,3.1329,0.0,0.0,0.0,34.1772,0.5696,0.0,1.7089,3.9873,0.8544,0.0,0.0,0.8544,0.0,0.0,0.0,0.0,0.0
0,0,0.91,1.12,6,3,0,3,77,101,9,2,5,8,0,27,1,0,2,173,2,0,3,21,4,1,0,8,0,0,0,0,0,301,5,979565,Jack Rudoni,jack-rudoni,Coventry City,11,Premier League,Midfielder,2026/27,0.0,0.0,0.2721,0.3349,1.794,0.897,0.0,0.897,23.0233,30.1993,2.691,0.598,1.495,2.392,0.0,8.0731,0.299,0.0,0.598,51.7276,0.598,0.0,0.897,6.2791,1.196,0.299,0.0,2.392,0.0,0.0,0.0,0.0,0.0
1,0,0.5,0.53,3,2,1,0,126,153,4,1,7,3,0,45,7,0,2,232,4,0,4,14,10,0,0,4,0,0,0,0,0,445,5,791985,Jay DaSilva,jay-dasilva,Coventry City,11,Premier League,Defender,2026/27,0.2022,0.0,0.1011,0.1072,0.6067,0.4045,0.2022,0.0,25.4831,30.9438,0.809,0.2022,1.4157,0.6067,0.0,9.1011,1.4157,0.0,0.4045,46.9213,0.809,0.0,0.809,2.8315,2.0225,0.0,0.0,0.809,0.0,0.0,0.0,0.0,0.0
0,0,0.11,0.14,4,0,0,0,204,243,2,7,23,3,0,48,0,0,0,302,4,0,2,16,8,2,0,6,0,0,0,0,0,444,5,340713,Matt Grimes,matt-grimes,Coventry City,11,Premier League,Midfielder,2026/27,0.0,0.0,0.0223,0.0284,0.8108,0.0,0.0,0.0,41.3514,49.2568,0.4054,1.4189,4.6622,0.6081,0.0,9.7297,0.0,0.0,0.0,61.2162,0.8108,0.0,0.4054,3.2432,1.6216,0.4054,0.0,1.2162,0.0,0.0,0.0,0.0,0.0
0,0,0.0,0.3,0,0,0,0,99,115,3,6,11,3,0,31,1,0,3,197,4,0,5,13,13,0,1,4,0,1,0,0,0,360,4,948723,Milan van Ewijk,milan-van-ewijk,Coventry City,11,Premier League,Defender,2026/27,0.0,0.0,0.0,0.075,0.0,0.0,0.0,0.0,24.75,28.75,0.75,1.5,2.75,0.75,0.0,7.75,0.25,0.0,0.75,49.25,1.0,0.0,1.25,3.25,3.25,0.0,0.25,1.0,0.0,0.25,0.0,0.0,0.0
0,0,0.15,0.57,4,1,2,0,165,214,7,10,18,1,0,48,1,0,6,291,5,0,6,15,9,2,0,1,0,1,0,0,0,437,5,1109771,Adam Wharton,adam-wharton,Crystal Palace,7,Premier League,Midfielder,2026/27,0.0,0.0,0.0309,0.1174,0.8238,0.2059,0.4119,0.0,33.9817,44.0732,1.4416,2.0595,3.7071,0.2059,0.0,9.8856,0.2059,0.0,1.2357,59.9314,1.0297,0.0,1.2357,3.0892,1.8535,0.4119,0.0,0.2059,0.0,0.2059,0.0,0.0,0.0
1,0,0.96,0.32,7,1,0,2,116,149,3,10,18,1,0,31,6,0,0,288,12,0,6,26,15,1,0,5,0,1,0,0,0,380,5,1403362,Anan Khalaili,anan-khalaili,Crystal Palace,7,Premier League,Midfielder,2026/27,0.2368,0.0,0.2274,0.0758,1.6579,0.2368,0.0,0.4737,27.4737,35.2895,0.7105,2.3684,4.2632,0.2368,0.0,7.3421,1.4211,0.0,0.0,68.2105,2.8421,0.0,1.4211,6.1579,3.5526,0.2368,0.0,1.1842,0.0,0.2368,0.0,0.0,0.0
0,0,0.08,0.07,2,2,0,0,200,225,0,7,19,0,0,21,2,0,1,314,6,0,7,16,33,0,0,6,0,1,0,0,0,450,5,931844,Chris Richards,chris-richards,Crystal Palace,7,Premier League,Defender,2026/27,0.0,0.0,0.016,0.014,0.4,0.4,0.0,0.0,40.0,45.0,0.0,1.4,3.8,0.0,0.0,4.2,0.4,0.0,0.2,62.8,1.2,0.0,1.4,3.2,6.6,0.0,0.0,1.2,0.0,0.2,0.0,0.0,0.0
0,3,0.47,0.38,4,1,2,1,173,199,6,5,9,1,0,50,2,0,4,259,9,0,1,23,3,1,0,2,0,1,0,0,0,443,5,794338,Daichi Kamada,daichi-kamada,Crystal Palace,7,Premier League,Midfielder,2026/27,0.0,0.6095,0.0955,0.0772,0.8126,0.2032,0.4063,0.2032,35.1467,40.4289,1.219,1.0158,1.8284,0.2032,0.0,10.158,0.4063,0.0,0.8126,52.6185,1.8284,0.0,0.2032,4.6727,0.6095,0.2032,0.0,0.4063,0.0,0.2032,0.0,0.0,0.0
0,0,0.05,0.14,1,0,0,0,209,235,1,11,22,1,0,27,0,0,2,288,6,0,6,11,16,1,1,5,0,0,0,0,0,360,4,1471671,Jaydee Canvot,jaydee-canvot,Crystal Palace,7,Premier League,Defender,2026/27,0.0,0.0,0.0125,0.035,0.25,0.0,0.0,0.0,52.25,58.75,0.25,2.75,5.5,0.25,0.0,6.75,0.0,0.0,0.5,72.0,1.5,0.0,1.5,2.75,4.0,0.25,0.25,1.25,0.0,0.0,0.0,0.0,0.0
1,0,0.42,0.2,6,4,0,1,38,52,2,1,2,0,0,13,2,0,9,103,2,0,0,5,4,1,0,10,0,0,0,0,0,301,5,876599,Jørgen Strand Larsen,jorgen-strand-larsen,Crystal Palace,7,Premier League,Forward,2026/27,0.299,0.0,0.1256,0.0598,1.794,1.196,0.0,0.299,11.3621,15.5482,0.598,0.299,0.598,0.0,0.0,3.887,0.598,0.0,2.691,30.7973,0.598,0.0,0.0,1.495,1.196,0.299,0.0,2.99,0.0,0.0,0.0,0.0,0.0
2,0,0.77,0.26,5,2,1,1,110,145,5,1,9,1,0,34,2,0,5,261,7,0,2,23,11,1,0,3,0,0,0,0,0,421,5,988275,Tyrick Mitchell,tyrick-mitchell,Crystal Palace,7,Premier League,Midfielder,2026/27,0.4276,0.0,0.1646,0.0556,1.0689,0.4276,0.2138,0.2138,23.5154,30.9976,1.0689,0.2138,1.924,0.2138,0.0,7.2684,0.4276,0.0,1.0689,55.7957,1.4964,0.0,0.4276,4.9169,2.3515,0.2138,0.0,0.6413,0.0,0.0,0.0,0.0,0.0
0,0,0.51,0.56,6,1,3,1,103,132,5,4,7,3,0,28,2,0,2,201,3,0,1,16,3,1,0,2,0,1,0,0,0,311,5,984624,Yéremy Pino,yeremy-pino,Crystal Palace,7,Premier League,Forward,2026/27,0.0,0.0,0.1476,0.1621,1.7363,0.2894,0.8682,0.2894,29.8071,38.1994,1.4469,1.1576,2.0257,0.8682,0.0,8.1029,0.5788,0.0,0.5788,58.1672,0.8682,0.0,0.2894,4.6302,0.8682,0.2894,0.0,0.5788,0.0,0.2894,0.0,0.0,0.0
0,1,0.21,0.49,4,0,2,0,138,155,4,2,5,0,0,41,2,0,4,218,5,0,4,19,6,1,0,2,0,2,0,0,0,446,5,1627560,Harrison Armstrong,harrison-armstrong,Everton,48,Premier League,Midfielder,2026/27,0.0,0.2018,0.0424,0.0989,0.8072,0.0,0.4036,0.0,27.8475,31.278,0.8072,0.4036,1.009,0.0,0.0,8.2735,0.4036,0.0,0.8072,43.991,1.009,0.0,0.8072,3.8341,1.2108,0.2018,0.0,0.4036,0.0,0.4036,0.0,0.0,0.0
0,0,0.2,0.16,3,1,0,0,171,189,4,3,10,2,0,43,0,0,1,244,8,0,3,25,5,2,0,0,0,2,0,0,0,330,5,927361,James Garner,james-garner,Everton,48,Premier League,Midfielder,2026/27,0.0,0.0,0.0545,0.0436,0.8182,0.2727,0.0,0.0,46.6364,51.5455,1.0909,0.8182,2.7273,0.5455,0.0,11.7273,0.0,0.0,0.2727,66.5455,2.1818,0.0,0.8182,6.8182,1.3636,0.5455,0.0,0.0,0.0,0.5455,0.0,0.0,0.0
1,1,0.18,0.03,4,1,1,0,193,231,2,11,31,0,0,32,0,0,0,305,9,0,14,18,23,0,0,20,0,0,0,0,0,450,5,145188,James Tarkowski,james-tarkovsky,Everton,48,Premier League,Defender,2026/27,0.2,0.2,0.036,0.006,0.8,0.2,0.2,0.0,38.6,46.2,0.4,2.2,6.2,0.0,0.0,6.4,0.0,0.0,0.0,61.0,1.8,0.0,2.8,3.6,4.6,0.0,0.0,4.0,0.0,0.0,0.0,0.0,0.0
0,0,0.16,0.03,3,3,0,1,193,228,0,14,33,0,0,16,0,0,1,304,3,0,7,14,31,0,0,13,0,0,0,0,0,450,5,979563,Jarrad Branthwaite,jarrad-branthwaite,Everton,48,Premier League,Defender,2026/27,0.0,0.0,0.032,0.006,0.6,0.6,0.0,0.2,38.6,45.6,0.0,2.8,6.6,0.0,0.0,3.2,0.0,0.0,0.2,60.8,0.6,0.0,1.4,2.8,6.2,0.0,0.0,2.6,0.0,0.0,0.0,0.0,0.0
1,0,0.99,0.83,18,5,1,2,167,191,11,4,10,4,0,80,6,0,9,301,4,0,1,26,3,8,0,1,0,1,0,0,0,448,5,861970,Kiernan Dewsbury-Hall,kiernan-dewsbury-hall,Everton,48,Premier League,Midfielder,2026/27,0.2009,0.0,0.1989,0.1667,3.6161,1.0045,0.2009,0.4018,33.5491,38.3705,2.2098,0.8036,2.0089,0.8036,0.0,16.0714,1.2054,0.0,1.808,60.4688,0.8036,0.0,0.2009,5.2232,0.6027,1.6071,0.0,0.2009,0.0,0.2009,0.0,0.0,0.0
2,0,3.5,0.16,17,5,0,6,55,72,5,0,1,1,0,19,4,0,4,145,1,0,2,11,3,6,0,17,0,0,0,0,0,419,5,1395746,Thierno Barry,thierno-barry,Everton,48,Premier League,Forward,2026/27,0.4296,0.0,0.7518,0.0344,3.6516,1.074,0.0,1.2888,11.8138,15.4654,1.074,0.0,0.2148,0.2148,0.0,4.0811,0.8592,0.0,0.8592,31.1456,0.2148,0.0,0.4296,2.3628,0.6444,1.2888,0.0,3.6516,0.0,0.0,0.0,0.0,0.0
1,0,0.33,0.31,10,2,1,0,91,104,7,3,4,1,0,34,9,0,6,174,1,0,3,12,2,5,0,2,0,0,0,0,0,312,5,1403061,Tyrique George,tyrique-george,Everton,48,Premier League,Forward,2026/27,0.2885,0.0,0.0952,0.0894,2.8846,0.5769,0.2885,0.0,26.25,30.0,2.0192,0.8654,1.1538,0.2885,0.0,9.8077,2.5962,0.0,1.7308,50.1923,0.2885,0.0,0.8654,3.4615,0.5769,1.4423,0.0,0.5769,0.0,0.0,0.0,0.0,0.0
0,0,0.04,0.15,1,0,0,0,177,216,2,5,23,1,0,40,2,0,1,344,11,0,7,30,13,1,0,11,0,1,0,0,0,450,5,876643,Vitaliy Mykolenko,vitaliy-mykolenko,Everton,48,Premier League,Defender,2026/27,0.0,0.0,0.008,0.03,0.2,0.0,0.0,0.0,35.4,43.2,0.4,1.0,4.6,0.2,0.0,8.0,0.4,0.0,0.2,68.8,2.2,0.0,1.4,6.0,2.6,0.2,0.0,2.2,0.0,0.2,0.0,0.0,0.0
0,0,0.39,1.22,6,1,3,1,273,298,10,20,24,7,0,77,1,0,2,358,4,0,3,19,2,5,0,0,0,0,0,0,0,411,5,352770,Alex Iwobi,alex-iwobi,Fulham,43,Premier League,Midfielder,2026/27,0.0,0.0,0.0854,0.2672,1.3139,0.219,0.6569,0.219,59.781,65.2555,2.1898,4.3796,5.2555,1.5328,0.0,16.8613,0.219,0.0,0.438,78.3942,0.8759,0.0,0.6569,4.1606,0.438,1.0949,0.0,0.0,0.0,0.0,0.0,0.0,0.0
0,0,0.27,0.31,4,0,0,1,180,219,7,10,16,4,0,55,4,0,1,340,10,0,3,20,12,1,0,2,0,0,0,0,0,431,5,803174,Antonee Robinson,antonee-robinson,Fulham,43,Premier League,Defender,2026/27,0.0,0.0,0.0564,0.0647,0.8353,0.0,0.0,0.2088,37.587,45.7309,1.4617,2.0882,3.3411,0.8353,0.0,11.4849,0.8353,0.0,0.2088,70.9977,2.0882,0.0,0.6265,4.1763,2.5058,0.2088,0.0,0.4176,0.0,0.0,0.0,0.0,0.0
0,0,0.13,0.09,3,2,0,0,317,352,0,24,41,0,0,47,4,0,0,417,3,0,4,22,17,1,0,2,0,1,0,0,0,450,5,861972,Calvin Bassey,calvin-bassey,Fulham,43,Premier League,Defender,2026/27,0.0,0.0,0.026,0.018,0.6,0.4,0.0,0.0,63.4,70.4,0.0,4.8,8.2,0.0,0.0,9.4,0.8,0.0,0.0,83.4,0.6,0.0,0.8,4.4,3.4,0.2,0.0,0.4,0.0,0.2,0.0,0.0,0.0
1,0,2.34,0.57,15,2,1,3,66,90,3,0,0,0,0,24,4,0,4,163,1,0,1,9,5,8,0,16,0,0,0,0,0,427,5,1402716,Gonzalo García,gonzalo-garcia,Fulham,43,Premier League,Forward,2026/27,0.2108,0.0,0.4932,0.1201,3.1616,0.4215,0.2108,0.6323,13.911,18.9696,0.6323,0.0,0.0,0.0,0.0,5.0585,0.8431,0.0,0.8431,34.356,0.2108,0.0,0.2108,1.897,1.0539,1.6862,0.0,3.3724,0.0,0.0,0.0,0.0,0.0
2,0,1.54,0.46,14,7,1,2,137,162,4,2,6,0,0,46,7,0,4,236,4,0,1,16,3,3,0,1,0,1,0,0,0,427,5,1546231,Josh King,joshua-king,Fulham,43,Premier League,Midfielder,2026/27,0.4215,0.0,0.3246,0.097,2.9508,1.4754,0.2108,0.4215,28.8759,34.1452,0.8431,0.4215,1.2646,0.0,0.0,9.6956,1.4754,0.0,0.8431,49.7424,0.8431,0.0,0.2108,3.3724,0.6323,0.6323,0.0,0.2108,0.0,0.2108,0.0,0.0,0.0
0,0,0.54,1.15,4,1,1,0,97,114,8,0,2,5,0,42,3,0,6,191,1,0,5,15,0,1,0,1,0,0,0,0,0,348,5,1065216,Oscar Bobb,oscar-bobb,Fulham,43,Premier League,Midfielder,2026/27,0.0,0.0,0.1397,0.2974,1.0345,0.2586,0.2586,0.0,25.0862,29.4828,2.069,0.0,0.5172,1.2931,0.0,10.8621,0.7759,0.0,1.5517,49.3966,0.2586,0.0,1.2931,3.8793,0.0,0.2586,0.0,0.2586,0.0,0.0,0.0,0.0,0.0
0,0,0.08,0.36,2,1,1,0,222,243,6,4,9,0,0,34,0,0,4,274,2,0,1,8,4,1,0,2,0,0,0,0,0,352,5,793167,Sander Berge,sander-berge,Fulham,43,Premier League,Midfielder,2026/27,0.0,0.0,0.0205,0.092,0.5114,0.2557,0.2557,0.0,56.7614,62.1307,1.5341,1.0227,2.3011,0.0,0.0,8.6932,0.0,0.0,1.0227,70.0568,0.5114,0.0,0.2557,2.0455,1.0227,0.2557,0.0,0.5114,0.0,0.0,0.0,0.0,0.0
0,0,0.09,0.16,2,0,0,0,180,200,3,2,8,0,0,43,3,0,1,258,3,0,9,19,6,1,0,3,0,0,0,0,0,304,5,1131449,Shea Charles,shea-charles,Fulham,43,Premier League,Midfielder,2026/27,0.0,0.0,0.0266,0.0474,0.5921,0.0,0.0,0.0,53.2895,59.2105,0.8882,0.5921,2.3684,0.0,0.0,12.7303,0.8882,0.0,0.2961,76.3816,0.8882,0.0,2.6645,5.625,1.7763,0.2961,0.0,0.8882,0.0,0.0,0.0,0.0,0.0
0,1,0.68,0.39,4,2,0,1,167,210,4,4,21,1,0,32,1,0,0,309,5,0,4,18,15,0,0,3,0,2,0,0,0,410,5,329417,Timothy Castagne,timothy-castagne,Fulham,43,Premier League,Defender,2026/27,0.0,0.2195,0.1493,0.0856,0.878,0.439,0.0,0.2195,36.6585,46.0976,0.878,0.878,4.6098,0.2195,0.0,7.0244,0.2195,0.0,0.0,67.8293,1.0976,0.0,0.878,3.9512,3.2927,0.0,0.0,0.6585,0.0,0.439,0.0,0.0,0.0
0,0,0.05,0.01,3,1,0,0,100,128,0,4,11,0,0,8,0,0,1,202,3,0,6,12,39,0,0,9,0,1,0,0,0,438,5,100578,John Egan,john-egan,Hull City,96,Premier League,Defender,2026/27,0.0,0.0,0.0103,0.0021,0.6164,0.2055,0.0,0.0,20.5479,26.3014,0.0,0.8219,2.2603,0.0,0.0,1.6438,0.0,0.0,0.2055,41.5068,0.6164,0.0,1.2329,2.4658,8.0137,0.0,0.0,1.8493,0.0,0.2055,0.0,0.0,0.0
0,0,0.13,0.06,1,0,0,0,76,101,2,9,19,1,0,24,0,0,2,170,3,0,2,11,6,1,0,2,0,1,0,0,0,351,5,827587,Lewie Coyle,lewie-coyle,Hull City,96,Premier League,Defender,2026/27,0.0,0.0,0.0333,0.0154,0.2564,0.0,0.0,0.0,19.4872,25.8974,0.5128,2.3077,4.8718,0.2564,0.0,6.1538,0.0,0.0,0.5128,43.5897,0.7692,0.0,0.5128,2.8205,1.5385,0.2564,0.0,0.5128,0.0,0.2564,0.0,0.0,0.0
2,2,0.71,0.44,13,5,1,1,56,78,5,6,12,0,0,27,6,0,1,183,8,0,9,14,3,2,0,2,0,1,0,0,0,398,5,1125839,Mohamed Belloumi,mohamed-belloumi,Hull City,96,Premier League,Midfielder,2026/27,0.4523,0.4523,0.1606,0.0995,2.9397,1.1307,0.2261,0.2261,12.6633,17.6382,1.1307,1.3568,2.7136,0.0,0.0,6.1055,1.3568,0.0,0.2261,41.3819,1.809,0.0,2.0352,3.1658,0.6784,0.4523,0.0,0.4523,0.0,0.2261,0.0,0.0,0.0
0,1,1.23,0.14,10,3,0,3,54,91,6,3,3,0,0,24,4,0,3,169,1,0,1,9,8,3,0,25,0,3,0,0,0,442,5,367228,Oli McBurnie,oli-mcburnie,Hull City,96,Premier League,Forward,2026/27,0.0,0.2036,0.2505,0.0285,2.0362,0.6109,0.0,0.6109,10.9955,18.5294,1.2217,0.6109,0.6109,0.0,0.0,4.8869,0.8145,0.0,0.6109,34.4118,0.2036,0.0,0.2036,1.8326,1.629,0.6109,0.0,5.0905,0.0,0.6109,0.0,0.0,0.0
0,1,0.21,0.6,4,2,2,0,105,131,6,5,12,3,0,31,3,0,3,187,5,0,4,15,5,1,0,6,0,1,0,0,0,438,5,864474,Regan Slater,regan-slater,Hull City,96,Premier League,Midfielder,2026/27,0.0,0.2055,0.0432,0.1233,0.8219,0.411,0.411,0.0,21.5753,26.9178,1.2329,1.0274,2.4658,0.6164,0.0,6.3699,0.6164,0.0,0.6164,38.4247,1.0274,0.0,0.8219,3.0822,1.0274,0.2055,0.0,1.2329,0.0,0.2055,0.0,0.0,0.0
0,1,0.02,0.44,1,0,3,0,74,95,8,3,13,11,0,24,2,0,1,210,3,0,4,14,15,1,1,5,0,1,0,0,0,445,5,931304,Ryan Giles,ryan-giles,Hull City,96,Premier League,Defender,2026/27,0.0,0.2022,0.004,0.089,0.2022,0.0,0.6067,0.0,14.9663,19.2135,1.618,0.6067,2.6292,2.2247,0.0,4.8539,0.4045,0.0,0.2022,42.4719,0.6067,0.0,0.809,2.8315,3.0337,0.2022,0.2022,1.0112,0.0,0.2022,0.0,0.0,0.0
1,0,0.66,0.02,3,1,0,1,115,137,0,9,19,0,0,19,3,0,2,190,3,0,5,16,16,0,0,8,0,1,0,0,0,424,5,307274,Semi Ajayi,semi-ajayi,Hull City,96,Premier League,Defender,2026/27,0.2123,0.0,0.1401,0.0042,0.6368,0.2123,0.0,0.2123,24.4104,29.0802,0.0,1.9104,4.033,0.0,0.0,4.033,0.6368,0.0,0.4245,40.3302,0.6368,0.0,1.0613,3.3962,3.3962,0.0,0.0,1.6981,0.0,0.2123,0.0,0.0,0.0
0,1,0.17,1.1,4,1,4,0,52,74,8,4,8,10,0,18,12,0,10,192,6,0,5,11,3,0,0,3,0,2,1,0,0,357,5,1103589,Abdul Fatawu Issahaku,abdul-fatawu-issahaku,Ipswich Town,32,Premier League,Midfielder,2026/27,0.0,0.2521,0.0429,0.2773,1.0084,0.2521,1.0084,0.0,13.1092,18.6555,2.0168,1.0084,2.0168,2.521,0.0,4.5378,3.0252,0.0,2.521,48.4034,1.5126,0.0,1.2605,2.7731,0.7563,0.0,0.0,0.7563,0.0,0.5042,0.2521,0.0,0.0
0,0,0.07,0.26,1,0,0,0,149,202,6,7,28,4,0,19,2,0,1,321,2,0,6,18,31,0,0,16,0,0,0,0,0,450,5,856719,Dara O'Shea,dara-oshea,Ipswich Town,32,Premier League,Defender,2026/27,0.0,0.0,0.014,0.052,0.2,0.0,0.0,0.0,29.8,40.4,1.2,1.4,5.6,0.8,0.0,3.8,0.4,0.0,0.2,64.2,0.4,0.0,1.2,3.6,6.2,0.0,0.0,3.2,0.0,0.0,0.0,0.0,0.0
2,1,1.61,0.12,9,4,2,0,27,38,4,0,1,1,0,9,3,0,2,98,3,0,0,4,3,1,0,7,0,0,0,0,0,321,5,1128844,Emersonn,emersonn,Ipswich Town,32,Premier League,Forward,2026/27,0.5607,0.2804,0.4514,0.0336,2.5234,1.1215,0.5607,0.0,7.5701,10.6542,1.1215,0.0,0.2804,0.2804,0.0,2.5234,0.8411,0.0,0.5607,27.4766,0.8411,0.0,0.0,1.1215,0.8411,0.2804,0.0,1.9626,0.0,0.0,0.0,0.0,0.0
0,0,0.06,0.17,1,0,0,0,242,267,2,8,20,0,0,15,2,0,1,326,4,0,11,21,22,1,0,7,0,0,0,0,0,450,5,825719,Issa Diop,issa-diop,Ipswich Town,32,Premier League,Defender,2026/27,0.0,0.0,0.012,0.034,0.2,0.0,0.0,0.0,48.4,53.4,0.4,1.6,4.0,0.0,0.0,3.0,0.4,0.0,0.2,65.2,0.8,0.0,2.2,4.2,4.4,0.2,0.0,1.4,0.0,0.0,0.0,0.0,0.0
0,0,0.0,0.06,0,0,0,0,179,200,1,5,12,0,0,20,0,0,0,244,3,0,2,12,18,0,0,7,0,2,0,0,1,358,4,990821,Jacob Greaves,jacob-greaves,Ipswich Town,32,Premier League,Defender,2026/27,0.0,0.0,0.0,0.0151,0.0,0.0,0.0,0.0,45.0,50.2793,0.2514,1.257,3.0168,0.0,0.0,5.0279,0.0,0.0,0.0,61.3408,0.7542,0.0,0.5028,3.0168,4.5251,0.0,0.0,1.7598,0.0,0.5028,0.0,0.0,0.2514
0,2,1.27,0.9,17,4,2,1,103,122,6,4,7,0,0,39,8,0,12,213,2,0,3,24,2,5,0,1,0,1,0,0,0,415,5,973556,Julio Enciso,julio-enciso,Ipswich Town,32,Premier League,Midfielder,2026/27,0.0,0.4337,0.2754,0.1952,3.6867,0.8675,0.4337,0.2169,22.3373,26.4578,1.3012,0.8675,1.5181,0.0,0.0,8.4578,1.7349,0.0,2.6024,46.1928,0.4337,0.0,0.6506,5.2048,0.4337,1.0843,0.0,0.2169,0.0,0.2169,0.0,0.0,0.0
2,1,1.59,0.46,6,3,1,2,106,140,4,7,13,2,0,29,0,0,4,249,1,0,3,10,15,0,0,3,0,0,0,0,0,450,5,963493,Leif Davis,leif-davis,Ipswich Town,32,Premier League,Defender,2026/27,0.4,0.2,0.318,0.092,1.2,0.6,0.2,0.4,21.2,28.0,0.8,1.4,2.6,0.4,0.0,5.8,0.0,0.0,0.8,49.8,0.2,0.0,0.6,2.0,3.0,0.0,0.0,0.6,0.0,0.0,0.0,0.0,0.0
0,1,0.02,0.4,1,0,0,0,221,248,6,5,11,0,0,41,1,0,1,296,4,0,6,13,9,1,0,2,0,2,0,0,0,403,5,371222,Saša Lukić,sasa-lukic,Ipswich Town,32,Premier League,Midfielder,2026/27,0.0,0.2233,0.0045,0.0893,0.2233,0.0,0.0,0.0,49.3548,55.3846,1.34,1.1166,2.4566,0.0,0.0,9.1563,0.2233,0.0,0.2233,66.1042,0.8933,0.0,1.34,2.9032,2.0099,0.2233,0.0,0.4467,0.0,0.4467,0.0,0.0,0.0
1,0,0.97,0.31,7,2,0,2,99,144,6,8,12,4,0,34,2,0,3,267,6,0,11,21,14,3,0,12,0,0,0,0,0,448,5,889861,Anton Stach,anton-stach,Leeds United,34,Premier League,Midfielder,2026/27,0.2009,0.0,0.1949,0.0623,1.4062,0.4018,0.0,0.4018,19.8884,28.9286,1.2054,1.6071,2.4107,0.8036,0.0,6.8304,0.4018,0.0,0.6027,53.6384,1.2054,0.0,2.2098,4.2188,2.8125,0.6027,0.0,2.4107,0.0,0.0,0.0,0.0,0.0
3,0,3.12,0.09,11,7,0,4,37,69,1,0,0,0,0,16,1,0,0,123,0,0,0,13,9,2,0,24,0,3,0,0,0,421,5,372344,Dominic Calvert-Lewin,dominic-calvert-lewin,Leeds United,34,Premier League,Forward,2026/27,0.6413,0.0,0.667,0.0192,2.3515,1.4964,0.0,0.8551,7.9097,14.7506,0.2138,0.0,0.0,0.0,0.0,3.4204,0.2138,0.0,0.0,26.2945,0.0,0.0,0.0,2.7791,1.924,0.4276,0.0,5.1306,0.0,0.6413,0.0,0.0,0.0
0,0,0.08,0.26,2,0,0,0,184,222,5,7,21,1,0,23,1,0,2,316,6,0,11,24,10,1,0,4,0,0,0,0,0,450,5,847097,Ethan Ampadu,ethan-ampadu,Leeds United,34,Premier League,Midfielder,2026/27,0.0,0.0,0.016,0.052,0.4,0.0,0.0,0.0,36.8,44.4,1.0,1.4,4.2,0.2,0.0,4.6,0.2,0.0,0.4,63.2,1.2,0.0,2.2,4.8,2.0,0.2,0.0,0.8,0.0,0.0,0.0,0.0,0.0
0,1,0.22,0.42,4,2,1,0,110,150,4,5,20,2,0,22,0,0,2,256,9,0,8,14,18,1,0,11,0,0,0,0,0,450,5,827681,James Justin,james-justin,Leeds United,34,Premier League,Defender,2026/27,0.0,0.2,0.044,0.084,0.8,0.4,0.2,0.0,22.0,30.0,0.8,1.0,4.0,0.4,0.0,4.4,0.0,0.0,0.4,51.2,1.8,0.0,1.6,2.8,3.6,0.2,0.0,2.2,0.0,0.0,0.0,0.0,0.0
1,0,1.19,0.08,5,3,0,0,67,97,2,4,15,1,0,16,3,0,3,185,4,0,2,11,8,2,0,5,0,2,0,0,0,369,5,929132,Jayden Bogle,jayden-bogle,Leeds United,34,Premier League,Midfielder,2026/27,0.2439,0.0,0.2902,0.0195,1.2195,0.7317,0.0,0.0,16.3415,23.6585,0.4878,0.9756,3.6585,0.2439,0.0,3.9024,0.7317,0.0,0.7317,45.122,0.9756,0.0,0.4878,2.6829,1.9512,0.4878,0.0,1.2195,0.0,0.4878,0.0,0.0,0.0
0,0,0.12,0.59,2,1,2,0,166,184,2,8,10,0,0,24,0,0,3,231,1,0,4,8,18,0,0,6,0,0,0,0,0,326,4,282229,Nico Elvedi,nico-elvedi,Leeds United,34,Premier League,Defender,2026/27,0.0,0.0,0.0331,0.1629,0.5521,0.2761,0.5521,0.0,45.8282,50.7975,0.5521,2.2086,2.7607,0.0,0.0,6.6258,0.0,0.0,0.8282,63.773,0.2761,0.0,1.1043,2.2086,4.9693,0.0,0.0,1.6564,0.0,0.0,0.0,0.0,0.0
1,0,0.17,0.27,5,1,0,0,41,57,2,1,4,3,0,17,12,0,1,129,7,0,1,8,2,3,0,3,0,0,0,0,0,303,5,865523,Noah Okafor,noah-okafor,Leeds United,34,Premier League,Forward,2026/27,0.297,0.0,0.0505,0.0802,1.4851,0.297,0.0,0.0,12.1782,16.9307,0.5941,0.297,1.1881,0.8911,0.0,5.0495,3.5644,0.0,0.297,38.3168,2.0792,0.0,0.297,2.3762,0.5941,0.8911,0.0,0.8911,0.0,0.0,0.0,0.0,0.0
0,1,0.49,0.05,5,1,1,0,220,259,1,16,31,0,0,18,3,0,1,348,2,0,11,16,37,2,0,16,0,0,0,0,0,450,5,1118177,Tarik Muharemović,tarik-muharemovic,Leeds United,34,Premier League,Defender,2026/27,0.0,0.2,0.098,0.01,1.0,0.2,0.2,0.0,44.0,51.8,0.2,3.2,6.2,0.0,0.0,3.6,0.6,0.0,0.2,69.6,0.4,0.0,2.2,3.2,7.4,0.4,0.0,3.2,0.0,0.0,0.0,0.0,0.0
4,0,3.54,0.09,15,7,0,3,46,56,3,3,3,0,0,29,4,0,5,120,0,0,1,3,1,3,0,5,0,1,0,0,0,415,5,823941,Alexander Isak,alexander-isak,Liverpool FC,44,Premier League,Forward,2026/27,0.8675,0.0,0.7677,0.0195,3.253,1.5181,0.0,0.6506,9.9759,12.1446,0.6506,0.6506,0.6506,0.0,0.0,6.2892,0.8675,0.0,1.0843,26.0241,0.0,0.0,0.2169,0.6506,0.2169,0.6506,0.0,1.0843,0.0,0.2169,0.0,0.0,0.0
0,0,0.1,0.49,3,1,0,0,161,182,3,12,19,0,0,52,2,0,2,239,7,0,2,19,8,1,0,3,0,1,0,0,0,308,5,895324,Alexis Mac Allister,alexis-mac-allister,Liverpool FC,44,Premier League,Midfielder,2026/27,0.0,0.0,0.0292,0.1432,0.8766,0.2922,0.0,0.0,47.0455,53.1818,0.8766,3.5065,5.5519,0.0,0.0,15.1948,0.5844,0.0,0.5844,69.8377,2.0455,0.0,0.5844,5.5519,2.3377,0.2922,0.0,0.8766,0.0,0.2922,0.0,0.0,0.0
1,3,0.64,1.7,10,1,1,0,102,123,11,1,2,2,0,51,6,0,6,220,7,0,7,15,2,7,0,4,0,0,0,0,0,371,5,862967,Cody Gakpo,cody-gakpo,Liverpool FC,44,Premier League,Midfielder,2026/27,0.2426,0.7278,0.1553,0.4124,2.4259,0.2426,0.2426,0.0,24.7439,29.8383,2.6685,0.2426,0.4852,0.4852,0.0,12.372,1.4555,0.0,1.4555,53.3693,1.6981,0.0,1.6981,3.6388,0.4852,1.6981,0.0,0.9704,0.0,0.0,0.0,0.0,0.0
1,0,1.42,0.78,13,5,3,0,253,292,11,16,23,10,0,65,2,0,5,415,4,0,4,22,6,4,0,3,0,1,0,0,0,441,5,869856,Dominik Szoboszlai,dominik-szoboszlai,Liverpool FC,44,Premier League,Midfielder,2026/27,0.2041,0.0,0.2898,0.1592,2.6531,1.0204,0.6122,0.0,51.6327,59.5918,2.2449,3.2653,4.6939,2.0408,0.0,13.2653,0.4082,0.0,1.0204,84.6939,0.8163,0.0,0.8163,4.4898,1.2245,0.8163,0.0,0.6122,0.0,0.2041,0.0,0.0,0.0
0,1,0.99,0.39,12,3,0,0,181,225,9,5,12,0,0,70,6,0,5,310,4,0,0,25,3,7,0,4,0,1,0,0,0,403,5,1019322,Florian Wirtz,florian-wirtz,Liverpool FC,44,Premier League,Midfielder,2026/27,0.0,0.2233,0.2211,0.0871,2.6799,0.67,0.0,0.0,40.4218,50.2481,2.0099,1.1166,2.6799,0.0,0.0,15.6328,1.34,0.0,1.1166,69.2308,0.8933,0.0,0.0,5.5831,0.67,1.5633,0.0,0.8933,0.0,0.2233,0.0,0.0,0.0
0,0,0.0,0.14,0,0,0,0,319,353,3,23,36,0,0,60,3,0,1,413,6,0,8,21,13,0,0,10,0,1,0,0,0,417,5,1445625,Jérémy Jacquet,jeremy-jacquet,Liverpool FC,44,Premier League,Defender,2026/27,0.0,0.0,0.0,0.0302,0.0,0.0,0.0,0.0,68.8489,76.1871,0.6475,4.964,7.7698,0.0,0.0,12.9496,0.6475,0.0,0.2158,89.1367,1.295,0.0,1.7266,4.5324,2.8058,0.0,0.0,2.1583,0.0,0.2158,0.0,0.0,0.0
0,0,0.07,0.08,3,1,0,0,138,169,2,7,15,3,0,47,1,0,4,274,4,0,2,10,17,1,0,4,0,2,0,0,0,386,5,1097425,Miloš Kerkez,milos-kerkez,Liverpool FC,44,Premier League,Defender,2026/27,0.0,0.0,0.0163,0.0187,0.6995,0.2332,0.0,0.0,32.1762,39.4041,0.4663,1.6321,3.4974,0.6995,0.0,10.9585,0.2332,0.0,0.9326,63.886,0.9326,0.0,0.4663,2.3316,3.9637,0.2332,0.0,0.9326,0.0,0.4663,0.0,0.0,0.0
0,0,0.25,0.09,2,1,0,0,378,422,1,31,55,0,0,60,0,0,0,479,4,0,7,18,35,1,0,15,0,1,0,0,0,450,5,151545,Virgil van Dijk,virgil-van-dijk,Liverpool FC,44,Premier League,Defender,2026/27,0.0,0.0,0.05,0.018,0.4,0.2,0.0,0.0,75.6,84.4,0.2,6.2,11.0,0.0,0.0,12.0,0.0,0.0,0.0,95.8,0.8,0.0,1.4,3.6,7.0,0.2,0.0,3.0,0.0,0.2,0.0,0.0,0.0
2,3,0.34,1.16,7,4,2,0,151,169,10,0,1,3,0,63,4,0,9,268,4,0,1,14,1,2,0,2,0,0,0,0,0,450,5,934354,Antoine Semenyo,antoine-semenyo,Manchester City,17,Premier League,Midfielder,2026/27,0.4,0.6,0.068,0.232,1.4,0.8,0.4,0.0,30.2,33.8,2.0,0.0,0.2,0.6,0.0,12.6,0.8,0.0,1.8,53.6,0.8,0.0,0.2,2.8,0.2,0.4,0.0,0.4,0.0,0.0,0.0,0.0,0.0
0,0,0.1,0.67,4,1,2,0,397,441,3,14,25,3,0,83,4,0,3,537,7,0,8,23,10,0,0,5,0,1,0,0,0,415,5,994546,Elliot Anderson,elliot-anderson,Manchester City,17,Premier League,Midfielder,2026/27,0.0,0.0,0.0217,0.1453,0.8675,0.2169,0.4337,0.0,86.0964,95.6386,0.6506,3.0361,5.4217,0.6506,0.0,18.0,0.8675,0.0,0.6506,116.4578,1.5181,0.0,1.7349,4.988,2.1687,0.0,0.0,1.0843,0.0,0.2169,0.0,0.0,0.0
5,0,4.43,0.53,20,10,1,4,44,64,1,1,1,0,0,22,4,0,5,129,0,0,1,10,9,2,0,9,0,0,0,0,0,450,5,839956,Erling Haaland,erling-haaland,Manchester City,17,Premier League,Forward,2026/27,1.0,0.0,0.886,0.106,4.0,2.0,0.2,0.8,8.8,12.8,0.2,0.2,0.2,0.0,0.0,4.4,0.8,0.0,1.0,25.8,0.0,0.0,0.2,2.0,1.8,0.4,0.0,1.8,0.0,0.0,0.0,0.0,0.0
0,1,0.39,0.59,7,3,2,0,137,150,7,1,2,3,0,61,9,0,11,259,3,0,4,26,6,2,0,2,0,0,0,0,0,387,5,914309,Iliman Ndiaye,iliman-ndiaye,Manchester City,17,Premier League,Midfielder,2026/27,0.0,0.2326,0.0907,0.1372,1.6279,0.6977,0.4651,0.0,31.8605,34.8837,1.6279,0.2326,0.4651,0.6977,0.0,14.186,2.093,0.0,2.5581,60.2326,0.6977,0.0,0.9302,6.0465,1.3953,0.4651,0.0,0.4651,0.0,0.0,0.0,0.0,0.0
1,2,0.22,0.75,3,1,1,0,197,234,3,4,12,2,0,45,5,0,3,335,5,0,7,21,11,2,0,11,0,1,0,0,0,435,5,964994,Joško Gvardiol,josko-gvardiol,Manchester City,17,Premier League,Defender,2026/27,0.2069,0.4138,0.0455,0.1552,0.6207,0.2069,0.2069,0.0,40.7586,48.4138,0.6207,0.8276,2.4828,0.4138,0.0,9.3103,1.0345,0.0,0.6207,69.3103,1.0345,0.0,1.4483,4.3448,2.2759,0.4138,0.0,2.2759,0.0,0.2069,0.0,0.0,0.0
1,1,0.95,0.4,3,1,1,1,384,407,3,10,15,0,0,78,4,0,1,467,3,0,3,19,21,1,0,13,0,0,0,0,0,450,5,877994,Marc Guéhi,marc-guehi,Manchester City,17,Premier League,Defender,2026/27,0.2,0.2,0.19,0.08,0.6,0.2,0.2,0.2,76.8,81.4,0.6,2.0,3.0,0.0,0.0,15.6,0.8,0.0,0.2,93.4,0.6,0.0,0.6,3.8,4.2,0.2,0.0,2.6,0.0,0.0,0.0,0.0,0.0
3,2,0.72,1.54,9,4,3,0,231,253,12,11,16,6,0,60,5,0,6,314,0,0,1,9,2,3,0,0,0,1,0,0,0,305,5,979128,Rayan Cherki,cherki-rayan,Manchester City,17,Premier League,Midfielder,2026/27,0.8852,0.5902,0.2125,0.4544,2.6557,1.1803,0.8852,0.0,68.1639,74.6557,3.541,3.2459,4.7213,1.7705,0.0,17.7049,1.4754,0.0,1.7705,92.6557,0.0,0.0,0.2951,2.6557,0.5902,0.8852,0.0,0.0,0.0,0.2951,0.0,0.0,0.0
0,0,0.29,0.74,2,1,0,0,406,441,3,11,24,0,0,36,2,0,0,480,1,0,3,16,20,0,0,15,0,0,0,0,0,450,5,318941,Rúben Dias,ruben-dias,Manchester City,17,Premier League,Defender,2026/27,0.0,0.0,0.058,0.148,0.4,0.2,0.0,0.0,81.2,88.2,0.6,2.2,4.8,0.0,0.0,7.2,0.4,0.0,0.0,96.0,0.2,0.0,0.6,3.2,4.0,0.0,0.0,3.0,0.0,0.0,0.0,0.0,0.0
3,1,2.57,1.32,19,5,1,1,278,327,13,21,36,11,0,122,2,0,3,418,4,0,0,21,2,10,0,1,0,0,0,0,0,450,5,288205,Bruno Fernandes,bruno-fernandes,Manchester United,35,Premier League,Midfielder,2026/27,0.6,0.2,0.514,0.264,3.8,1.0,0.2,0.2,55.6,65.4,2.6,4.2,7.2,2.2,0.0,24.4,0.4,0.0,0.6,83.6,0.8,0.0,0.0,4.2,0.4,2.0,0.0,0.2,0.0,0.0,0.0,0.0,0.0
2,0,3.06,0.8,19,6,2,4,139,157,10,2,4,8,0,73,3,0,3,250,4,0,4,14,2,7,0,4,0,1,0,0,0,450,5,927083,Bryan Mbeumo,bryan-mbeumo,Manchester United,35,Premier League,Forward,2026/27,0.4,0.0,0.612,0.16,3.8,1.2,0.4,0.8,27.8,31.4,2.0,0.4,0.8,1.6,0.0,14.6,0.6,0.0,0.6,50.0,0.8,0.0,0.8,2.8,0.4,1.4,0.0,0.8,0.0,0.2,0.0,0.0,0.0
0,0,0.24,0.24,8,1,1,0,144,165,8,3,11,2,0,46,3,0,0,247,5,0,5,21,4,2,0,4,0,1,0,0,0,348,5,843200,Diogo Dalot,diogo-dalot,Manchester United,35,Premier League,Defender,2026/27,0.0,0.0,0.0621,0.0621,2.069,0.2586,0.2586,0.0,37.2414,42.6724,2.069,0.7759,2.8448,0.5172,0.0,11.8966,0.7759,0.0,0.0,63.8793,1.2931,0.0,1.2931,5.431,1.0345,0.5172,0.0,1.0345,0.0,0.2586,0.0,0.0,0.0
0,0,0.21,0.46,6,1,1,0,288,320,3,15,28,2,0,42,3,0,0,380,2,0,6,21,20,1,0,17,0,2,0,0,0,450,5,149380,Harry Maguire,harry-maguire,Manchester United,35,Premier League,Defender,2026/27,0.0,0.0,0.042,0.092,1.2,0.2,0.2,0.0,57.6,64.0,0.6,3.0,5.6,0.4,0.0,8.4,0.6,0.0,0.0,76.0,0.4,0.0,1.2,4.2,4.0,0.2,0.0,3.4,0.0,0.4,0.0,0.0,0.0
0,1,0.3,0.53,6,0,0,0,278,296,6,11,14,0,0,81,10,0,3,357,4,0,6,40,3,5,0,2,0,0,0,0,0,357,5,1142175,Kobbie Mainoo,kobbie-mainoo,Manchester United,35,Premier League,Midfielder,2026/27,0.0,0.2521,0.0756,0.1336,1.5126,0.0,0.0,0.0,70.084,74.6218,1.5126,2.7731,3.5294,0.0,0.0,20.4202,2.521,0.0,0.7563,90.0,1.0084,0.0,1.5126,10.084,0.7563,1.2605,0.0,0.5042,0.0,0.0,0.0,0.0,0.0
0,0,0.21,0.16,6,2,0,0,262,289,1,15,26,0,0,37,1,0,1,327,3,0,2,14,13,2,1,8,0,0,0,0,0,360,4,859999,Lisandro Martínez,lisandro-martinez,Manchester United,35,Premier League,Defender,2026/27,0.0,0.0,0.0525,0.04,1.5,0.5,0.0,0.0,65.5,72.25,0.25,3.75,6.5,0.0,0.0,9.25,0.25,0.0,0.25,81.75,0.75,0.0,0.5,3.5,3.25,0.5,0.25,2.0,0.0,0.0,0.0,0.0,0.0
0,1,0.03,0.57,2,0,1,0,173,199,5,4,8,6,0,55,0,0,2,286,4,0,6,7,8,1,0,6,0,1,0,0,0,336,4,190839,Luke Shaw,luke-shaw,Manchester United,35,Premier League,Defender,2026/27,0.0,0.2679,0.008,0.1527,0.5357,0.0,0.2679,0.0,46.3393,53.3036,1.3393,1.0714,2.1429,1.6071,0.0,14.7321,0.0,0.0,0.5357,76.6071,1.0714,0.0,1.6071,1.875,2.1429,0.2679,0.0,1.6071,0.0,0.2679,0.0,0.0,0.0
0,0,0.77,0.42,13,4,0,2,114,143,13,3,6,2,0,57,8,0,1,231,1,0,1,10,3,4,0,3,0,0,0,0,0,355,5,814590,Marcus Rashford,marcus-rashford,Manchester United,35,Premier League,Forward,2026/27,0.0,0.0,0.1952,0.1065,3.2958,1.0141,0.0,0.507,28.9014,36.2535,3.2958,0.7606,1.5211,0.507,0.0,14.4507,2.0282,0.0,0.2535,58.5634,0.2535,0.0,0.2535,2.5352,0.7606,1.0141,0.0,0.7606,0.0,0.0,0.0,0.0,0.0
1,1,0.63,0.84,13,4,3,0,113,131,8,1,2,0,0,55,3,0,6,202,2,0,1,9,0,4,0,0,0,0,0,1,0,410,5,886363,Matheus Cunha,matheus-cunha,Manchester United,35,Premier League,Forward,2026/27,0.2195,0.2195,0.1383,0.1844,2.8537,0.878,0.6585,0.0,24.8049,28.7561,1.7561,0.2195,0.439,0.0,0.0,12.0732,0.6585,0.0,1.3171,44.3415,0.439,0.0,0.2195,1.9756,0.0,0.878,0.0,0.0,0.0,0.0,0.0,0.2195,0.0
0,0,0.64,0.51,7,3,0,1,314,347,7,8,16,1,0,110,2,0,1,409,5,0,7,25,3,3,0,4,0,0,0,0,0,404,5,331737,Youri Tielemans,youri-tielemans,Manchester United,35,Premier League,Midfielder,2026/27,0.0,0.0,0.1426,0.1136,1.5594,0.6683,0.0,0.2228,69.9505,77.302,1.5594,1.7822,3.5644,0.2228,0.0,24.505,0.4455,0.0,0.2228,91.1139,1.1139,0.0,1.5594,5.5693,0.6683,0.6683,0.0,0.8911,0.0,0.0,0.0,0.0,0.0
0,1,0.14,0.09,3,0,0,0,98,116,2,3,8,3,0,15,4,0,1,207,3,0,1,15,13,2,0,4,0,0,0,0,0,328,4,1102791,Amar Dedić,amar-dedic,Newcastle United,39,Premier League,Defender,2026/27,0.0,0.2744,0.0384,0.0247,0.8232,0.0,0.0,0.0,26.8902,31.8293,0.5488,0.8232,2.1951,0.8232,0.0,4.1159,1.0976,0.0,0.2744,56.7988,0.8232,0.0,0.2744,4.1159,3.5671,0.5488,0.0,1.0976,0.0,0.0,0.0,0.0,0.0
1,2,0.62,0.49,8,4,1,1,83,101,6,3,6,1,0,37,2,0,3,186,2,0,3,16,11,1,0,4,0,0,0,0,0,449,5,855647,Harvey Barnes,harvey-barnes,Newcastle United,39,Premier League,Forward,2026/27,0.2004,0.4009,0.1243,0.0982,1.6036,0.8018,0.2004,0.2004,16.637,20.245,1.2027,0.6013,1.2027,0.2004,0.0,7.4165,0.4009,0.0,0.6013,37.2829,0.4009,0.0,0.6013,3.2071,2.2049,0.2004,0.0,0.8018,0.0,0.0,0.0,0.0,0.0
1,1,0.26,0.8,5,2,2,0,200,226,6,19,35,5,0,59,7,0,7,398,9,0,5,38,20,0,0,5,0,0,0,0,1,449,5,1136730,Lewis Hall,lewis-hall,Newcastle United,39,Premier League,Defender,2026/27,0.2004,0.2004,0.0521,0.1604,1.0022,0.4009,0.4009,0.0,40.0891,45.3007,1.2027,3.8085,7.0156,1.0022,0.0,11.8263,1.4031,0.0,1.4031,79.7773,1.804,0.0,1.0022,7.6169,4.0089,0.0,0.0,1.0022,0.0,0.0,0.0,0.0,0.2004
0,0,0.05,0.14,1,0,0,0,224,253,4,8,17,0,0,44,3,0,2,308,4,0,5,26,12,0,1,5,0,1,0,0,0,399,5,1400650,Lewis Miley,lewis-miley,Newcastle United,39,Premier League,Midfielder,2026/27,0.0,0.0,0.0113,0.0316,0.2256,0.0,0.0,0.0,50.5263,57.0677,0.9023,1.8045,3.8346,0.0,0.0,9.9248,0.6767,0.0,0.4511,69.4737,0.9023,0.0,1.1278,5.8647,2.7068,0.0,0.2256,1.1278,0.0,0.2256,0.0,0.0,0.0
0,0,0.0,0.08,0,0,0,0,219,260,1,14,41,0,0,13,2,0,0,322,0,0,2,10,35,0,0,18,0,0,0,0,0,450,5,1014286,Malick Thiaw,malick-thiaw,Newcastle United,39,Premier League,Defender,2026/27,0.0,0.0,0.0,0.016,0.0,0.0,0.0,0.0,43.8,52.0,0.2,2.8,8.2,0.0,0.0,2.6,0.4,0.0,0.0,64.4,0.0,0.0,0.4,2.0,7.0,0.0,0.0,3.6,0.0,0.0,0.0,0.0,0.0
0,0,0.06,0.19,2,1,0,1,247,285,0,11,40,0,0,11,0,0,1,365,2,0,5,14,42,1,0,17,0,1,0,0,0,450,5,910046,Sven Botman,sven-botman,Newcastle United,39,Premier League,Defender,2026/27,0.0,0.0,0.012,0.038,0.4,0.2,0.0,0.2,49.4,57.0,0.0,2.2,8.0,0.0,0.0,2.2,0.0,0.0,0.2,73.0,0.4,0.0,1.0,2.8,8.4,0.2,0.0,3.4,0.0,0.2,0.0,0.0,0.0
1,1,2.34,0.06,9,3,1,4,60,87,4,1,1,1,0,18,4,0,8,163,0,0,0,15,5,0,0,10,0,2,0,0,0,441,5,805123,Yoane Wissa,yoane-wissa,Newcastle United,39,Premier League,Forward,2026/27,0.2041,0.2041,0.4776,0.0122,1.8367,0.6122,0.2041,0.8163,12.2449,17.7551,0.8163,0.2041,0.2041,0.2041,0.0,3.6735,0.8163,0.0,1.6327,33.2653,0.0,0.0,0.0,3.0612,1.0204,0.0,0.0,2.0408,0.0,0.4082,0.0,0.0,0.0
1,0,1.25,0.93,11,2,2,2,36,50,5,0,3,0,0,18,3,0,4,111,0,0,1,15,2,3,0,2,0,1,0,0,0,321,5,944327,Dan Ndoye,dan-ndoye,Nottingham Forest,14,Premier League,Midfielder,2026/27,0.2804,0.0,0.3505,0.2607,3.0841,0.5607,0.5607,0.5607,10.0935,14.0187,1.4019,0.0,0.8411,0.0,0.0,5.0467,0.8411,0.0,1.1215,31.1215,0.0,0.0,0.2804,4.2056,0.5607,0.8411,0.0,0.5607,0.0,0.2804,0.0,0.0,0.0
0,0,0.05,0.03,2,0,0,0,119,145,1,8,22,0,0,21,0,0,0,212,2,0,3,8,24,0,0,7,0,2,0,0,0,360,4,1170722,Jair,jair-paula,Nottingham Forest,14,Premier League,Defender,2026/27,0.0,0.0,0.0125,0.0075,0.5,0.0,0.0,0.0,29.75,36.25,0.25,2.0,5.5,0.0,0.0,5.25,0.0,0.0,0.0,53.0,0.5,0.0,0.75,2.0,6.0,0.0,0.0,1.75,0.0,0.5,0.0,0.0,0.0
0,0,0.37,1.05,9,3,2,0,164,203,12,14,26,6,0,58,2,0,4,292,9,0,1,21,8,4,0,6,0,2,0,0,0,418,5,1003334,James McAtee,james-mcatee,Nottingham Forest,14,Premier League,Midfielder,2026/27,0.0,0.0,0.0797,0.2261,1.9378,0.6459,0.4306,0.0,35.311,43.7081,2.5837,3.0144,5.5981,1.2919,0.0,12.488,0.4306,0.0,0.8612,62.8708,1.9378,0.0,0.2153,4.5215,1.7225,0.8612,0.0,1.2919,0.0,0.4306,0.0,0.0,0.0
1,2,1.59,1.42,10,3,5,1,148,174,14,10,13,6,0,67,5,0,6,278,1,0,1,14,1,2,0,3,0,0,0,0,0,450,5,865912,Morgan Gibbs-White,morgan-gibbs-white,Nottingham Forest,14,Premier League,Midfielder,2026/27,0.2,0.4,0.318,0.284,2.0,0.6,1.0,0.2,29.6,34.8,2.8,2.0,2.6,1.2,0.0,13.4,1.0,0.0,1.2,55.6,0.2,0.0,0.2,2.8,0.2,0.4,0.0,0.6,0.0,0.0,0.0,0.0,0.0
0,1,0.42,0.37,5,0,0,0,208,239,5,20,35,0,0,42,4,0,2,333,7,0,7,18,35,2,0,9,0,1,0,0,0,448,5,1199282,Murillo,murillo,Nottingham Forest,14,Premier League,Defender,2026/27,0.0,0.2009,0.0844,0.0743,1.0045,0.0,0.0,0.0,41.7857,48.0134,1.0045,4.0179,7.0312,0.0,0.0,8.4375,0.8036,0.0,0.4018,66.8973,1.4062,0.0,1.4062,3.6161,7.0312,0.4018,0.0,1.808,0.0,0.2009,0.0,0.0,0.0
0,0,0.4,0.62,6,1,1,1,123,160,8,12,23,8,0,39,1,0,3,298,11,0,0,28,12,2,0,6,0,0,0,1,0,450,5,927356,Neco Williams,neco-williams,Nottingham Forest,14,Premier League,Defender,2026/27,0.0,0.0,0.08,0.124,1.2,0.2,0.2,0.2,24.6,32.0,1.6,2.4,4.6,1.6,0.0,7.8,0.2,0.0,0.6,59.6,2.2,0.0,0.0,5.6,2.4,0.4,0.0,1.2,0.0,0.0,0.0,0.2,0.0
0,0,0.04,0.57,2,1,0,0,83,115,4,6,17,2,0,18,4,0,3,209,4,0,3,14,9,1,0,4,0,2,0,0,0,309,4,800417,Ola Aina,ola-aina,Nottingham Forest,14,Premier League,Defender,2026/27,0.0,0.0,0.0117,0.166,0.5825,0.2913,0.0,0.0,24.1748,33.4951,1.165,1.7476,4.9515,0.5825,0.0,5.2427,1.165,0.0,0.8738,60.8738,1.165,0.0,0.8738,4.0777,2.6214,0.2913,0.0,1.165,0.0,0.5825,0.0,0.0,0.0
0,0,0.18,0.19,6,1,0,1,142,166,1,12,17,0,0,40,4,0,4,231,11,0,5,21,5,4,0,4,0,1,0,0,0,376,5,791079,Xaver Schlager,xaver-schlager,Nottingham Forest,14,Premier League,Midfielder,2026/27,0.0,0.0,0.0431,0.0455,1.4362,0.2394,0.0,0.2394,33.9894,39.734,0.2394,2.8723,4.0691,0.0,0.0,9.5745,0.9574,0.0,0.9574,55.2926,2.633,0.0,1.1968,5.0266,1.1968,0.9574,0.0,0.9574,0.0,0.2394,0.0,0.0,0.0
3,0,2.94,0.11,11,5,1,1,52,67,5,1,1,0,0,23,2,0,4,121,0,0,0,10,1,3,0,13,0,1,0,0,0,401,5,910048,Brian Brobbey,brian-brobbey,Sunderland,41,Premier League,Forward,2026/27,0.6733,0.0,0.6599,0.0247,2.4688,1.1222,0.2244,0.2244,11.6708,15.0374,1.1222,0.2244,0.2244,0.0,0.0,5.1621,0.4489,0.0,0.8978,27.1571,0.0,0.0,0.0,2.2444,0.2244,0.6733,0.0,2.9177,0.0,0.2244,0.0,0.0,0.0
0,0,0.31,0.17,5,0,0,1,172,207,2,11,23,0,0,17,1,0,1,288,4,0,4,12,31,2,0,26,0,2,0,1,0,450,5,958878,Daniel Ballard,daniel-ballard,Sunderland,41,Premier League,Defender,2026/27,0.0,0.0,0.062,0.034,1.0,0.0,0.0,0.2,34.4,41.4,0.4,2.2,4.6,0.0,0.0,3.4,0.2,0.0,0.2,57.6,0.8,0.0,0.8,2.4,6.2,0.4,0.0,5.2,0.0,0.4,0.0,0.2,0.0
1,1,2.05,1.34,10,3,4,2,113,145,8,2,5,6,0,40,6,0,4,227,5,0,3,11,0,0,0,3,0,0,0,0,0,439,5,984014,Enzo Le Fée,enzo-le-fee,Sunderland,41,Premier League,Midfielder,2026/27,0.205,0.205,0.4203,0.2747,2.0501,0.615,0.82,0.41,23.1663,29.7267,1.6401,0.41,1.0251,1.2301,0.0,8.2005,1.2301,0.0,0.82,46.5376,1.0251,0.0,0.615,2.2551,0.0,0.0,0.0,0.615,0.0,0.0,0.0,0.0,0.0
0,0,0.06,1.32,1,0,5,0,256,295,13,38,53,6,0,73,4,0,6,378,6,0,6,33,3,0,0,5,0,2,0,0,0,450,5,117777,Granit Xhaka,granit-xhaka,Sunderland,41,Premier League,Midfielder,2026/27,0.0,0.0,0.012,0.264,0.2,0.0,1.0,0.0,51.2,59.0,2.6,7.6,10.6,1.2,0.0,14.6,0.8,0.0,1.2,75.6,1.2,0.0,1.2,6.6,0.6,0.0,0.0,1.0,0.0,0.4,0.0,0.0,0.0
1,1,0.6,0.13,4,2,1,2,74,87,2,0,1,1,0,29,7,0,6,163,2,0,4,14,0,0,0,2,0,1,0,0,0,318,5,1116571,Nilson Angulo,nilson-angulo,Sunderland,41,Premier League,Midfielder,2026/27,0.283,0.283,0.1698,0.0368,1.1321,0.566,0.283,0.566,20.9434,24.6226,0.566,0.0,0.283,0.283,0.0,8.2075,1.9811,0.0,1.6981,46.1321,0.566,0.0,1.1321,3.9623,0.0,0.0,0.0,0.566,0.0,0.283,0.0,0.0,0.0
0,0,0.43,0.24,7,3,1,2,167,188,3,8,11,2,0,48,4,0,3,250,5,0,3,12,7,2,0,3,0,1,0,0,0,412,5,1171539,Noah Sadiki,noah-sadiki,Sunderland,41,Premier League,Midfielder,2026/27,0.0,0.0,0.0939,0.0524,1.5291,0.6553,0.2184,0.4369,36.4806,41.068,0.6553,1.7476,2.4029,0.4369,0.0,10.4854,0.8738,0.0,0.6553,54.6117,1.0922,0.0,0.6553,2.6214,1.5291,0.4369,0.0,0.6553,0.0,0.2184,0.0,0.0,0.0
0,0,0.76,0.27,5,1,1,2,98,132,2,7,14,5,0,21,2,0,2,240,9,0,6,16,25,3,0,9,0,1,0,0,0,360,4,780014,Nordi Mukiele,nordi-mukiele,Sunderland,41,Premier League,Defender,2026/27,0.0,0.0,0.19,0.0675,1.25,0.25,0.25,0.5,24.5,33.0,0.5,1.75,3.5,1.25,0.0,5.25,0.5,0.0,0.5,60.0,2.25,0.0,1.5,4.0,6.25,0.75,0.0,2.25,0.0,0.25,0.0,0.0,0.0
0,0,0.0,0.32,0,0,0,0,130,151,2,5,8,1,0,27,2,0,2,245,4,0,8,18,12,0,0,9,0,0,1,0,1,360,4,831424,Reinildo Mandava,reinildo-mandava,Sunderland,41,Premier League,Defender,2026/27,0.0,0.0,0.0,0.08,0.0,0.0,0.0,0.0,32.5,37.75,0.5,1.25,2.0,0.25,0.0,6.75,0.5,0.0,0.5,61.25,1.0,0.0,2.0,4.5,3.0,0.0,0.0,2.25,0.0,0.0,0.25,0.0,0.25
0,1,0.34,0.59,7,4,1,1,132,158,2,11,14,1,0,28,1,0,0,228,1,0,4,15,12,3,0,3,0,0,0,0,0,399,5,128587,Thomas Meunier,thomas-meunier,Sunderland,41,Premier League,Defender,2026/27,0.0,0.2256,0.0767,0.1331,1.5789,0.9023,0.2256,0.2256,29.7744,35.6391,0.4511,2.4812,3.1579,0.2256,0.0,6.3158,0.2256,0.0,0.0,51.4286,0.2256,0.0,0.9023,3.3835,2.7068,0.6767,0.0,0.6767,0.0,0.0,0.0,0.0,0.0
0,1,0.13,0.43,2,1,3,0,203,243,8,4,15,5,0,62,1,0,0,322,4,0,3,15,9,0,1,2,0,0,0,0,0,367,5,262911,Andy Robertson,andy-robertson,Tottenham Hotspur,33,Premier League,Defender,2026/27,0.0,0.2452,0.0319,0.1054,0.4905,0.2452,0.7357,0.0,49.782,59.5913,1.9619,0.9809,3.6785,1.2262,0.0,15.2044,0.2452,0.0,0.0,78.9646,0.9809,0.0,0.7357,3.6785,2.2071,0.0,0.2452,0.4905,0.0,0.0,0.0,0.0,0.0
0,0,0.24,0.05,3,1,0,1,123,139,0,2,5,0,0,44,3,0,3,196,2,0,4,12,6,1,0,2,0,0,0,0,0,310,4,1142335,Archie Gray,archie-gray,Tottenham Hotspur,33,Premier League,Midfielder,2026/27,0.0,0.0,0.0697,0.0145,0.871,0.2903,0.0,0.2903,35.7097,40.3548,0.0,0.5806,1.4516,0.0,0.0,12.7742,0.871,0.0,0.871,56.9032,0.5806,0.0,1.1613,3.4839,1.7419,0.2903,0.0,0.5806,0.0,0.0,0.0,0.0,0.0
1,0,0.7,0.43,5,2,1,2,366,390,5,21,30,1,0,76,0,0,0,465,5,0,3,17,24,0,0,12,0,1,0,0,0,450,5,962012,Jan Paul van Hecke,jan-paul-van-hecke,Tottenham Hotspur,33,Premier League,Defender,2026/27,0.2,0.0,0.14,0.086,1.0,0.4,0.2,0.4,73.2,78.0,1.0,4.2,6.0,0.2,0.0,15.2,0.0,0.0,0.0,93.0,1.0,0.0,0.6,3.4,4.8,0.0,0.0,2.4,0.0,0.2,0.0,0.0,0.0
0,0,0.59,0.05,3,0,0,1,290,304,0,5,7,0,0,29,0,0,2,349,5,0,3,17,19,1,0,10,0,1,0,0,0,360,4,998247,Micky van de Ven,micky-van-de-ven,Tottenham Hotspur,33,Premier League,Defender,2026/27,0.0,0.0,0.1475,0.0125,0.75,0.0,0.0,0.25,72.5,76.0,0.0,1.25,1.75,0.0,0.0,7.25,0.0,0.0,0.5,87.25,1.25,0.0,0.75,4.25,4.75,0.25,0.0,2.5,0.0,0.25,0.0,0.0,0.0
0,0,0.38,0.14,7,1,0,1,63,67,4,2,3,0,0,33,12,0,10,131,2,0,0,11,0,3,0,0,0,0,0,0,0,341,4,873554,Omar Marmoush,omar-marmoush,Tottenham Hotspur,33,Premier League,Forward,2026/27,0.0,0.0,0.1003,0.037,1.8475,0.2639,0.0,0.2639,16.6276,17.6833,1.0557,0.5279,0.7918,0.0,0.0,8.7097,3.1672,0.0,2.6393,34.5748,0.5279,0.0,0.0,2.9032,0.0,0.7918,0.0,0.0,0.0,0.0,0.0,0.0,0.0
0,0,0.02,0.12,1,0,0,0,226,254,1,4,8,1,0,55,1,0,4,311,8,0,5,23,14,0,0,9,0,0,0,0,1,372,5,791190,Rodrigo Bentancur,rodrigo-bentancur,Tottenham Hotspur,33,Premier League,Midfielder,2026/27,0.0,0.0,0.0048,0.029,0.2419,0.0,0.0,0.0,54.6774,61.4516,0.2419,0.9677,1.9355,0.2419,0.0,13.3065,0.2419,0.0,0.9677,75.2419,1.9355,0.0,1.2097,5.5645,3.3871,0.0,0.0,2.1774,0.0,0.0,0.0,0.0,0.2419
0,0,0.24,0.61,8,1,1,0,262,293,4,7,11,1,0,78,2,0,6,363,3,0,4,20,5,4,0,2,0,0,0,0,0,429,5,892673,Sandro Tonali,sandro-tonali,Tottenham Hotspur,33,Premier League,Midfielder,2026/27,0.0,0.0,0.0503,0.128,1.6783,0.2098,0.2098,0.0,54.965,61.4685,0.8392,1.4685,2.3077,0.2098,0.0,16.3636,0.4196,0.0,1.2587,76.1538,0.6294,0.0,0.8392,4.1958,1.049,0.8392,0.0,0.4196,0.0,0.0,0.0,0.0,0.0
