goals,assists,xg,xa,shots,shots_on_target,big_chances_created,big_chances_missed,passes,total_passes,key_passes,long_balls,total_long_balls,crosses,total_crosses,final_third_passes,dribbles,total_dribbles,dispossessed,touches,tackles_won,total_tackles,interceptions,recoveries,clearances,blocked_shots,errors_to_goal,aerials_won,total_aerials,yellows,reds,penalties_won,penalties_conceded,minutes,appearances,player_id,player,slug,team,team_id,league,position,season,goals_p90,assists_p90,xg_p90,xa_p90,shots_p90,shots_on_target_p90,big_chances_created_p90,big_chances_missed_p90,passes_p90,total_passes_p90,key_passes_p90,long_balls_p90,total_long_balls_p90,crosses_p90,total_crosses_p90,final_third_passes_p90,dribbles_p90,total_dribbles_p90,dispossessed_p90,touches_p90,tackles_won_p90,total_tackles_p90,interceptions_p90,recoveries_p90,clearances_p90,blocked_shots_p90,errors_to_goal_p90,aerials_won_p90,total_aerials_p90,yellows_p90,reds_p90,penalties_won_p90,penalties_conceded_p90,detailed_position,role
3,1,1.6,2.34,10,5,3,0,1508,1595,21,70,89,3,0,417,4,0,5,1796,14,0,14,79,17,2,0,11,0,2,0,0,0,1460,24,1142251,Aleksandar Pavlović,aleksandar-pavlovic,FC Bayern München,2672,Bundesliga,Midfielder,2025/26,0.1849,0.0616,0.0986,0.1442,0.6164,0.3082,0.1849,0.0,92.9589,98.3219,1.2945,4.3151,5.4863,0.1849,0.0,25.7055,0.2466,0.0,0.3082,110.7123,0.863,0.0,0.863,4.8699,1.0479,0.1233,0.0,0.6781,0.0,0.1233,0.0,0.0,0.0,MC/DM,Central Mid
1,3,0.35,1.63,4,1,2,1,337,360,9,8,9,2,0,119,13,0,7,489,6,0,3,51,9,0,0,6,0,1,0,0,0,534,13,843665,Alphonso Davies,alphonso-davies,FC Bayern München,2672,Bundesliga,Defender,2025/26,0.1685,0.5056,0.059,0.2747,0.6742,0.1685,0.3371,0.1685,56.7978,60.6742,1.5169,1.3483,1.5169,0.3371,0.0,20.0562,2.191,0.0,1.1798,82.4157,1.0112,0.0,0.5056,8.5955,1.5169,0.0,0.0,1.0112,0.0,0.1685,0.0,0.0,0.0,DL,Full-Back
1,1,1.03,1.62,8,2,4,1,1527,1649,11,58,107,3,0,236,4,0,10,1876,28,0,19,121,52,2,0,34,0,4,0,0,0,1797,24,798583,Dayot Upamecano,dayot-upamecano,FC Bayern München,2672,Bundesliga,Defender,2025/26,0.0501,0.0501,0.0516,0.0811,0.4007,0.1002,0.2003,0.0501,76.4775,82.5876,0.5509,2.9048,5.3589,0.1503,0.0,11.8197,0.2003,0.0,0.5008,93.9566,1.4023,0.0,0.9516,6.0601,2.6043,0.1002,0.0,1.7028,0.0,0.2003,0.0,0.0,0.0,DC,Centre-Back
36,5,26.87,4.27,119,67,18,18,589,727,40,78,110,1,0,269,32,0,32,1163,13,0,8,77,33,28,1,43,0,1,0,2,1,2382,31,108579,Harry Kane,harry-kane,FC Bayern München,2672,Bundesliga,Forward,2025/26,1.3602,0.1889,1.0152,0.1613,4.4962,2.5315,0.6801,0.6801,22.2544,27.4685,1.5113,2.9471,4.1562,0.0378,0.0,10.1637,1.2091,0.0,1.2091,43.9421,0.4912,0.0,0.3023,2.9093,1.2469,1.0579,0.0378,1.6247,0.0,0.0378,0.0,0.0756,0.0378,ST,Striker
1,2,0.85,1.07,10,3,2,1,736,808,6,19,44,0,0,154,4,0,0,948,4,0,14,37,37,2,0,21,0,0,0,0,0,932,16,873106,Hiroki Itō,hiroki-ito,FC Bayern München,2672,Bundesliga,Defender,2025/26,0.0966,0.1931,0.0821,0.1033,0.9657,0.2897,0.1931,0.0966,71.073,78.0258,0.5794,1.8348,4.2489,0.0,0.0,14.8712,0.3863,0.0,0.0,91.5451,0.3863,0.0,1.3519,3.573,3.573,0.1931,0.0,2.0279,0.0,0.0,0.0,0.0,0.0,DL/DC,Full-Back
3,4,4.81,1.92,30,9,3,4,248,292,17,1,3,0,0,120,21,0,22,496,4,0,2,28,1,12,1,2,0,1,0,0,0,685,15,1010231,Jamal Musiala,jamal-musiala,FC Bayern München,2672,Bundesliga,Midfielder,2025/26,0.3942,0.5255,0.632,0.2523,3.9416,1.1825,0.3942,0.5255,32.5839,38.365,2.2336,0.1314,0.3942,0.0,0.0,15.7664,2.7591,0.0,2.8905,65.1679,0.5255,0.0,0.2628,3.6788,0.1314,1.5766,0.1314,0.2628,0.0,0.1314,0.0,0.0,0.0,AM,Attacking Mid
2,1,0.71,1.73,8,5,1,1,1827,1897,5,43,65,0,0,226,3,0,4,2176,18,0,26,90,124,1,0,43,0,7,0,0,0,2024,28,227672,Jonathan Tah,jonathan-tah,FC Bayern München,2672,Bundesliga,Defender,2025/26,0.0889,0.0445,0.0316,0.0769,0.3557,0.2223,0.0445,0.0445,81.2401,84.3528,0.2223,1.9121,2.8903,0.0,0.0,10.0494,0.1334,0.0,0.1779,96.7589,0.8004,0.0,1.1561,4.002,5.5138,0.0445,0.0,1.9121,0.0,0.3113,0.0,0.0,0.0,DC,Centre-Back
2,8,2.65,10.24,28,10,16,1,2448,2650,58,160,225,28,0,727,11,0,14,3071,25,0,25,117,18,6,0,7,0,4,0,0,1,2280,29,259117,Joshua Kimmich,joshua-kimmich,FC Bayern München,2672,Bundesliga,Midfielder,2025/26,0.0789,0.3158,0.1046,0.4042,1.1053,0.3947,0.6316,0.0395,96.6316,104.6053,2.2895,6.3158,8.8816,1.1053,0.0,28.6974,0.4342,0.0,0.5526,121.2237,0.9868,0.0,0.9868,4.6184,0.7105,0.2368,0.0,0.2763,0.0,0.1579,0.0,0.0,0.0395,MC/DM,Central Mid
2,3,1.36,5.03,7,4,4,0,1129,1258,24,36,64,7,0,411,10,0,8,1657,19,0,18,84,61,0,0,25,0,1,0,1,0,1855,26,927407,Josip Stanišić,josip-stanisic,FC Bayern München,2672,Bundesliga,Defender,2025/26,0.097,0.1456,0.066,0.244,0.3396,0.1941,0.1941,0.0,54.7763,61.035,1.1644,1.7466,3.1051,0.3396,0.0,19.9407,0.4852,0.0,0.3881,80.3935,0.9218,0.0,0.8733,4.0755,2.9596,0.0,0.0,1.2129,0.0,0.0485,0.0,0.0485,0.0,DR/DL/DC,Full-Back
1,1,0.62,1.41,5,3,1,0,1500,1580,5,22,38,0,0,241,1,0,0,1802,17,0,39,87,80,1,1,46,0,1,0,0,0,1621,25,896569,Kim Min-jae,kim-min-jae,FC Bayern München,2672,Bundesliga,Defender,2025/26,0.0555,0.0555,0.0344,0.0783,0.2776,0.1666,0.0555,0.0,83.2819,87.7236,0.2776,1.2215,2.1098,0.0,0.0,13.3806,0.0555,0.0,0.0,100.0494,0.9439,0.0,2.1653,4.8304,4.4417,0.0555,0.0555,2.554,0.0,0.0555,0.0,0.0,0.0,DC,Centre-Back
3,9,2.42,5.21,17,8,5,2,1241,1378,45,23,50,12,0,519,14,0,18,1863,24,0,17,90,30,2,1,15,0,9,0,0,0,1997,29,355492,Konrad Laimer,konrad-laimer,FC Bayern München,2672,Bundesliga,Defender,2025/26,0.1352,0.4056,0.1091,0.2348,0.7661,0.3605,0.2253,0.0901,55.9289,62.1032,2.028,1.0366,2.2534,0.5408,0.0,23.3901,0.6309,0.0,0.8112,83.9609,1.0816,0.0,0.7661,4.0561,1.352,0.0901,0.0451,0.676,0.0,0.4056,0.0,0.0,0.0,DR/DL,Full-Back
5,5,7.59,4.96,42,21,5,10,701,816,24,27,42,8,0,283,22,0,19,1133,14,0,14,54,2,5,0,2,0,1,0,1,0,1282,26,1861975,Lennart Karl,lennart-karl,FC Bayern München,2672,Bundesliga,Midfielder,2025/26,0.351,0.351,0.5328,0.3482,2.9485,1.4743,0.351,0.702,49.2122,57.2855,1.6849,1.8955,2.9485,0.5616,0.0,19.8674,1.5445,0.0,1.3339,79.5398,0.9828,0.0,0.9828,3.791,0.1404,0.351,0.0,0.1404,0.0,0.0702,0.0,0.0702,0.0,RW,Winger
5,3,4.8,3.81,35,11,3,6,1479,1618,22,50,73,0,0,410,11,0,15,1897,16,0,26,100,42,12,0,22,0,4,0,0,0,1954,31,184661,Leon Goretzka,leon-goretzka,FC Bayern München,2672,Bundesliga,Midfielder,2025/26,0.2303,0.1382,0.2211,0.1755,1.6121,0.5067,0.1382,0.2764,68.1218,74.5241,1.0133,2.303,3.3623,0.0,0.0,18.8843,0.5067,0.0,0.6909,87.3746,0.7369,0.0,1.1975,4.6059,1.9345,0.5527,0.0,1.0133,0.0,0.1842,0.0,0.0,0.0,MC/DM,Central Mid
15,14,15.1,7.74,88,37,17,15,1107,1290,67,41,54,8,0,499,61,0,51,1867,14,0,14,138,2,24,1,12,0,5,1,2,0,2450,32,883537,Luis Díaz,luis-diaz,FC Bayern München,2672,Bundesliga,Midfielder,2025/26,0.551,0.5143,0.5547,0.2843,3.2327,1.3592,0.6245,0.551,40.6653,47.3878,2.4612,1.5061,1.9837,0.2939,0.0,18.3306,2.2408,0.0,1.8735,68.5837,0.5143,0.0,0.5143,5.0694,0.0735,0.8816,0.0367,0.4408,0.0,0.1837,0.0367,0.0735,0.0,LW,Winger
15,19,11.46,17.23,101,50,27,15,1310,1557,81,28,46,31,0,749,65,0,31,2335,10,0,13,100,9,30,0,8,0,8,0,2,0,2317,32,978838,Michael Olise,michael-olise,FC Bayern München,2672,Bundesliga,Midfielder,2025/26,0.5826,0.738,0.4451,0.6693,3.9232,1.9422,1.0488,0.5826,50.8848,60.4791,3.1463,1.0876,1.7868,1.2041,0.0,29.0937,2.5248,0.0,1.2041,90.6992,0.3884,0.0,0.505,3.8843,0.3496,1.1653,0.0,0.3107,0.0,0.3107,0.0,0.0777,0.0,RW,Winger
8,1,7.26,1.58,38,21,4,10,261,320,18,3,4,0,0,150,11,0,16,509,4,0,4,25,4,7,0,7,0,2,1,1,0,1037,23,1085381,Nicolas Jackson,nicolas-jackson,FC Bayern München,2672,Bundesliga,Forward,2025/26,0.6943,0.0868,0.6301,0.1371,3.298,1.8226,0.3472,0.8679,22.6519,27.7724,1.5622,0.2604,0.3472,0.0,0.0,13.0183,0.9547,0.0,1.3886,44.1755,0.3472,0.0,0.3472,2.1697,0.3472,0.6075,0.0,0.6075,0.0,0.1736,0.0868,0.0868,0.0,ST,Striker
5,2,3.43,1.43,12,5,3,0,470,525,19,4,7,0,0,195,3,0,11,620,6,0,2,37,7,2,0,2,0,0,0,0,0,803,18,246999,Raphaël Guerreiro,raphael-guerreiro,FC Bayern München,2672,Bundesliga,Defender,2025/26,0.5604,0.2242,0.3844,0.1603,1.345,0.5604,0.3362,0.0,52.6775,58.8418,2.1295,0.4483,0.7846,0.0,0.0,21.8555,0.3362,0.0,1.2329,69.4894,0.6725,0.0,0.2242,4.1469,0.7846,0.2242,0.0,0.2242,0.0,0.0,0.0,0.0,0.0,DL,Full-Back
0,0,0.28,0.34,6,0,0,0,253,293,4,1,6,1,0,81,1,0,4,410,4,0,5,21,8,4,1,6,0,1,0,0,0,462,9,980418,Sacha Boey,sacha-boey,FC Bayern München,2672,Bundesliga,Defender,2025/26,0.0,0.0,0.0545,0.0662,1.1688,0.0,0.0,0.0,49.2857,57.0779,0.7792,0.1948,1.1688,0.1948,0.0,15.7792,0.1948,0.0,0.7792,79.8701,0.7792,0.0,0.974,4.0909,1.5584,0.7792,0.1948,1.1688,0.0,0.1948,0.0,0.0,0.0,DR,Full-Back
8,6,6.26,5.08,50,17,9,6,583,649,23,15,22,4,0,227,16,0,14,862,9,0,4,37,3,15,0,0,0,1,0,0,0,1228,21,187433,Serge Gnabry,serge-gnabry,FC Bayern München,2672,Bundesliga,Midfielder,2025/26,0.5863,0.4397,0.4588,0.3723,3.6645,1.2459,0.6596,0.4397,42.728,47.5651,1.6857,1.0993,1.6124,0.2932,0.0,16.6368,1.1726,0.0,1.0261,63.1759,0.6596,0.0,0.2932,2.7117,0.2199,1.0993,0.0,0.0,0.0,0.0733,0.0,0.0,0.0,LW/AM,Winger
3,3,1.83,2.67,30,9,5,1,1089,1176,24,30,45,7,0,372,7,0,7,1460,17,0,15,75,13,10,0,11,0,2,0,0,1,1320,26,1129935,Tom Bischof,tom-bischof,FC Bayern München,2672,Bundesliga,Midfielder,2025/26,0.2045,0.2045,0.1248,0.182,2.0455,0.6136,0.3409,0.0682,74.25,80.1818,1.6364,2.0455,3.0682,0.4773,0.0,25.3636,0.4773,0.0,0.4773,99.5455,1.1591,0.0,1.0227,5.1136,0.8864,0.6818,0.0,0.75,0.0,0.1364,0.0,0.0,0.0682,MC/DM,Central Mid
0,0,0.0,0.03,0,0,0,0,137,144,1,5,9,0,0,4,0,0,0,162,1,0,6,3,7,0,1,2,0,1,0,0,0,180,2,1586649,Aaron Bouwman,aaron-bouwman,AFC Ajax,2953,Champions League,Defender,2025/26,0.0,0.0,0.0,0.015,0.0,0.0,0.0,0.0,68.5,72.0,0.5,2.5,4.5,0.0,0.0,2.0,0.0,0.0,0.0,81.0,0.5,0.0,3.0,1.5,3.5,0.0,0.5,1.0,0.0,0.5,0.0,0.0,0.0,DC,Centre-Back
1,1,0.41,1.45,9,2,3,0,220,268,6,19,43,2,0,55,6,0,3,402,10,0,2,24,10,3,0,4,0,2,0,0,0,497,7,1120315,Anton Gaaei,anton-gaaei,AFC Ajax,2953,Champions League,Defender,2025/26,0.1811,0.1811,0.0742,0.2626,1.6298,0.3622,0.5433,0.0,39.839,48.5312,1.0865,3.4406,7.7867,0.3622,0.0,9.9598,1.0865,0.0,0.5433,72.7968,1.8109,0.0,0.3622,4.3461,1.8109,0.5433,0.0,0.7243,0.0,0.3622,0.0,0.0,0.0,DR,Full-Back
0,0,1.39,0.44,6,2,0,3,168,198,5,4,4,1,0,37,3,0,2,267,2,0,9,25,9,0,1,4,0,1,0,0,0,562,8,97410,Davy Klaassen,davy-klaassen,AFC Ajax,2953,Champions League,Midfielder,2025/26,0.0,0.0,0.2226,0.0705,0.9609,0.3203,0.0,0.4804,26.9039,31.7082,0.8007,0.6406,0.6406,0.1601,0.0,5.9253,0.4804,0.0,0.3203,42.758,0.3203,0.0,1.4413,4.0036,1.4413,0.0,0.1601,0.6406,0.0,0.1601,0.0,0.0,0.0,MC,Central Mid
0,0,0.42,0.14,6,3,0,0,226,249,3,5,10,0,0,31,2,0,3,323,6,0,5,13,4,2,0,3,0,1,0,0,0,407,7,1563462,Jorthy Mokio,jorthy-mokio,AFC Ajax,2953,Champions League,Midfielder,2025/26,0.0,0.0,0.0929,0.031,1.3268,0.6634,0.0,0.0,49.9754,55.0614,0.6634,1.1057,2.2113,0.0,0.0,6.855,0.4423,0.0,0.6634,71.4251,1.3268,0.0,1.1057,2.8747,0.8845,0.4423,0.0,0.6634,0.0,0.2211,0.0,0.0,0.0,MC,Central Mid
0,0,0.05,0.03,1,0,0,0,340,369,2,18,35,0,0,18,4,0,0,417,1,0,6,24,22,0,0,5,0,0,0,0,0,405,6,954836,Josip Šutalo,josip-sutalo,AFC Ajax,2953,Champions League,Defender,2025/26,0.0,0.0,0.0111,0.0067,0.2222,0.0,0.0,0.0,75.5556,82.0,0.4444,4.0,7.7778,0.0,0.0,4.0,0.8889,0.0,0.0,92.6667,0.2222,0.0,1.3333,5.3333,4.8889,0.0,0.0,1.1111,0.0,0.0,0.0,0.0,0.0,DC,Centre-Back
2,0,1.61,0.16,11,4,0,1,34,43,1,1,1,0,0,11,4,0,2,77,1,0,0,3,2,2,0,6,0,0,0,0,0,258,5,795761,Kasper Dolberg,kasper-dolberg,AFC Ajax,2953,Champions League,Forward,2025/26,0.6977,0.0,0.5616,0.0558,3.8372,1.3953,0.0,0.3488,11.8605,15.0,0.3488,0.3488,0.3488,0.0,0.0,3.8372,1.3953,0.0,0.6977,26.8605,0.3488,0.0,0.0,1.0465,0.6977,0.6977,0.0,2.093,0.0,0.0,0.0,0.0,0.0,ST,Striker
0,0,0.31,0.3,4,1,0,0,103,118,1,0,3,1,0,34,3,0,1,174,4,0,3,14,3,2,0,2,0,0,1,0,0,260,4,959806,Kenneth Taylor,kenneth-taylor,AFC Ajax,2953,Champions League,Midfielder,2025/26,0.0,0.0,0.1073,0.1038,1.3846,0.3462,0.0,0.0,35.6538,40.8462,0.3462,0.0,1.0385,0.3462,0.0,11.7692,1.0385,0.0,0.3462,60.2308,1.3846,0.0,1.0385,4.8462,1.0385,0.6923,0.0,0.6923,0.0,0.0,0.3462,0.0,0.0,MC,Central Mid
0,0,0.06,0.04,1,0,0,0,265,292,2,3,13,0,0,13,2,0,1,344,4,0,3,8,18,1,0,7,0,1,0,0,0,455,6,790989,Ko Itakura,kou-itakura,AFC Ajax,2953,Champions League,Defender,2025/26,0.0,0.0,0.0119,0.0079,0.1978,0.0,0.0,0.0,52.4176,57.7582,0.3956,0.5934,2.5714,0.0,0.0,2.5714,0.3956,0.0,0.1978,68.044,0.7912,0.0,0.5934,1.5824,3.5604,0.1978,0.0,1.3846,0.0,0.1978,0.0,0.0,0.0,DC,Centre-Back
0,1,0.0,0.05,0,0,0,0,108,120,4,7,8,0,0,18,2,0,1,172,7,0,3,15,4,0,0,3,0,1,0,0,0,264,3,970860,Lucas Rosa,lucas-rosa,AFC Ajax,2953,Champions League,Defender,2025/26,0.0,0.3409,0.0,0.017,0.0,0.0,0.0,0.0,36.8182,40.9091,1.3636,2.3864,2.7273,0.0,0.0,6.1364,0.6818,0.0,0.3409,58.6364,2.3864,0.0,1.0227,5.1136,1.3636,0.0,0.0,1.0227,0.0,0.3409,0.0,0.0,0.0,DL/DR,Full-Back
0,1,1.47,0.78,11,2,0,2,184,223,7,21,24,5,0,63,14,0,6,336,2,0,2,20,0,4,0,0,0,0,0,0,0,584,8,1149146,Mika Godts,mika-godts,AFC Ajax,2953,Champions League,Forward,2025/26,0.0,0.1541,0.2265,0.1202,1.6952,0.3082,0.0,0.3082,28.3562,34.3664,1.0788,3.2363,3.6986,0.7705,0.0,9.7089,2.1575,0.0,0.9247,51.7808,0.3082,0.0,0.3082,3.0822,0.0,0.6164,0.0,0.0,0.0,0.0,0.0,0.0,0.0,LW,Winger
1,0,0.36,0.23,4,2,1,1,36,45,1,3,3,0,0,12,0,0,5,77,0,0,2,6,1,0,0,3,0,0,0,0,0,170,4,878599,Oliver Valaker Edvardsen,oliver-valaker-edvardsen,AFC Ajax,2953,Champions League,Forward,2025/26,0.5294,0.0,0.1906,0.1218,2.1176,1.0588,0.5294,0.5294,19.0588,23.8235,0.5294,1.5882,1.5882,0.0,0.0,6.3529,0.0,0.0,2.6471,40.7647,0.0,0.0,1.0588,3.1765,0.5294,0.0,0.0,1.5882,0.0,0.0,0.0,0.0,0.0,LW,Winger
3,0,0.85,0.8,11,4,1,2,186,215,11,12,16,5,0,65,9,0,6,298,3,0,0,24,2,2,0,1,0,0,0,0,0,487,8,1155158,Oscar Gloukh,oscar-gloukh,AFC Ajax,2953,Champions League,Midfielder,2025/26,0.5544,0.0,0.1571,0.1478,2.0329,0.7392,0.1848,0.3696,34.3737,39.7331,2.0329,2.2177,2.9569,0.924,0.0,12.0123,1.6632,0.0,1.1088,55.0719,0.5544,0.0,0.0,4.4353,0.3696,0.3696,0.0,0.1848,0.0,0.0,0.0,0.0,0.0,AM/MC/LW,Attacking Mid
0,0,0.17,0.33,1,1,1,1,221,240,6,7,13,2,0,44,2,0,5,323,4,0,3,20,7,0,0,0,0,1,0,0,0,422,6,836673,Owen Wijndal,owen-wijndal,AFC Ajax,2953,Champions League,Defender,2025/26,0.0,0.0,0.0363,0.0704,0.2133,0.2133,0.2133,0.2133,47.1327,51.1848,1.2796,1.4929,2.7725,0.4265,0.0,9.3839,0.4265,0.0,1.0664,68.8863,0.8531,0.0,0.6398,4.2654,1.4929,0.0,0.0,0.0,0.0,0.2133,0.0,0.0,0.0,DL,Full-Back
0,0,0.23,0.16,3,0,0,0,42,51,3,2,3,1,0,14,3,0,4,88,0,0,0,6,1,1,0,0,0,0,0,1,0,200,5,980383,Raúl Moro,raul-moro,AFC Ajax,2953,Champions League,Midfielder,2025/26,0.0,0.0,0.1035,0.072,1.35,0.0,0.0,0.0,18.9,22.95,1.35,0.9,1.35,0.45,0.0,6.3,1.35,0.0,1.8,39.6,0.0,0.0,0.0,2.7,0.45,0.45,0.0,0.0,0.0,0.0,0.0,0.45,0.0,LW,Winger
0,1,0.18,0.1,3,1,0,0,90,99,3,4,5,0,0,17,1,0,0,118,2,0,1,5,2,2,0,0,0,0,0,0,0,164,3,1859920,Sean Steur,sean-steur,AFC Ajax,2953,Champions League,Midfielder,2025/26,0.0,0.5488,0.0988,0.0549,1.6463,0.5488,0.0,0.0,49.3902,54.3293,1.6463,2.1951,2.7439,0.0,0.0,9.3293,0.5488,0.0,0.0,64.7561,1.0976,0.0,0.5488,2.7439,1.0976,1.0976,0.0,0.0,0.0,0.0,0.0,0.0,0.0,MC/DM,Central Mid
1,0,1.13,0.29,4,2,1,1,42,63,2,1,2,1,0,14,1,0,4,110,1,0,1,2,6,1,1,8,0,2,0,0,1,298,5,252215,Wout Weghorst,wout-weghorst,AFC Ajax,2953,Champions League,Forward,2025/26,0.302,0.0,0.3413,0.0876,1.2081,0.604,0.302,0.302,12.6846,19.0268,0.604,0.302,0.604,0.302,0.0,4.2282,0.302,0.0,1.2081,33.2215,0.302,0.0,0.302,0.604,1.8121,0.302,0.302,2.4161,0.0,0.604,0.0,0.0,0.302,ST,Striker
0,0,0.1,0.07,1,0,0,0,527,573,3,29,45,0,0,39,3,0,2,695,10,0,12,39,31,0,0,13,0,2,0,0,2,685,8,1000228,Youri Baas,youri-baas,AFC Ajax,2953,Champions League,Defender,2025/26,0.0,0.0,0.0131,0.0092,0.1314,0.0,0.0,0.0,69.2409,75.2847,0.3942,3.8102,5.9124,0.0,0.0,5.1241,0.3942,0.0,0.2628,91.3139,1.3139,0.0,1.5766,5.1241,4.073,0.0,0.0,1.708,0.0,0.2628,0.0,0.0,0.2628,DC,Centre-Back
0,0,0.0,0.08,0,0,0,0,283,310,1,12,20,0,0,33,1,0,2,375,7,0,4,21,8,0,0,5,0,0,0,0,0,433,8,996940,Youri Regeer,youri-regeer,AFC Ajax,2953,Champions League,Midfielder,2025/26,0.0,0.0,0.0,0.0166,0.0,0.0,0.0,0.0,58.8222,64.4342,0.2079,2.4942,4.157,0.0,0.0,6.8591,0.2079,0.0,0.4157,77.9446,1.455,0.0,0.8314,4.3649,1.6628,0.0,0.0,1.0393,0.0,0.0,0.0,0.0,0.0,MC/DM,Central Mid
0,0,0.0,0.02,0,0,0,0,52,60,2,3,3,0,0,6,2,0,0,90,1,0,4,8,3,0,0,3,0,0,0,0,0,156,5,1868591,Aladji Bamba,aladji-bamba,AS Monaco,1653,Champions League,Midfielder,2025/26,0.0,0.0,0.0,0.0115,0.0,0.0,0.0,0.0,30.0,34.6154,1.1538,1.7308,1.7308,0.0,0.0,3.4615,1.1538,0.0,0.0,51.9231,0.5769,0.0,2.3077,4.6154,1.7308,0.0,0.0,1.7308,0.0,0.0,0.0,0.0,0.0,MC/DM,Central Mid
0,1,0.29,1.19,5,2,1,0,180,227,13,8,12,2,0,69,4,0,6,313,7,0,7,36,8,2,0,4,0,2,1,0,0,491,7,318963,Aleksandr Golovin,aleksandr-golovin,AS Monaco,1653,Champions League,Midfielder,2025/26,0.0,0.1833,0.0532,0.2181,0.9165,0.3666,0.1833,0.0,32.9939,41.609,2.3829,1.4664,2.1996,0.3666,0.0,12.6477,0.7332,0.0,1.0998,57.3727,1.2831,0.0,1.2831,6.5988,1.4664,0.3666,0.0,0.7332,0.0,0.3666,0.1833,0.0,0.0,AM/LW,Attacking Mid
1,0,0.8,0.41,7,2,0,2,70,79,7,1,1,2,0,29,4,0,1,124,3,0,0,7,2,4,0,2,0,0,0,0,0,235,5,962883,Ansu Fati,ansu-fati,AS Monaco,1653,Champions League,Forward,2025/26,0.383,0.0,0.3064,0.157,2.6809,0.766,0.0,0.766,26.8085,30.2553,2.6809,0.383,0.383,0.766,0.0,11.1064,1.5319,0.0,0.383,47.4894,1.1489,0.0,0.0,2.6809,0.766,1.5319,0.0,0.766,0.0,0.0,0.0,0.0,0.0,LW,Winger
0,0,0.03,1.93,1,1,5,0,268,322,15,13,33,6,0,75,8,0,1,491,9,0,9,40,19,0,0,5,0,0,0,0,0,765,9,845170,Caio Henrique,caio-henrique,AS Monaco,1653,Champions League,Defender,2025/26,0.0,0.0,0.0035,0.2271,0.1176,0.1176,0.5882,0.0,31.5294,37.8824,1.7647,1.5294,3.8824,0.7059,0.0,8.8235,0.9412,0.0,0.1176,57.7647,1.0588,0.0,1.0588,4.7059,2.2353,0.0,0.0,0.5882,0.0,0.0,0.0,0.0,0.0,DL,Full-Back
0,0,0.97,0.08,6,3,0,2,189,207,0,5,9,0,0,26,4,0,4,301,4,0,12,19,12,0,0,5,0,3,0,0,0,507,6,770677,Denis Zakaria,denis-zakaria,AS Monaco,1653,Champions League,Midfielder,2025/26,0.0,0.0,0.1722,0.0142,1.0651,0.5325,0.0,0.355,33.5503,36.7456,0.0,0.8876,1.5976,0.0,0.0,4.6154,0.7101,0.0,0.7101,53.432,0.7101,0.0,2.1302,3.3728,2.1302,0.0,0.0,0.8876,0.0,0.5325,0.0,0.0,0.0,MC/DM,Central Mid
1,0,0.87,0.04,3,1,0,0,121,135,1,9,14,0,0,12,0,0,0,170,1,0,3,10,14,0,0,4,0,0,0,1,0,270,3,146101,Eric Dier,eric-dier,AS Monaco,1653,Champions League,Defender,2025/26,0.3333,0.0,0.29,0.0133,1.0,0.3333,0.0,0.0,40.3333,45.0,0.3333,3.0,4.6667,0.0,0.0,4.0,0.0,0.0,0.0,56.6667,0.3333,0.0,1.0,3.3333,4.6667,0.0,0.0,1.3333,0.0,0.0,0.0,0.3333,0.0,DC,Centre-Back
5,0,4.68,0.9,27,12,0,8,124,167,8,4,6,0,0,47,2,0,11,288,0,0,3,20,4,4,0,9,0,0,0,0,0,813,10,934237,Folarin Balogun,folarin-balogun,AS Monaco,1653,Champions League,Forward,2025/26,0.5535,0.0,0.5181,0.0996,2.9889,1.3284,0.0,0.8856,13.7269,18.4871,0.8856,0.4428,0.6642,0.0,0.0,5.203,0.2214,0.0,1.2177,31.8819,0.0,0.0,0.3321,2.214,0.4428,0.4428,0.0,0.9963,0.0,0.0,0.0,0.0,0.0,ST,Striker
3,0,1.27,1.15,10,6,2,1,266,311,7,13,30,3,0,74,5,0,5,439,11,0,6,35,19,1,0,5,0,0,0,0,0,673,9,825846,Jordan Teze,jordan-teze,AS Monaco,1653,Champions League,Midfielder,2025/26,0.4012,0.0,0.1698,0.1538,1.3373,0.8024,0.2675,0.1337,35.5721,41.5899,0.9361,1.7385,4.0119,0.4012,0.0,9.896,0.6686,0.0,0.6686,58.7073,1.471,0.0,0.8024,4.6805,2.5409,0.1337,0.0,0.6686,0.0,0.0,0.0,0.0,0.0,DR,Full-Back
0,0,0.14,0.41,3,1,0,0,68,84,1,4,7,1,0,27,1,0,6,168,7,0,1,12,7,0,0,2,0,1,0,0,0,278,7,1397558,Kassoum Ouattara,kassoum-ouattara,AS Monaco,1653,Champions League,Defender,2025/26,0.0,0.0,0.0453,0.1327,0.9712,0.3237,0.0,0.0,22.0144,27.1942,0.3237,1.295,2.2662,0.3237,0.0,8.741,0.3237,0.0,1.9424,54.3885,2.2662,0.0,0.3237,3.8849,2.2662,0.0,0.0,0.6475,0.0,0.3237,0.0,0.0,0.0,DL/ML,Full-Back
0,1,0.0,0.23,0,0,0,0,49,70,6,0,3,1,0,24,1,0,1,102,1,0,2,5,3,0,0,5,0,1,0,0,0,179,3,873534,Krépin Diatta,krepin-diatta,AS Monaco,1653,Champions League,Midfielder,2025/26,0.0,0.5028,0.0,0.1156,0.0,0.0,0.0,0.0,24.6369,35.1955,3.0168,0.0,1.5084,0.5028,0.0,12.067,0.5028,0.0,0.5028,51.2849,0.5028,0.0,1.0056,2.514,1.5084,0.0,0.0,2.514,0.0,0.5028,0.0,0.0,0.0,MR/DR,Winger
0,0,0.34,0.59,4,1,2,1,238,267,8,9,23,6,0,58,9,0,5,388,7,0,8,42,10,0,0,1,0,2,0,0,0,516,6,1389846,Lamine Camara,camara-lamine,AS Monaco,1653,Champions League,Midfielder,2025/26,0.0,0.0,0.0593,0.1029,0.6977,0.1744,0.3488,0.1744,41.5116,46.5698,1.3953,1.5698,4.0116,1.0465,0.0,10.1163,1.5698,0.0,0.8721,67.6744,1.2209,0.0,1.3953,7.3256,1.7442,0.0,0.0,0.1744,0.0,0.3488,0.0,0.0,0.0,MC/DM,Central Mid
1,3,3.26,1.81,26,11,7,3,289,337,19,16,18,0,0,132,20,0,12,514,11,0,7,38,2,9,0,5,0,0,0,0,0,835,10,1130939,Maghnes Akliouche,maghnes-akliouche,AS Monaco,1653,Champions League,Midfielder,2025/26,0.1078,0.3234,0.3514,0.1951,2.8024,1.1856,0.7545,0.3234,31.1497,36.3234,2.0479,1.7246,1.9401,0.0,0.0,14.2275,2.1557,0.0,1.2934,55.4012,1.1856,0.0,0.7545,4.0958,0.2156,0.9701,0.0,0.5389,0.0,0.0,0.0,0.0,0.0,RW/AM,Winger
0,1,0.49,1.02,4,1,1,1,184,230,8,9,17,0,0,59,7,0,7,321,12,0,5,32,7,1,0,5,0,1,1,0,0,516,9,1410148,Mamadou Coulibaly,mamadou-coulibaly,AS Monaco,1653,Champions League,Midfielder,2025/26,0.0,0.1744,0.0855,0.1779,0.6977,0.1744,0.1744,0.1744,32.093,40.1163,1.3953,1.5698,2.9651,0.0,0.0,10.2907,1.2209,0.0,1.2209,55.9884,2.093,0.0,0.8721,5.5814,1.2209,0.1744,0.0,0.8721,0.0,0.1744,0.1744,0.0,0.0,MC,Central Mid
0,0,0.16,0.41,2,0,1,0,176,199,1,10,23,0,0,16,1,0,0,260,1,0,4,10,35,1,0,20,0,2,0,0,0,443,5,946158,Mohammed Salisu,mohammed-salisu,AS Monaco,1653,Champions League,Defender,2025/26,0.0,0.0,0.0325,0.0833,0.4063,0.0,0.2032,0.0,35.7562,40.4289,0.2032,2.0316,4.6727,0.0,0.0,3.2506,0.2032,0.0,0.0,52.8217,0.2032,0.0,0.8126,2.0316,7.1106,0.2032,0.0,4.0632,0.0,0.4063,0.0,0.0,0.0,DC/DL,Centre-Back
1,1,1.94,1.23,13,2,4,2,71,101,8,3,9,2,0,30,0,0,7,156,2,0,3,12,3,3,0,0,0,0,0,1,0,326,5,155818,Takumi Minamino,takumi-minamino,AS Monaco,1653,Champions League,Midfielder,2025/26,0.2761,0.2761,0.5356,0.3396,3.589,0.5521,1.1043,0.5521,19.6012,27.8834,2.2086,0.8282,2.4847,0.5521,0.0,8.2822,0.0,0.0,1.9325,43.0675,0.5521,0.0,0.8282,3.3129,0.8282,0.8282,0.0,0.0,0.0,0.0,0.0,0.2761,0.0,AM,Attacking Mid
0,0,0.56,0.08,7,0,0,2,326,371,1,14,38,0,0,37,0,0,0,451,8,0,8,23,21,1,2,12,0,2,0,0,0,688,9,281277,Thilo Kehrer,thilo-kehrer,AS Monaco,1653,Champions League,Defender,2025/26,0.0,0.0,0.0733,0.0105,0.9157,0.0,0.0,0.2616,42.6453,48.532,0.1308,1.8314,4.9709,0.0,0.0,4.8401,0.0,0.0,0.0,58.9971,1.0465,0.0,1.0465,3.0087,2.7471,0.1308,0.2616,1.5698,0.0,0.2616,0.0,0.0,0.0,DC/DR,Centre-Back
0,0,0.45,0.79,5,3,1,2,201,265,4,18,47,5,0,64,5,0,2,406,13,0,10,41,16,1,0,7,0,1,0,0,0,589,8,1090694,Vanderson,vanderson,AS Monaco,1653,Champions League,Defender,2025/26,0.0,0.0,0.0688,0.1207,0.764,0.4584,0.1528,0.3056,30.7131,40.4924,0.6112,2.7504,7.1817,0.764,0.0,9.7793,0.764,0.0,0.3056,62.0374,1.9864,0.0,1.528,6.2649,2.4448,0.1528,0.0,1.0696,0.0,0.1528,0.0,0.0,0.0,DR/MR,Full-Back
0,0,0.21,0.01,3,0,0,1,25,26,0,1,1,0,0,3,0,0,0,54,2,0,3,3,8,0,0,4,0,1,0,0,1,180,2,361696,Wout Faes,wout-faes,AS Monaco,1653,Champions League,Defender,2025/26,0.0,0.0,0.105,0.005,1.5,0.0,0.0,0.5,12.5,13.0,0.0,0.5,0.5,0.0,0.0,1.5,0.0,0.0,0.0,27.0,1.0,0.0,1.5,1.5,4.0,0.0,0.0,2.0,0.0,0.5,0.0,0.0,0.5,DC,Centre-Back
0,1,0.48,1.09,3,0,0,1,230,268,6,12,23,2,0,90,1,0,3,386,3,0,8,26,13,0,0,9,0,1,0,0,1,628,11,846036,Ben White,ben-white,Arsenal,42,Champions League,Defender,2025/26,0.0,0.1433,0.0688,0.1562,0.4299,0.0,0.0,0.1433,32.9618,38.4076,0.8599,1.7197,3.2962,0.2866,0.0,12.8981,0.1433,0.0,0.4299,55.3185,0.4299,0.0,1.1465,3.7261,1.8631,0.0,0.0,1.2898,0.0,0.1433,0.0,0.0,0.1433,DR,Full-Back
3,2,2.87,2.18,28,15,3,2,171,207,17,8,13,10,0,99,11,0,11,399,5,0,7,23,8,10,0,4,0,1,0,0,0,687,11,934235,Bukayo Saka,bukayo-saka,Arsenal,42,Champions League,Forward,2025/26,0.393,0.262,0.376,0.2856,3.6681,1.9651,0.393,0.262,22.4017,27.1179,2.2271,1.048,1.7031,1.31,0.0,12.9694,1.441,0.0,1.441,52.2707,0.655,0.0,0.917,3.0131,1.048,1.31,0.0,0.524,0.0,0.131,0.0,0.0,0.0,RW,Winger
0,0,0.09,0.44,2,1,1,0,167,187,1,1,4,0,0,45,0,0,2,241,6,0,4,10,6,0,0,4,0,2,0,0,0,309,6,135256,Christian Nørgaard,christian-nrgaard,Arsenal,42,Champions League,Midfielder,2025/26,0.0,0.0,0.0262,0.1282,0.5825,0.2913,0.2913,0.0,48.6408,54.466,0.2913,0.2913,1.165,0.0,0.0,13.1068,0.0,0.0,0.5825,70.1942,1.7476,0.0,1.165,2.9126,1.7476,0.0,0.0,1.165,0.0,0.5825,0.0,0.0,0.0,MC/DM,Central Mid
0,0,0.32,0.11,2,2,0,1,286,309,0,9,14,0,0,40,0,0,3,392,6,0,3,23,19,0,0,11,0,1,0,0,1,566,10,1144630,Cristhian Mosquera,cristhian-mosquera,Arsenal,42,Champions League,Defender,2025/26,0.0,0.0,0.0509,0.0175,0.318,0.318,0.0,0.159,45.477,49.1343,0.0,1.4311,2.2261,0.0,0.0,6.3604,0.0,0.0,0.477,62.3322,0.9541,0.0,0.477,3.6572,3.0212,0.0,0.0,1.7491,0.0,0.159,0.0,0.0,0.159,DC,Centre-Back
1,2,0.6,1.9,9,3,5,2,629,693,27,42,59,18,0,176,3,0,1,846,7,0,15,47,10,4,0,6,0,4,0,0,0,1069,13,856714,Declan Rice,declan-rice,Arsenal,42,Champions League,Midfielder,2025/26,0.0842,0.1684,0.0505,0.16,0.7577,0.2526,0.421,0.1684,52.956,58.3442,2.2732,3.536,4.9673,1.5154,0.0,14.8176,0.2526,0.0,0.0842,71.2254,0.5893,0.0,1.2629,3.957,0.8419,0.3368,0.0,0.5051,0.0,0.3368,0.0,0.0,0.0,MC/DM,Central Mid
1,1,0.85,1.72,14,2,4,0,264,310,20,7,9,2,0,107,11,0,11,429,6,0,1,33,3,6,0,6,0,0,0,0,0,772,13,864921,Eberechi Eze,eberechi-eze,Arsenal,42,Champions League,Midfielder,2025/26,0.1166,0.1166,0.0991,0.2005,1.6321,0.2332,0.4663,0.0,30.7772,36.1399,2.3316,0.8161,1.0492,0.2332,0.0,12.4741,1.2824,0.0,1.2824,50.013,0.6995,0.0,0.1166,3.8472,0.3497,0.6995,0.0,0.6995,0.0,0.0,0.0,0.0,0.0,AM,Attacking Mid
2,0,1.96,0.39,8,5,1,3,43,49,4,0,0,0,0,24,4,0,0,81,0,0,0,3,0,0,0,5,0,0,0,0,0,156,6,794839,Gabriel Jesus,gabriel-jesus,Arsenal,42,Champions League,Forward,2025/26,1.1538,0.0,1.1308,0.225,4.6154,2.8846,0.5769,1.7308,24.8077,28.2692,2.3077,0.0,0.0,0.0,0.0,13.8462,2.3077,0.0,0.0,46.7308,0.0,0.0,0.0,1.7308,0.0,0.0,0.0,2.8846,0.0,0.0,0.0,0.0,0.0,ST,Striker
1,1,0.92,0.15,8,1,1,1,490,555,2,23,58,1,0,59,1,0,1,705,6,0,5,23,65,1,0,18,0,1,0,0,0,1002,12,869792,Gabriel Magalhães,gabriel-magalhaes,Arsenal,42,Champions League,Defender,2025/26,0.0898,0.0898,0.0826,0.0135,0.7186,0.0898,0.0898,0.0898,44.012,49.8503,0.1796,2.0659,5.2096,0.0898,0.0,5.2994,0.0898,0.0,0.0898,63.3234,0.5389,0.0,0.4491,2.0659,5.8383,0.0898,0.0,1.6168,0.0,0.0898,0.0,0.0,0.0,DC,Centre-Back
6,2,4.49,2.24,19,8,4,2,149,179,16,4,7,10,0,79,16,0,15,349,2,0,7,34,1,2,0,4,0,1,0,0,0,704,14,922573,Gabriel Martinelli,gabriel-martinelli,Arsenal,42,Champions League,Forward,2025/26,0.767,0.2557,0.574,0.2864,2.429,1.0227,0.5114,0.2557,19.0483,22.8835,2.0455,0.5114,0.8949,1.2784,0.0,10.0994,2.0455,0.0,1.9176,44.6165,0.2557,0.0,0.8949,4.3466,0.1278,0.2557,0.0,0.5114,0.0,0.1278,0.0,0.0,0.0,LW,Winger
1,1,1.02,0.46,5,2,2,1,200,239,8,4,14,1,0,58,4,0,6,374,9,0,5,27,10,0,0,5,0,0,0,0,0,567,8,958959,Jurriën Timber,jurrien-timber,Arsenal,42,Champions League,Defender,2025/26,0.1587,0.1587,0.1619,0.073,0.7937,0.3175,0.3175,0.1587,31.746,37.9365,1.2698,0.6349,2.2222,0.1587,0.0,9.2063,0.6349,0.0,0.9524,59.3651,1.4286,0.0,0.7937,4.2857,1.5873,0.0,0.0,0.7937,0.0,0.0,0.0,0.0,0.0,DR,Full-Back
4,1,2.05,0.91,6,4,3,0,55,74,5,1,3,0,0,23,2,0,3,109,0,0,0,4,1,2,0,15,0,1,0,0,0,226,6,836705,Kai Havertz,kai-havertz,Arsenal,42,Champions League,Forward,2025/26,1.5929,0.3982,0.8164,0.3624,2.3894,1.5929,1.1947,0.0,21.9027,29.469,1.9912,0.3982,1.1947,0.0,0.0,9.1593,0.7965,0.0,1.1947,43.4071,0.0,0.0,0.0,1.5929,0.3982,0.7965,0.0,5.9735,0.0,0.3982,0.0,0.0,0.0,ST,Striker
1,4,1.45,0.46,22,7,3,3,145,178,7,8,16,4,0,62,6,0,13,338,12,0,5,33,3,5,0,2,0,0,0,0,0,631,11,135666,Leandro Trossard,leandro-trossard,Arsenal,42,Champions League,Forward,2025/26,0.1426,0.5705,0.2068,0.0656,3.1379,0.9984,0.4279,0.4279,20.6815,25.3883,0.9984,1.141,2.2821,0.5705,0.0,8.8431,0.8558,0.0,1.8542,48.2092,1.7116,0.0,0.7132,4.7068,0.4279,0.7132,0.0,0.2853,0.0,0.0,0.0,0.0,0.0,LW,Winger
0,1,1.33,1.78,12,5,3,3,236,278,10,19,27,2,0,96,4,0,6,348,7,0,0,23,2,5,0,2,0,0,0,0,0,440,8,547410,Martin Ødegaard,martin-degaard,Arsenal,42,Champions League,Midfielder,2025/26,0.0,0.2045,0.272,0.3641,2.4545,1.0227,0.6136,0.6136,48.2727,56.8636,2.0455,3.8864,5.5227,0.4091,0.0,19.6364,0.8182,0.0,1.2273,71.1818,1.4318,0.0,0.0,4.7045,0.4091,1.0227,0.0,0.4091,0.0,0.0,0.0,0.0,0.0,MC,Central Mid
0,2,0.35,1.96,3,1,4,0,561,639,17,23,39,2,0,132,3,0,7,748,8,0,10,44,17,1,0,21,0,4,0,0,0,997,13,966837,Martín Zubimendi,martin-zubimendi,Arsenal,42,Champions League,Midfielder,2025/26,0.0,0.1805,0.0316,0.1769,0.2708,0.0903,0.3611,0.0,50.6419,57.683,1.5346,2.0762,3.5206,0.1805,0.0,11.9157,0.2708,0.0,0.6319,67.5226,0.7222,0.0,0.9027,3.9719,1.5346,0.0903,0.0,1.8957,0.0,0.3611,0.0,0.0,0.0,MC/DM,Central Mid
2,0,1.22,0.38,8,4,1,2,162,209,9,2,6,0,0,61,1,0,6,289,4,0,5,20,10,1,0,25,0,3,0,0,0,518,7,592010,Mikel Merino,mikel-merino,Arsenal,42,Champions League,Midfielder,2025/26,0.3475,0.0,0.212,0.066,1.39,0.695,0.1737,0.3475,28.1467,36.3127,1.5637,0.3475,1.0425,0.0,0.0,10.5985,0.1737,0.0,1.0425,50.2124,0.695,0.0,0.8687,3.4749,1.7375,0.1737,0.0,4.3436,0.0,0.5212,0.0,0.0,0.0,MC,Central Mid
0,2,0.16,1.03,4,0,3,0,267,305,8,8,15,1,0,67,3,0,5,429,5,0,5,24,11,1,0,11,0,1,0,0,0,700,10,1423711,Myles Lewis-Skelly,lewis-skelly-myles,Arsenal,42,Champions League,Defender,2025/26,0.0,0.2571,0.0206,0.1324,0.5143,0.0,0.3857,0.0,34.3286,39.2143,1.0286,1.0286,1.9286,0.1286,0.0,8.6143,0.3857,0.0,0.6429,55.1571,0.6429,0.0,0.6429,3.0857,1.4143,0.1286,0.0,1.4143,0.0,0.1286,0.0,0.0,0.0,DL/MC/DM,Full-Back
3,0,1.79,1.19,16,8,2,0,175,216,7,2,8,3,0,95,22,0,9,378,6,0,4,23,1,5,0,4,0,1,0,1,0,608,10,966547,Noni Madueke,noni-madueke,Arsenal,42,Champions League,Forward,2025/26,0.4441,0.0,0.265,0.1762,2.3684,1.1842,0.2961,0.0,25.9046,31.9737,1.0362,0.2961,1.1842,0.4441,0.0,14.0625,3.2566,0.0,1.3322,55.9539,0.8882,0.0,0.5921,3.4046,0.148,0.7401,0.0,0.5921,0.0,0.148,0.0,0.148,0.0,RW,Winger
0,0,0.55,1.09,5,2,2,2,212,264,2,6,23,3,0,58,2,0,4,427,12,0,9,22,14,1,0,10,0,0,0,0,0,694,10,1002837,Piero Hincapié,piero-hincapie,Arsenal,42,Champions League,Defender,2025/26,0.0,0.0,0.0713,0.1414,0.6484,0.2594,0.2594,0.2594,27.4928,34.2363,0.2594,0.7781,2.9827,0.389,0.0,7.5216,0.2594,0.0,0.5187,55.3746,1.5562,0.0,1.1671,2.853,1.8156,0.1297,0.0,1.2968,0.0,0.0,0.0,0.0,0.0,DL/DC,Full-Back
0,1,0.1,0.27,4,1,1,0,118,135,2,0,5,2,0,21,3,0,2,212,6,0,6,18,6,0,0,7,0,1,0,0,1,331,6,957602,Riccardo Calafiori,riccardo-calafiori,Arsenal,42,Champions League,Defender,2025/26,0.0,0.2719,0.0272,0.0734,1.0876,0.2719,0.2719,0.0,32.0846,36.7069,0.5438,0.0,1.3595,0.5438,0.0,5.71,0.8157,0.0,0.5438,57.6435,1.6314,0.0,1.6314,4.8943,1.6314,0.0,0.0,1.9033,0.0,0.2719,0.0,0.0,0.2719,DL/DC,Full-Back
5,1,6.3,0.71,31,13,1,13,92,139,10,0,3,1,0,55,4,0,17,279,0,0,1,17,11,5,0,12,0,1,0,1,0,914,13,804508,Viktor Gyökeres,viktor-gyokeres,Arsenal,42,Champions League,Forward,2025/26,0.4923,0.0985,0.6204,0.0699,3.0525,1.2801,0.0985,1.2801,9.0591,13.6871,0.9847,0.0,0.2954,0.0985,0.0,5.4158,0.3939,0.0,1.674,27.4726,0.0,0.0,0.0985,1.674,1.0832,0.4923,0.0,1.1816,0.0,0.0985,0.0,0.0985,0.0,ST,Striker
0,0,0.38,0.2,3,0,0,0,644,699,0,18,40,0,0,75,6,0,1,823,5,0,11,39,55,1,0,19,0,1,0,0,0,1110,12,941168,William Saliba,william-saliba,Arsenal,42,Champions League,Defender,2025/26,0.0,0.0,0.0308,0.0162,0.2432,0.0,0.0,0.0,52.2162,56.6757,0.0,1.4595,3.2432,0.0,0.0,6.0811,0.4865,0.0,0.0811,66.7297,0.4054,0.0,0.8919,3.1622,4.4595,0.0811,0.0,1.5405,0.0,0.0811,0.0,0.0,0.0,DC,Centre-Back
0,0,0.06,0.61,2,1,1,0,443,489,4,15,37,0,0,35,0,0,1,580,2,0,15,25,42,0,0,25,0,2,0,0,0,702,10,151003,Berat Djimsiti,berat-djimsiti,Atalanta,2686,Champions League,Defender,2025/26,0.0,0.0,0.0077,0.0782,0.2564,0.1282,0.1282,0.0,56.7949,62.6923,0.5128,1.9231,4.7436,0.0,0.0,4.4872,0.0,0.0,0.1282,74.359,0.2564,0.0,1.9231,3.2051,5.3846,0.0,0.0,3.2051,0.0,0.2564,0.0,0.0,0.0,DC/DR,Centre-Back
2,2,1.63,2.38,11,5,7,2,194,250,22,16,19,6,0,90,11,0,14,391,3,0,7,28,4,3,0,10,0,0,0,0,0,584,8,960441,Charles De Ketelaere,charles-de-ketelaere,Atalanta,2686,Champions League,Forward,2025/26,0.3082,0.3082,0.2512,0.3668,1.6952,0.7705,1.0788,0.3082,29.8973,38.5274,3.3904,2.4658,2.9281,0.9247,0.0,13.8699,1.6952,0.0,2.1575,60.2568,0.4623,0.0,1.0788,4.3151,0.6164,0.4623,0.0,1.5411,0.0,0.0,0.0,0.0,0.0,AM/ST,Attacking Mid
1,0,0.39,2.08,12,2,3,0,287,353,14,9,26,10,0,72,6,0,5,557,8,0,7,35,11,6,0,3,0,0,0,0,0,746,10,132318,Davide Zappacosta,davide-zappacosta,Atalanta,2686,Champions League,Midfielder,2025/26,0.1206,0.0,0.0471,0.2509,1.4477,0.2413,0.3619,0.0,34.6247,42.5871,1.689,1.0858,3.1367,1.2064,0.0,8.6863,0.7239,0.0,0.6032,67.1984,0.9651,0.0,0.8445,4.2225,1.3271,0.7239,0.0,0.3619,0.0,0.0,0.0,0.0,0.0,MR/ML,Winger
3,0,3.61,0.63,19,6,0,3,75,119,5,3,5,0,0,23,1,0,13,225,2,0,4,7,9,6,0,11,0,2,0,0,0,510,10,807301,Gianluca Scamacca,gianluca-scamacca,Atalanta,2686,Champions League,Forward,2025/26,0.5294,0.0,0.6371,0.1112,3.3529,1.0588,0.0,0.5294,13.2353,21.0,0.8824,0.5294,0.8824,0.0,0.0,4.0588,0.1765,0.0,2.2941,39.7059,0.3529,0.0,0.7059,1.2353,1.5882,1.0588,0.0,1.9412,0.0,0.3529,0.0,0.0,0.0,ST,Striker
0,0,0.24,0.48,2,0,1,1,77,87,2,4,13,0,0,7,2,0,0,112,2,0,1,11,8,0,0,3,0,0,1,0,1,170,3,1012176,Giorgio Scalvini,giorgio-scalvini,Atalanta,2686,Champions League,Defender,2025/26,0.0,0.0,0.1271,0.2541,1.0588,0.0,0.5294,0.5294,40.7647,46.0588,1.0588,2.1176,6.8824,0.0,0.0,3.7059,1.0588,0.0,0.0,59.2941,1.0588,0.0,0.5294,5.8235,4.2353,0.0,0.0,1.5882,0.0,0.0,0.5294,0.0,0.5294,DC/DR,Centre-Back
0,0,0.11,0.11,2,1,0,0,208,219,2,4,9,0,0,26,2,0,1,284,8,0,5,18,10,0,0,5,0,1,0,0,0,374,9,1634980,Honest Ahanor,honest-ahanor,Atalanta,2686,Champions League,Defender,2025/26,0.0,0.0,0.0265,0.0265,0.4813,0.2406,0.0,0.0,50.0535,52.7005,0.4813,0.9626,2.1658,0.0,0.0,6.2567,0.4813,0.0,0.2406,68.3422,1.9251,0.0,1.2032,4.3316,2.4064,0.0,0.0,1.2032,0.0,0.2406,0.0,0.0,0.0,DC/DL,Centre-Back
0,0,0.49,0.08,3,1,0,0,287,324,2,12,22,0,0,26,2,0,2,423,8,0,12,44,25,1,0,15,0,1,0,0,0,710,9,1157713,Isak Hien,isak-hien,Atalanta,2686,Champions League,Defender,2025/26,0.0,0.0,0.0621,0.0101,0.3803,0.1268,0.0,0.0,36.3803,41.0704,0.2535,1.5211,2.7887,0.0,0.0,3.2958,0.2535,0.0,0.2535,53.6197,1.0141,0.0,1.5211,5.5775,3.169,0.1268,0.0,1.9014,0.0,0.1268,0.0,0.0,0.0,DC,Centre-Back
0,0,0.76,0.44,8,1,0,3,81,98,1,5,8,3,0,36,11,0,8,193,0,0,1,9,3,1,0,2,0,0,0,0,0,297,9,1019442,Kamaldeen Sulemana,kamaldeen-sulemana,Atalanta,2686,Champions League,Forward,2025/26,0.0,0.0,0.2303,0.1333,2.4242,0.303,0.0,0.9091,24.5455,29.697,0.303,1.5152,2.4242,0.9091,0.0,10.9091,3.3333,0.0,2.4242,58.4848,0.0,0.0,0.303,2.7273,0.9091,0.303,0.0,0.6061,0.0,0.0,0.0,0.0,0.0,LW/AM/ST,Winger
4,0,2.41,0.85,13,6,1,1,120,136,8,17,18,7,0,60,7,0,7,224,1,0,3,15,3,4,0,2,0,1,0,0,0,302,10,980624,Lazar Samardžić,lazar-samardzic,Atalanta,2686,Champions League,Midfielder,2025/26,1.1921,0.0,0.7182,0.2533,3.8742,1.7881,0.298,0.298,35.7616,40.5298,2.3841,5.0662,5.3642,2.0861,0.0,17.8808,2.0861,0.0,2.0861,66.755,0.298,0.0,0.894,4.4702,0.894,1.1921,0.0,0.596,0.0,0.298,0.0,0.0,0.0,AM/MC,Attacking Mid
0,0,0.14,1.36,4,0,2,0,306,370,11,10,21,11,0,69,1,0,2,557,4,0,6,32,22,1,0,3,0,1,0,0,0,847,10,1012177,Lorenzo Bernasconi,lorenzo-bernasconi,Atalanta,2686,Champions League,Midfielder,2025/26,0.0,0.0,0.0149,0.1445,0.425,0.0,0.2125,0.0,32.5148,39.3152,1.1688,1.0626,2.2314,1.1688,0.0,7.3318,0.1063,0.0,0.2125,59.1854,0.425,0.0,0.6375,3.4002,2.3377,0.1063,0.0,0.3188,0.0,0.1063,0.0,0.0,0.0,ML,Winger
3,1,3.64,1.55,13,7,2,2,224,254,5,12,17,0,0,42,1,0,2,333,6,0,6,23,10,1,0,5,0,0,0,1,0,604,9,190437,Mario Pašalić,mario-pasalic,Atalanta,2686,Champions League,Midfielder,2025/26,0.447,0.149,0.5424,0.231,1.9371,1.043,0.298,0.298,33.3775,37.8477,0.745,1.7881,2.5331,0.0,0.0,6.2583,0.149,0.0,0.298,49.6192,0.894,0.0,0.894,3.4272,1.4901,0.149,0.0,0.745,0.0,0.0,0.0,0.149,0.0,MC/DM/AM,Central Mid
0,2,0.27,0.77,5,1,1,1,423,513,8,31,54,1,0,93,0,0,1,613,9,0,9,41,22,1,2,24,0,2,0,0,0,899,12,100389,Marten de Roon,marten-de-roon,Atalanta,2686,Champions League,Midfielder,2025/26,0.0,0.2002,0.027,0.0771,0.5006,0.1001,0.1001,0.1001,42.3471,51.3571,0.8009,3.1034,5.406,0.1001,0.0,9.3103,0.0,0.0,0.1001,61.3682,0.901,0.0,0.901,4.1046,2.2024,0.1001,0.2002,2.4027,0.0,0.2002,0.0,0.0,0.0,MC/DM,Central Mid
0,1,0.27,0.8,7,2,3,0,96,128,4,7,16,4,0,40,5,0,7,244,4,0,5,20,1,4,0,0,0,0,0,0,0,353,6,984184,Nicola Zalewski,nicola-zalewski,Atalanta,2686,Champions League,Midfielder,2025/26,0.0,0.255,0.0688,0.204,1.7847,0.5099,0.7649,0.0,24.4759,32.6346,1.0198,1.7847,4.0793,1.0198,0.0,10.1983,1.2748,0.0,1.7847,62.2096,1.0198,0.0,1.2748,5.0992,0.255,1.0198,0.0,0.0,0.0,0.0,0.0,0.0,0.0,ML/AM,Winger
1,0,3.61,0.37,25,10,0,4,91,137,5,4,8,1,0,40,4,0,17,260,1,0,0,17,7,8,0,14,0,0,0,2,0,576,12,839156,Nikola Krstović,nikola-krstovic,Atalanta,2686,Champions League,Forward,2025/26,0.1562,0.0,0.5641,0.0578,3.9062,1.5625,0.0,0.625,14.2188,21.4062,0.7812,0.625,1.25,0.1562,0.0,6.25,0.625,0.0,2.6562,40.625,0.1562,0.0,0.0,2.6562,1.0938,1.25,0.0,2.1875,0.0,0.0,0.0,0.3125,0.0,ST,Striker
0,0,0.58,0.1,3,1,0,1,471,513,1,16,24,0,0,52,3,0,4,619,6,0,13,52,26,0,0,6,0,2,0,0,0,812,10,973437,Odilon Kossounou,odilon-kossounou,Atalanta,2686,Champions League,Defender,2025/26,0.0,0.0,0.0643,0.0111,0.3325,0.1108,0.0,0.1108,52.2044,56.8596,0.1108,1.7734,2.6601,0.0,0.0,5.7635,0.3325,0.0,0.4433,68.6084,0.665,0.0,1.4409,5.7635,2.8818,0.0,0.0,0.665,0.0,0.2217,0.0,0.0,0.0,DC/DR,Centre-Back
0,0,0.49,1.54,4,2,1,1,136,168,9,8,21,10,0,43,2,0,1,273,5,0,3,14,7,0,2,2,0,1,0,0,0,479,9,826185,Raoul Bellanova,raoul-bellanova,Atalanta,2686,Champions League,Midfielder,2025/26,0.0,0.0,0.0921,0.2894,0.7516,0.3758,0.1879,0.1879,25.5532,31.5658,1.691,1.5031,3.9457,1.8789,0.0,8.0793,0.3758,0.0,0.1879,51.2944,0.9395,0.0,0.5637,2.6305,1.3152,0.0,0.3758,0.3758,0.0,0.1879,0.0,0.0,0.0,MR,Winger
0,0,0.16,0.08,2,0,0,0,217,248,1,10,18,0,0,30,1,0,1,305,7,0,11,17,10,1,0,5,0,0,0,0,0,381,6,142148,Sead Kolašinac,sead-kolasinac,Atalanta,2686,Champions League,Defender,2025/26,0.0,0.0,0.0378,0.0189,0.4724,0.0,0.0,0.0,51.2598,58.5827,0.2362,2.3622,4.252,0.0,0.0,7.0866,0.2362,0.0,0.2362,72.0472,1.6535,0.0,2.5984,4.0157,2.3622,0.2362,0.0,1.1811,0.0,0.0,0.0,0.0,0.0,DL/DC,Full-Back
0,1,0.8,0.04,5,1,1,2,92,107,4,4,6,0,0,17,4,0,3,150,0,0,3,12,8,2,0,3,0,3,0,0,1,238,7,983815,Yunus Musah,yunus-musah,Atalanta,2686,Champions League,Midfielder,2025/26,0.0,0.3782,0.3025,0.0151,1.8908,0.3782,0.3782,0.7563,34.7899,40.4622,1.5126,1.5126,2.2689,0.0,0.0,6.4286,1.5126,0.0,1.1345,56.7227,0.0,0.0,1.1345,4.5378,3.0252,0.7563,0.0,1.1345,0.0,1.1345,0.0,0.0,0.3782,MC/DM,Central Mid
1,1,0.82,0.45,8,2,0,0,374,427,7,16,29,3,0,75,7,0,14,577,11,0,12,47,11,1,0,9,0,1,0,0,0,724,9,946888,Éderson,ederson,Atalanta,2686,Champions League,Midfielder,2025/26,0.1243,0.1243,0.1019,0.0559,0.9945,0.2486,0.0,0.0,46.4917,53.0801,0.8702,1.989,3.605,0.3729,0.0,9.3232,0.8702,0.0,1.7403,71.7265,1.3674,0.0,1.4917,5.8425,1.3674,0.1243,0.0,1.1188,0.0,0.1243,0.0,0.0,0.0,MC/DM,Central Mid
0,0,0.11,0.17,3,0,0,0,81,98,3,1,7,1,0,20,3,0,0,196,7,0,2,15,10,1,0,6,0,0,0,0,0,473,6,1398511,Adama Boiro,adama-boiro,Athletic Club,2825,Champions League,Defender,2025/26,0.0,0.0,0.0209,0.0323,0.5708,0.0,0.0,0.0,15.4123,18.6469,0.5708,0.1903,1.3319,0.1903,0.0,3.8055,0.5708,0.0,0.0,37.2939,1.3319,0.0,0.3805,2.8541,1.9027,0.1903,0.0,1.1416,0.0,0.0,0.0,0.0,0.0,DL,Full-Back
0,0,0.72,0.11,1,0,0,1,257,307,2,22,52,0,0,24,1,0,2,417,10,0,15,39,47,0,1,9,0,4,0,0,0,630,7,959872,Aitor Paredes,aitor-paredes,Athletic Club,2825,Champions League,Defender,2025/26,0.0,0.0,0.1029,0.0157,0.1429,0.0,0.0,0.1429,36.7143,43.8571,0.2857,3.1429,7.4286,0.0,0.0,3.4286,0.1429,0.0,0.2857,59.5714,1.4286,0.0,2.1429,5.5714,6.7143,0.0,0.1429,1.2857,0.0,0.5714,0.0,0.0,0.0,DC,Centre-Back
0,0,0.49,0.51,4,0,2,1,153,195,5,4,7,0,0,39,2,0,0,270,12,0,7,28,7,2,0,4,0,0,0,0,0,500,8,2110897,Alejandro Rego Mora,alejandro-rego-mora,Athletic Club,2825,Champions League,Midfielder,2025/26,0.0,0.0,0.0882,0.0918,0.72,0.0,0.36,0.18,27.54,35.1,0.9,0.72,1.26,0.0,0.0,7.02,0.36,0.0,0.0,48.6,2.16,0.0,1.26,5.04,1.26,0.36,0.0,0.72,0.0,0.0,0.0,0.0,0.0,MC/DM,Central Mid
0,0,0.0,0.21,0,0,1,0,128,158,2,7,15,2,0,34,1,0,2,251,1,0,5,20,11,0,0,4,0,1,0,0,0,445,7,866810,Andoni Gorosabel,andoni-gorosabel,Athletic Club,2825,Champions League,Defender,2025/26,0.0,0.0,0.0,0.0425,0.0,0.0,0.2022,0.0,25.8876,31.9551,0.4045,1.4157,3.0337,0.4045,0.0,6.8764,0.2022,0.0,0.4045,50.764,0.2022,0.0,1.0112,4.0449,2.2247,0.0,0.0,0.809,0.0,0.2022,0.0,0.0,0.0,DR,Full-Back
0,0,0.03,0.05,2,0,0,0,158,197,0,17,36,0,0,17,2,0,4,292,4,0,8,34,38,0,0,1,0,1,0,0,0,495,6,910978,Dani Vivian,dani-vivian,Athletic Club,2825,Champions League,Defender,2025/26,0.0,0.0,0.0055,0.0091,0.3636,0.0,0.0,0.0,28.7273,35.8182,0.0,3.0909,6.5455,0.0,0.0,3.0909,0.3636,0.0,0.7273,53.0909,0.7273,0.0,1.4545,6.1818,6.9091,0.0,0.0,0.1818,0.0,0.1818,0.0,0.0,0.0,DC,Centre-Back
5,0,2.41,0.46,15,7,1,3,78,109,6,3,4,0,0,37,2,0,4,202,4,0,1,17,8,4,0,13,0,2,0,0,0,469,7,605672,Gorka Guruzeta,gorka-guruzeta,Athletic Club,2825,Champions League,Forward,2025/26,0.9595,0.0,0.4625,0.0883,2.8785,1.3433,0.1919,0.5757,14.968,20.9168,1.1514,0.5757,0.7676,0.0,0.0,7.1002,0.3838,0.0,0.7676,38.7633,0.7676,0.0,0.1919,3.2623,1.5352,0.7676,0.0,2.4947,0.0,0.3838,0.0,0.0,0.0,ST,Striker
0,0,0.14,0.15,3,1,0,0,22,38,1,0,0,0,0,11,0,0,4,68,1,0,1,7,2,2,0,2,0,0,0,0,0,173,3,783374,Iñaki Williams,inaki-williams,Athletic Club,2825,Champions League,Midfielder,2025/26,0.0,0.0,0.0728,0.078,1.5607,0.5202,0.0,0.0,11.4451,19.7688,0.5202,0.0,0.0,0.0,0.0,5.7225,0.0,0.0,2.0809,35.3757,0.5202,0.0,0.5202,3.6416,1.0405,1.0405,0.0,1.0405,0.0,0.0,0.0,0.0,0.0,RW/ST,Winger
0,0,0.01,0.14,1,0,0,0,134,168,0,8,21,0,0,44,4,0,6,220,6,0,2,31,4,0,0,1,0,1,0,0,0,319,7,96365,Iñigo Ruiz de Galarreta,inigo-ruiz-de-galarreta,Athletic Club,2825,Champions League,Midfielder,2025/26,0.0,0.0,0.0028,0.0395,0.2821,0.0,0.0,0.0,37.8056,47.3981,0.0,2.2571,5.9248,0.0,0.0,12.4138,1.1285,0.0,1.6928,62.069,1.6928,0.0,0.5643,8.7461,1.1285,0.0,0.0,0.2821,0.0,0.2821,0.0,0.0,0.0,MC/DM,Central Mid
0,0,0.0,0.09,0,0,0,0,50,68,2,3,6,0,0,14,2,0,1,161,17,0,3,13,8,0,0,4,0,1,0,0,0,264,5,910267,Jesús Areso,jesus-areso,Athletic Club,2825,Champions League,Defender,2025/26,0.0,0.0,0.0,0.0307,0.0,0.0,0.0,0.0,17.0455,23.1818,0.6818,1.0227,2.0455,0.0,0.0,4.7727,0.6818,0.0,0.3409,54.8864,5.7955,0.0,1.0227,4.4318,2.7273,0.0,0.0,1.3636,0.0,0.3409,0.0,0.0,0.0,DR,Full-Back
0,2,0.06,0.69,2,0,2,0,139,183,7,12,25,6,0,42,3,0,5,266,9,0,5,22,3,0,0,5,0,3,0,0,0,452,7,1495844,Mikel Jauregizar,mikel-jauregizar,Athletic Club,2825,Champions League,Midfielder,2025/26,0.0,0.3982,0.0119,0.1374,0.3982,0.0,0.3982,0.0,27.677,36.4381,1.3938,2.3894,4.9779,1.1947,0.0,8.3628,0.5973,0.0,0.9956,52.9646,1.792,0.0,0.9956,4.3805,0.5973,0.0,0.0,0.9956,0.0,0.5973,0.0,0.0,0.0,MC/DM,Central Mid
0,0,0.0,0.08,0,0,0,0,57,79,3,1,3,1,0,14,1,0,1,116,3,0,4,10,0,0,0,2,0,1,0,0,0,247,6,359742,Mikel Vesga,mikel-vesga,Athletic Club,2825,Champions League,Midfielder,2025/26,0.0,0.0,0.0,0.0291,0.0,0.0,0.0,0.0,20.7692,28.7854,1.0931,0.3644,1.0931,0.3644,0.0,5.1012,0.3644,0.0,0.3644,42.2672,1.0931,0.0,1.4575,3.6437,0.0,0.0,0.0,0.7287,0.0,0.3644,0.0,0.0,0.0,MC/DM,Central Mid
0,0,0.21,0.49,5,0,0,0,45,59,4,0,0,1,0,25,1,0,7,108,2,0,1,13,1,4,0,1,0,0,0,0,0,187,3,1085400,Nico Williams,nico-williams,Athletic Club,2825,Champions League,Midfielder,2025/26,0.0,0.0,0.1011,0.2358,2.4064,0.0,0.0,0.0,21.6578,28.3957,1.9251,0.0,0.0,0.4813,0.0,12.0321,0.4813,0.0,3.369,51.9786,0.9626,0.0,0.4813,6.2567,0.4813,1.9251,0.0,0.4813,0.0,0.0,0.0,0.0,0.0,LW,Winger
1,1,1.31,0.49,11,2,1,2,96,121,7,1,4,0,0,44,7,0,5,208,4,0,2,26,4,1,0,3,0,0,0,0,0,375,6,966801,Oihan Sancet,oihan-sancet,Athletic Club,2825,Champions League,Midfielder,2025/26,0.24,0.24,0.3144,0.1176,2.64,0.48,0.24,0.48,23.04,29.04,1.68,0.24,0.96,0.0,0.0,10.56,1.68,0.0,1.2,49.92,0.96,0.0,0.48,6.24,0.96,0.24,0.0,0.72,0.0,0.0,0.0,0.0,0.0,AM,Attacking Mid
2,2,1.52,0.78,10,5,2,4,100,138,7,1,5,6,0,42,4,0,9,261,8,0,10,29,2,2,0,4,0,0,0,0,0,506,7,944165,Robert Navarro,robert-navarro,Athletic Club,2825,Champions League,Midfielder,2025/26,0.3557,0.3557,0.2704,0.1387,1.7787,0.8893,0.3557,0.7115,17.7866,24.5455,1.2451,0.1779,0.8893,1.0672,0.0,7.4704,0.7115,0.0,1.6008,46.4229,1.4229,0.0,1.7787,5.1581,0.3557,0.3557,0.0,0.7115,0.0,0.0,0.0,0.0,0.0,RW/LW,Winger
0,0,0.46,0.02,6,2,0,0,42,58,0,0,1,0,0,10,2,0,2,117,2,0,1,8,2,2,0,4,0,2,0,0,0,334,7,1391375,Unai Gómez,unai-gomez,Athletic Club,2825,Champions League,Midfielder,2025/26,0.0,0.0,0.124,0.0054,1.6168,0.5389,0.0,0.0,11.3174,15.6287,0.0,0.0,0.2695,0.0,0.0,2.6946,0.5389,0.0,0.5389,31.5269,0.5389,0.0,0.2695,2.1557,0.5389,0.5389,0.0,1.0778,0.0,0.5389,0.0,0.0,0.0,AM/MC,Attacking Mid
0,0,0.14,0.05,2,0,0,0,117,133,2,5,10,0,0,27,1,0,2,193,5,0,5,14,6,1,0,8,0,0,0,0,0,292,4,84531,Yuri Berchiche,yuri-berchiche,Athletic Club,2825,Champions League,Defender,2025/26,0.0,0.0,0.0432,0.0154,0.6164,0.0,0.0,0.0,36.0616,40.9932,0.6164,1.5411,3.0822,0.0,0.0,8.3219,0.3082,0.0,0.6164,59.4863,1.5411,0.0,1.5411,4.3151,1.8493,0.3082,0.0,2.4658,0.0,0.0,0.0,0.0,0.0,DL,Full-Back
0,1,0.65,1.08,9,0,2,0,98,130,9,3,7,4,0,39,7,0,5,253,4,0,2,20,1,4,0,5,0,1,0,0,0,420,6,592012,Álex Berenguer,alex-berenguer,Athletic Club,2825,Champions League,Midfielder,2025/26,0.0,0.2143,0.1393,0.2314,1.9286,0.0,0.4286,0.0,21.0,27.8571,1.9286,0.6429,1.5,0.8571,0.0,8.3571,1.5,0.0,1.0714,54.2143,0.8571,0.0,0.4286,4.2857,0.2143,0.8571,0.0,1.0714,0.0,0.2143,0.0,0.0,0.0,LW/RW,Winger
0,0,0.0,0.12,0,0,0,0,81,99,1,5,11,0,0,16,3,0,0,149,5,0,3,10,6,0,0,4,0,0,0,0,0,191,3,801837,Íñigo Lekue,inigo-lekue,Athletic Club,2825,Champions League,Defender,2025/26,0.0,0.0,0.0,0.0565,0.0,0.0,0.0,0.0,38.1675,46.6492,0.4712,2.356,5.1832,0.0,0.0,7.5393,1.4136,0.0,0.0,70.2094,2.356,0.0,1.4136,4.712,2.8272,0.0,0.0,1.8848,0.0,0.0,0.0,0.0,0.0,DR/DL,Full-Back
3,3,4.46,2.46,32,10,3,4,254,307,15,4,7,3,0,98,14,0,16,492,4,0,7,37,5,16,0,10,0,1,0,0,0,930,15,824200,Ademola Lookman,ademola-lookman,Atlético Madrid,2836,Champions League,Forward,2025/26,0.2903,0.2903,0.4316,0.2381,3.0968,0.9677,0.2903,0.3871,24.5806,29.7097,1.4516,0.3871,0.6774,0.2903,0.0,9.4839,1.3548,0.0,1.5484,47.6129,0.3871,0.0,0.6774,3.5806,0.4839,1.5484,0.0,0.9677,0.0,0.0968,0.0,0.0,0.0,AM/ST,Attacking Mid
0,0,0.75,0.85,10,1,1,0,188,231,8,14,23,4,0,69,3,0,9,330,2,0,2,20,6,4,0,0,0,2,0,0,0,461,13,910031,Alex Baena,alex-baena,Atlético Madrid,2836,Champions League,Midfielder,2025/26,0.0,0.0,0.1464,0.1659,1.9523,0.1952,0.1952,0.0,36.7028,45.0976,1.5618,2.7332,4.4902,0.7809,0.0,13.4707,0.5857,0.0,1.757,64.4252,0.3905,0.0,0.3905,3.9046,1.1714,0.7809,0.0,0.0,0.0,0.3905,0.0,0.0,0.0,ML/LW,Winger
6,1,4.1,0.8,29,15,2,5,110,164,8,3,4,0,0,54,8,0,10,293,0,0,1,11,11,7,0,37,0,1,0,0,0,617,14,309078,Alexander Sørloth,alexander-srloth,Atlético Madrid,2836,Champions League,Forward,2025/26,0.8752,0.1459,0.5981,0.1167,4.2301,2.188,0.2917,0.7293,16.0454,23.9222,1.1669,0.4376,0.5835,0.0,0.0,7.8768,1.1669,0.0,1.4587,42.7391,0.0,0.0,0.1459,1.6045,1.6045,1.0211,0.0,5.3971,0.0,0.1459,0.0,0.0,0.0,ST,Striker
2,3,3.55,2.32,24,10,4,6,320,386,19,21,29,6,0,94,6,0,14,534,8,0,2,29,7,10,0,10,0,0,0,0,0,870,15,85859,Antoine Griezmann,antoine-griezmann,Atlético Madrid,2836,Champions League,Forward,2025/26,0.2069,0.3103,0.3672,0.24,2.4828,1.0345,0.4138,0.6207,33.1034,39.931,1.9655,2.1724,3.0,0.6207,0.0,9.7241,0.6207,0.0,1.4483,55.2414,0.8276,0.0,0.2069,3.0,0.7241,1.0345,0.0,1.0345,0.0,0.0,0.0,0.0,0.0,ST,Striker
0,0,0.03,0.23,1,0,0,0,129,148,1,18,29,1,0,18,0,0,1,188,2,0,1,11,15,0,1,5,0,2,0,0,0,270,3,580550,Clément Lenglet,clement-lenglet,Atlético Madrid,2836,Champions League,Defender,2025/26,0.0,0.0,0.01,0.0767,0.3333,0.0,0.0,0.0,43.0,49.3333,0.3333,6.0,9.6667,0.3333,0.0,6.0,0.0,0.0,0.3333,62.6667,0.6667,0.0,0.3333,3.6667,5.0,0.0,0.3333,1.6667,0.0,0.6667,0.0,0.0,0.0,DC,Centre-Back
2,1,0.86,0.42,9,3,0,1,615,693,7,30,63,1,0,85,4,0,3,847,9,0,15,59,44,0,0,14,0,1,0,0,1,1111,13,807771,Dávid Hancko,david-hancko,Atlético Madrid,2836,Champions League,Defender,2025/26,0.162,0.081,0.0697,0.034,0.7291,0.243,0.0,0.081,49.82,56.1386,0.5671,2.4302,5.1035,0.081,0.0,6.8857,0.324,0.0,0.243,68.6139,0.7291,0.0,1.2151,4.7795,3.5644,0.0,0.0,1.1341,0.0,0.081,0.0,0.0,0.081,DC/DL,Centre-Back
2,1,2.58,2.21,24,5,3,3,383,460,17,1,6,3,0,135,19,0,12,739,21,0,12,51,19,7,1,14,0,2,0,0,0,1192,15,1099352,Giuliano Simeone,giuliano-simeone,Atlético Madrid,2836,Champions League,Midfielder,2025/26,0.151,0.0755,0.1948,0.1669,1.8121,0.3775,0.2265,0.2265,28.9178,34.7315,1.2836,0.0755,0.453,0.2265,0.0,10.193,1.4346,0.0,0.906,55.797,1.5856,0.0,0.906,3.8507,1.4346,0.5285,0.0755,1.057,0.0,0.151,0.0,0.0,0.0,MR,Winger
1,0,0.19,0.1,4,1,0,0,228,265,1,6,11,0,0,38,5,0,5,351,7,0,7,19,9,3,0,4,0,0,0,0,0,514,10,990169,Johnny Cardoso,johnny-cardoso,Atlético Madrid,2836,Champions League,Midfielder,2025/26,0.1751,0.0,0.0333,0.0175,0.7004,0.1751,0.0,0.0,39.9222,46.4008,0.1751,1.0506,1.9261,0.0,0.0,6.6537,0.8755,0.0,0.8755,61.4591,1.2257,0.0,1.2257,3.3268,1.5759,0.5253,0.0,0.7004,0.0,0.0,0.0,0.0,0.0,MC/DM,Central Mid
1,0,0.41,0.03,4,1,0,0,169,185,0,18,25,0,0,15,1,0,0,234,2,0,7,11,16,0,0,14,0,1,0,0,1,293,6,325355,José María Giménez,jose-maria-gimenez,Atlético Madrid,2836,Champions League,Defender,2025/26,0.3072,0.0,0.1259,0.0092,1.2287,0.3072,0.0,0.0,51.9113,56.8259,0.0,5.529,7.6792,0.0,0.0,4.6075,0.3072,0.0,0.0,71.8771,0.6143,0.0,2.1502,3.3788,4.9147,0.0,0.0,4.3003,0.0,0.3072,0.0,0.0,0.3072,DC,Centre-Back
10,4,8.3,3.97,46,22,5,5,368,454,34,17,25,17,0,166,24,0,19,745,8,0,4,42,5,9,0,6,0,0,0,0,0,1240,15,944656,Julián Alvarez,julian-alvarez,Atlético Madrid,2836,Champions League,Forward,2025/26,0.7258,0.2903,0.6024,0.2881,3.3387,1.5968,0.3629,0.3629,26.7097,32.9516,2.4677,1.2339,1.8145,1.2339,0.0,12.0484,1.7419,0.0,1.379,54.0726,0.5806,0.0,0.2903,3.0484,0.3629,0.6532,0.0,0.4355,0.0,0.0,0.0,0.0,0.0,ST,Striker
0,0,0.18,1.77,6,0,2,0,658,727,10,35,58,1,0,120,9,0,10,861,13,0,9,68,13,5,0,3,0,2,0,0,0,947,16,84539,Koke,koke,Atlético Madrid,2836,Champions League,Midfielder,2025/26,0.0,0.0,0.0171,0.1682,0.5702,0.0,0.1901,0.0,62.5343,69.0919,0.9504,3.3263,5.5121,0.095,0.0,11.4044,0.8553,0.0,0.9504,81.8268,1.2355,0.0,0.8553,6.4625,1.2355,0.4752,0.0,0.2851,0.0,0.1901,0.0,0.0,0.0,MC/DM,Central Mid
0,0,0.16,0.81,5,2,0,0,401,452,7,20,40,3,0,56,3,0,2,616,6,0,6,21,43,0,0,18,0,4,0,0,0,823,11,1094106,Marc Pubill,marc-pubill,Atlético Madrid,2836,Champions League,Defender,2025/26,0.0,0.0,0.0175,0.0886,0.5468,0.2187,0.0,0.0,43.8518,49.4289,0.7655,2.1871,4.3742,0.3281,0.0,6.1239,0.3281,0.0,0.2187,67.3633,0.6561,0.0,0.6561,2.2965,4.7023,0.0,0.0,1.9684,0.0,0.4374,0.0,0.0,0.0,DR/DC,Full-Back
4,1,1.15,1.35,14,6,5,0,466,518,10,20,27,7,0,130,7,0,14,786,21,0,14,54,23,3,0,1,0,2,0,0,0,1158,14,353138,Marcos Llorente,marcos-llorente,Atlético Madrid,2836,Champions League,Defender,2025/26,0.3109,0.0777,0.0894,0.1049,1.0881,0.4663,0.3886,0.0,36.2176,40.2591,0.7772,1.5544,2.0984,0.544,0.0,10.1036,0.544,0.0,1.0881,61.0881,1.6321,0.0,1.0881,4.1969,1.7876,0.2332,0.0,0.0777,0.0,0.1554,0.0,0.0,0.0,DR,Full-Back
0,3,0.13,1.95,3,0,5,0,514,605,17,29,69,15,0,115,3,0,1,897,24,0,23,49,32,2,0,10,0,2,0,0,0,1208,15,965011,Matteo Ruggeri,matteo-ruggeri,Atlético Madrid,2836,Champions League,Defender,2025/26,0.0,0.2235,0.0097,0.1453,0.2235,0.0,0.3725,0.0,38.2947,45.0745,1.2666,2.1606,5.1407,1.1175,0.0,8.5679,0.2235,0.0,0.0745,66.8295,1.7881,0.0,1.7136,3.6507,2.3841,0.149,0.0,0.745,0.0,0.149,0.0,0.0,0.0,DL/ML,Full-Back
0,0,0.16,0.17,4,2,0,0,285,363,1,17,42,0,0,70,5,0,2,499,13,0,6,36,16,0,0,1,0,1,0,0,0,703,13,831799,Nahuel Molina,nahuel-molina,Atlético Madrid,2836,Champions League,Defender,2025/26,0.0,0.0,0.0205,0.0218,0.5121,0.256,0.0,0.0,36.4865,46.4723,0.128,2.1764,5.377,0.0,0.0,8.9616,0.6401,0.0,0.256,63.8834,1.6643,0.0,0.7681,4.6088,2.0484,0.0,0.0,0.128,0.0,0.128,0.0,0.0,0.0,DR/MR,Full-Back
0,0,0.45,0.24,6,2,1,0,119,152,4,3,5,1,0,31,3,0,5,245,5,0,4,21,6,0,0,9,0,0,0,0,0,400,11,901325,Nicolás González,nicolas-gonzalez,Atlético Madrid,2836,Champions League,Midfielder,2025/26,0.0,0.0,0.1013,0.054,1.35,0.45,0.225,0.0,26.775,34.2,0.9,0.675,1.125,0.225,0.0,6.975,0.675,0.0,1.125,55.125,1.125,0.0,0.9,4.725,1.35,0.0,0.0,2.025,0.0,0.0,0.0,0.0,0.0,RW/LW,Winger
0,1,0.29,1.11,8,2,1,0,419,465,5,23,30,0,0,130,13,0,11,591,9,0,10,44,8,3,0,5,0,2,0,0,0,680,9,1142588,Pablo Barrios,pablo-barrios,Atlético Madrid,2836,Champions League,Midfielder,2025/26,0.0,0.1324,0.0384,0.1469,1.0588,0.2647,0.1324,0.0,55.4559,61.5441,0.6618,3.0441,3.9706,0.0,0.0,17.2059,1.7206,0.0,1.4559,78.2206,1.1912,0.0,1.3235,5.8235,1.0588,0.3971,0.0,0.6618,0.0,0.2647,0.0,0.0,0.0,MC,Central Mid
2,0,1.11,0.08,4,3,0,1,343,376,1,12,28,0,0,22,0,0,0,491,8,0,11,25,50,0,0,18,0,2,0,0,0,806,14,787751,Robin Le Normand,robin-le-normand,Atlético Madrid,2836,Champions League,Defender,2025/26,0.2233,0.0,0.1239,0.0089,0.4467,0.335,0.0,0.1117,38.3002,41.9851,0.1117,1.34,3.1266,0.0,0.0,2.4566,0.0,0.0,0.0,54.8263,0.8933,0.0,1.2283,2.7916,5.5831,0.0,0.0,2.0099,0.0,0.2233,0.0,0.0,0.0,DC,Centre-Back
0,0,0.82,0.42,5,2,0,1,106,114,5,5,6,3,0,46,0,0,4,150,2,0,0,15,1,1,0,1,0,2,0,0,0,172,7,944660,Thiago Almada,thiago-almada,Atlético Madrid,2836,Champions League,Midfielder,2025/26,0.0,0.0,0.4291,0.2198,2.6163,1.0465,0.0,0.5233,55.4651,59.6512,2.6163,2.6163,3.1395,1.5698,0.0,24.0698,0.0,0.0,2.093,78.4884,1.0465,0.0,0.0,7.8488,0.5233,0.5233,0.0,0.5233,0.0,1.0465,0.0,0.0,0.0,LW/AM,Winger
2,0,1.02,1.9,8,3,1,0,884,964,7,74,92,11,0,192,2,0,1,1106,9,0,14,61,23,1,0,4,0,2,0,0,0,1005,12,796047,Aleix García,aleix-garcia,Bayer 04 Leverkusen,2681,Champions League,Midfielder,2025/26,0.1791,0.0,0.0913,0.1701,0.7164,0.2687,0.0896,0.0,79.1642,86.3284,0.6269,6.6269,8.2388,0.9851,0.0,17.194,0.1791,0.0,0.0896,99.0448,0.806,0.0,1.2537,5.4627,2.0597,0.0896,0.0,0.3582,0.0,0.1791,0.0,0.0,0.0,MC/DM,Central Mid
4,3,2.35,2.52,20,8,3,2,576,685,29,21,49,19,0,155,9,0,7,1015,27,0,13,64,36,4,2,7,0,2,0,0,0,1079,12,177177,Alejandro Grimaldo,alex-grimaldo,Bayer 04 Leverkusen,2681,Champions League,Midfielder,2025/26,0.3336,0.2502,0.196,0.2102,1.6682,0.6673,0.2502,0.1668,48.0445,57.1362,2.4189,1.7516,4.0871,1.5848,0.0,12.9286,0.7507,0.0,0.5839,84.6617,2.2521,0.0,1.0843,5.3383,3.0028,0.3336,0.1668,0.5839,0.0,0.1668,0.0,0.0,0.0,ML,Winger
0,0,0.0,0.3,0,0,1,0,84,107,2,1,3,0,0,14,3,0,7,200,2,0,4,11,9,0,0,2,0,0,0,0,0,391,8,1174761,Arthur,arthur,Bayer 04 Leverkusen,2681,Champions League,Midfielder,2025/26,0.0,0.0,0.0,0.0691,0.0,0.0,0.2302,0.0,19.335,24.6292,0.4604,0.2302,0.6905,0.0,0.0,3.2225,0.6905,0.0,1.6113,46.0358,0.4604,0.0,0.9207,2.532,2.0716,0.0,0.0,0.4604,0.0,0.0,0.0,0.0,0.0,DR/MR,Full-Back
1,1,2.8,0.21,14,6,0,4,93,103,7,0,1,0,0,34,3,0,10,184,3,0,0,7,4,2,0,9,0,2,0,1,0,606,11,2029648,Christian Kofane,christian-kofane,Bayer 04 Leverkusen,2681,Champions League,Forward,2025/26,0.1485,0.1485,0.4158,0.0312,2.0792,0.8911,0.0,0.5941,13.8119,15.297,1.0396,0.0,0.1485,0.0,0.0,5.0495,0.4455,0.0,1.4851,27.3267,0.4455,0.0,0.0,1.0396,0.5941,0.297,0.0,1.3366,0.0,0.297,0.0,0.1485,0.0,ST,Striker
0,0,0.22,0.18,4,1,0,0,555,627,1,31,70,0,0,54,1,0,1,768,8,0,7,49,49,1,0,17,0,3,0,0,0,811,10,883262,Edmond Tapsoba,edmond-tapsoba,Bayer 04 Leverkusen,2681,Champions League,Defender,2025/26,0.0,0.0,0.0244,0.02,0.4439,0.111,0.0,0.0,61.5906,69.5808,0.111,3.4402,7.7682,0.0,0.0,5.9926,0.111,0.0,0.111,85.2281,0.8878,0.0,0.7768,5.4377,5.4377,0.111,0.0,1.8866,0.0,0.3329,0.0,0.0,0.0,DC/DL,Centre-Back
0,1,1.35,0.85,12,3,3,2,216,258,9,2,3,2,0,90,12,0,9,388,7,0,3,34,8,4,0,4,0,2,0,0,0,770,12,1119502,Ernest Poku,ernest-poku,Bayer 04 Leverkusen,2681,Champions League,Forward,2025/26,0.0,0.1169,0.1578,0.0994,1.4026,0.3506,0.3506,0.2338,25.2468,30.1558,1.0519,0.2338,0.3506,0.2338,0.0,10.5195,1.4026,0.0,1.0519,45.3506,0.8182,0.0,0.3506,3.974,0.9351,0.4675,0.0,0.4675,0.0,0.2338,0.0,0.0,0.0,RW,Winger
0,0,0.03,0.23,1,0,0,0,272,295,3,8,12,0,0,49,2,0,0,348,9,0,7,31,2,1,0,2,0,2,0,0,0,335,5,822600,Exequiel Palacios,exequiel-palacios,Bayer 04 Leverkusen,2681,Champions League,Midfielder,2025/26,0.0,0.0,0.0081,0.0618,0.2687,0.0,0.0,0.0,73.0746,79.2537,0.806,2.1493,3.2239,0.0,0.0,13.1642,0.5373,0.0,0.0,93.4925,2.4179,0.0,1.8806,8.3284,0.5373,0.2687,0.0,0.5373,0.0,0.5373,0.0,0.0,0.0,MC/DM,Central Mid
0,0,0.04,0.58,1,0,1,0,359,394,5,14,18,0,0,84,1,0,7,458,6,0,2,33,4,0,0,6,0,0,0,0,0,443,9,1003012,Ezequiel Fernández,ezequiel-fernandez,Bayer 04 Leverkusen,2681,Champions League,Midfielder,2025/26,0.0,0.0,0.0081,0.1178,0.2032,0.0,0.2032,0.0,72.9345,80.0451,1.0158,2.8442,3.6569,0.0,0.0,17.0655,0.2032,0.0,1.4221,93.0474,1.219,0.0,0.4063,6.7043,0.8126,0.0,0.0,1.219,0.0,0.0,0.0,0.0,0.0,MC/DM,Central Mid
0,2,1.37,2.35,20,2,6,1,254,303,12,7,13,5,0,86,15,0,15,496,10,0,9,37,9,8,0,7,0,1,0,0,0,788,12,1407524,Ibrahim Maza,ibrahim-maza,Bayer 04 Leverkusen,2681,Champions League,Forward,2025/26,0.0,0.2284,0.1565,0.2684,2.2843,0.2284,0.6853,0.1142,29.0102,34.6066,1.3706,0.7995,1.4848,0.5711,0.0,9.8223,1.7132,0.0,1.7132,56.6497,1.1421,0.0,1.0279,4.2259,1.0279,0.9137,0.0,0.7995,0.0,0.1142,0.0,0.0,0.0,AM/MC,Attacking Mid
0,0,0.27,0.43,5,1,1,0,513,589,2,29,54,1,0,83,8,0,0,734,2,0,9,30,37,2,0,13,0,0,0,0,0,990,11,1003339,Jarell Quansah,jarell-quansah,Bayer 04 Leverkusen,2681,Champions League,Defender,2025/26,0.0,0.0,0.0245,0.0391,0.4545,0.0909,0.0909,0.0,46.6364,53.5455,0.1818,2.6364,4.9091,0.0909,0.0,7.5455,0.7273,0.0,0.0,66.7273,0.1818,0.0,0.8182,2.7273,3.3636,0.1818,0.0,1.1818,0.0,0.0,0.0,0.0,0.0,DC/DR,Centre-Back
0,0,0.7,0.6,5,2,1,1,448,482,4,16,32,1,0,39,4,0,3,590,7,0,7,42,38,1,0,12,0,0,0,0,0,608,8,1006489,Loïc Badé,loic-bade,Bayer 04 Leverkusen,2681,Champions League,Defender,2025/26,0.0,0.0,0.1036,0.0888,0.7401,0.2961,0.148,0.148,66.3158,71.3487,0.5921,2.3684,4.7368,0.148,0.0,5.773,0.5921,0.0,0.4441,87.3355,1.0362,0.0,1.0362,6.2171,5.625,0.148,0.0,1.7763,0.0,0.0,0.0,0.0,0.0,DC,Centre-Back
0,1,0.74,0.46,2,1,1,2,137,164,5,2,7,3,0,52,3,0,2,248,3,0,2,15,7,0,0,1,0,1,0,0,0,364,5,255239,Lucas Vázquez,lucas-vazquez,Bayer 04 Leverkusen,2681,Champions League,Midfielder,2025/26,0.0,0.2473,0.183,0.1137,0.4945,0.2473,0.2473,0.4945,33.8736,40.5495,1.2363,0.4945,1.7308,0.7418,0.0,12.8571,0.7418,0.0,0.4945,61.3187,0.7418,0.0,0.4945,3.7088,1.7308,0.0,0.0,0.2473,0.0,0.2473,0.0,0.0,0.0,DR,Full-Back
2,0,1.4,0.6,8,3,0,1,201,229,4,8,11,0,0,70,4,0,14,340,8,0,1,30,7,4,0,3,0,1,0,0,1,533,10,975798,Malik Tillman,malik-tillman,Bayer 04 Leverkusen,2681,Champions League,Midfielder,2025/26,0.3377,0.0,0.2364,0.1013,1.3508,0.5066,0.0,0.1689,33.94,38.6679,0.6754,1.3508,1.8574,0.0,0.0,11.8199,0.6754,0.0,2.364,57.4109,1.3508,0.0,0.1689,5.0657,1.182,0.6754,0.0,0.5066,0.0,0.1689,0.0,0.0,0.1689,AM/MC/LW,Attacking Mid
0,0,0.07,0.05,1,1,0,0,38,43,1,1,1,0,0,12,3,0,1,56,0,0,2,3,0,0,0,2,0,0,0,0,0,156,3,846445,Martin Terrier,martin-terrier,Bayer 04 Leverkusen,2681,Champions League,Forward,2025/26,0.0,0.0,0.0404,0.0288,0.5769,0.5769,0.0,0.0,21.9231,24.8077,0.5769,0.5769,0.5769,0.0,0.0,6.9231,1.7308,0.0,0.5769,32.3077,0.0,0.0,1.1538,1.7308,0.0,0.0,0.0,1.1538,0.0,0.0,0.0,0.0,0.0,LW/AM/ST,Winger
4,1,2.89,0.19,15,9,1,6,75,102,4,3,3,0,0,23,3,0,4,181,1,0,2,11,7,1,0,17,0,0,0,0,0,537,9,280609,Patrik Schick,patrik-schick,Bayer 04 Leverkusen,2681,Champions League,Forward,2025/26,0.6704,0.1676,0.4844,0.0318,2.514,1.5084,0.1676,1.0056,12.5698,17.095,0.6704,0.5028,0.5028,0.0,0.0,3.8547,0.5028,0.0,0.6704,30.3352,0.1676,0.0,0.3352,1.8436,1.1732,0.1676,0.0,2.8492,0.0,0.0,0.0,0.0,0.0,ST,Striker
1,0,0.58,0.12,6,2,0,0,437,494,1,9,38,0,0,37,0,0,0,573,2,0,11,25,36,1,0,10,0,1,1,0,0,744,9,168903,Robert Andrich,robert-andrich,Bayer 04 Leverkusen,2681,Champions League,Defender,2025/26,0.121,0.0,0.0702,0.0145,0.7258,0.2419,0.0,0.0,52.8629,59.7581,0.121,1.0887,4.5968,0.0,0.0,4.4758,0.0,0.0,0.0,69.3145,0.2419,0.0,1.3306,3.0242,4.3548,0.121,0.0,1.2097,0.0,0.121,0.121,0.0,0.0,MC/DM/DC,Central Mid
0,0,0.41,0.51,6,3,0,0,289,353,4,10,33,0,0,79,15,0,5,573,16,0,9,42,22,2,0,3,0,1,0,0,0,804,10,1102791,Amar Dedić,amar-dedic,Benfica,3006,Champions League,Defender,2025/26,0.0,0.0,0.0459,0.0571,0.6716,0.3358,0.0,0.0,32.3507,39.5149,0.4478,1.1194,3.694,0.0,0.0,8.8433,1.6791,0.0,0.5597,64.1418,1.791,0.0,1.0075,4.7015,2.4627,0.2239,0.0,0.3358,0.0,0.1119,0.0,0.0,0.0,DR,Full-Back
2,0,0.74,1.61,9,3,2,1,116,147,9,1,4,4,0,57,11,0,5,233,3,0,2,18,2,6,0,2,0,0,0,0,0,421,7,1100952,Andreas Schjelderup,andreas-schjelderup,Benfica,3006,Champions League,Midfielder,2025/26,0.4276,0.0,0.1582,0.3442,1.924,0.6413,0.4276,0.2138,24.7981,31.4252,1.924,0.2138,0.8551,0.8551,0.0,12.1853,2.3515,0.0,1.0689,49.81,0.6413,0.0,0.4276,3.848,0.4276,1.2827,0.0,0.4276,0.0,0.0,0.0,0.0,0.0,LW,Winger
0,0,0.0,0.11,0,0,0,0,152,178,1,14,30,0,0,19,0,0,0,219,3,0,3,4,25,0,0,8,0,0,0,0,0,358,6,1006069,António Silva,antonio-silva,Benfica,3006,Champions League,Defender,2025/26,0.0,0.0,0.0,0.0277,0.0,0.0,0.0,0.0,38.2123,44.7486,0.2514,3.5196,7.5419,0.0,0.0,4.7765,0.0,0.0,0.0,55.0559,0.7542,0.0,0.7542,1.0056,6.2849,0.0,0.0,2.0112,0.0,0.0,0.0,0.0,0.0,DC,Centre-Back
0,0,1.22,0.41,13,6,0,3,73,89,5,5,7,3,0,25,5,0,9,164,3,0,0,13,1,3,0,2,0,2,0,0,0,266,4,823631,Dodi Lukebakio,dodi-lukebakio,Benfica,3006,Champions League,Midfielder,2025/26,0.0,0.0,0.4128,0.1387,4.3985,2.0301,0.0,1.015,24.6992,30.1128,1.6917,1.6917,2.3684,1.015,0.0,8.4586,1.6917,0.0,3.0451,55.4887,1.015,0.0,0.0,4.3985,0.3383,1.015,0.0,0.6767,0.0,0.6767,0.0,0.0,0.0,RW,Winger
1,0,0.48,0.23,6,2,1,1,367,400,3,17,29,0,0,69,5,0,4,492,11,0,11,47,12,0,0,9,0,1,0,0,0,591,9,1087316,Enzo Barrenechea,enzo-barrenechea,Benfica,3006,Champions League,Midfielder,2025/26,0.1523,0.0,0.0731,0.035,0.9137,0.3046,0.1523,0.1523,55.8883,60.9137,0.4569,2.5888,4.4162,0.0,0.0,10.5076,0.7614,0.0,0.6091,74.9239,1.6751,0.0,1.6751,7.1574,1.8274,0.0,0.0,1.3706,0.0,0.1523,0.0,0.0,0.0,MC/DM,Central Mid
0,0,0.64,0.13,5,1,0,1,28,45,3,1,1,0,0,13,6,0,3,100,2,0,1,8,0,3,0,5,0,0,0,0,0,173,7,1103333,Franjo Ivanović,franjo-ivanovic,Benfica,3006,Champions League,Forward,2025/26,0.0,0.0,0.3329,0.0676,2.6012,0.5202,0.0,0.5202,14.5665,23.4104,1.5607,0.5202,0.5202,0.0,0.0,6.763,3.1214,0.0,1.5607,52.0231,1.0405,0.0,0.5202,4.1618,0.0,1.5607,0.0,2.6012,0.0,0.0,0.0,0.0,0.0,ST,Striker
0,2,1.11,1.44,11,2,4,2,346,415,13,16,29,7,0,106,4,0,6,562,7,0,10,39,12,4,0,8,0,1,0,0,0,863,10,228364,Fredrik Aursnes,fredrik-aursnes,Benfica,3006,Champions League,Midfielder,2025/26,0.0,0.2086,0.1158,0.1502,1.1472,0.2086,0.4171,0.2086,36.0834,43.2793,1.3557,1.6686,3.0243,0.73,0.0,11.0545,0.4171,0.0,0.6257,58.6095,0.73,0.0,1.0429,4.0672,1.2514,0.4171,0.0,0.8343,0.0,0.1043,0.0,0.0,0.0,MC/DM,Central Mid
0,1,0.5,1.75,12,3,3,1,210,244,18,18,28,11,0,81,5,0,8,383,6,0,3,37,3,6,0,1,0,1,0,0,0,651,9,1123925,Georgiy Sudakov,georgiy-sudakov,Benfica,3006,Champions League,Midfielder,2025/26,0.0,0.1382,0.0691,0.2419,1.659,0.4147,0.4147,0.1382,29.0323,33.7327,2.4885,2.4885,3.871,1.5207,0.0,11.1982,0.6912,0.0,1.106,52.9493,0.8295,0.0,0.4147,5.1152,0.4147,0.8295,0.0,0.1382,0.0,0.1382,0.0,0.0,0.0,AM,Attacking Mid
0,0,0.42,0.79,10,2,0,0,72,94,4,4,6,2,0,44,4,0,7,170,4,0,1,15,0,4,0,1,0,1,0,0,0,286,5,1201395,Gianluca Prestianni,gianluca-prestianni,Benfica,3006,Champions League,Midfielder,2025/26,0.0,0.0,0.1322,0.2486,3.1469,0.6294,0.0,0.0,22.6573,29.5804,1.2587,1.2587,1.8881,0.6294,0.0,13.8462,1.2587,0.0,2.2028,53.4965,1.2587,0.0,0.3147,4.7203,0.0,1.2587,0.0,0.3147,0.0,0.3147,0.0,0.0,0.0,RW,Winger
2,0,1.32,0.5,9,4,0,2,198,244,3,3,9,0,0,46,2,0,7,352,9,0,4,29,7,3,0,7,0,1,0,1,0,630,9,906800,Leandro Barreiro,leandro-barreiro,Benfica,3006,Champions League,Midfielder,2025/26,0.2857,0.0,0.1886,0.0714,1.2857,0.5714,0.0,0.2857,28.2857,34.8571,0.4286,0.4286,1.2857,0.0,0.0,6.5714,0.2857,0.0,1.0,50.2857,1.2857,0.0,0.5714,4.1429,1.0,0.4286,0.0,1.0,0.0,0.1429,0.0,0.1429,0.0,MC/DM/AM,Central Mid
0,0,0.52,0.47,8,3,1,0,488,548,4,38,63,0,0,59,0,0,0,686,9,0,13,26,52,1,1,27,0,3,0,1,0,900,10,74915,Nicolás Otamendi,nicolas-otamendi,Benfica,3006,Champions League,Defender,2025/26,0.0,0.0,0.052,0.047,0.8,0.3,0.1,0.0,48.8,54.8,0.4,3.8,6.3,0.0,0.0,5.9,0.0,0.0,0.0,68.6,0.9,0.0,1.3,2.6,5.2,0.1,0.1,2.7,0.0,0.3,0.0,0.1,0.0,DC,Centre-Back
1,0,1.09,0.24,5,2,0,1,37,46,2,0,0,1,0,17,3,0,2,65,0,0,0,1,0,1,0,0,0,0,0,0,0,164,2,252577,Rafa Silva,rafa-silva,Benfica,3006,Champions League,Midfielder,2025/26,0.5488,0.0,0.5982,0.1317,2.7439,1.0976,0.0,0.5488,20.3049,25.2439,1.0976,0.0,0.0,0.5488,0.0,9.3293,1.6463,0.0,1.0976,35.6707,0.0,0.0,0.0,0.5488,0.0,0.5488,0.0,0.0,0.0,0.0,0.0,0.0,0.0,AM/RW,Attacking Mid
1,1,1.24,0.42,12,5,1,1,226,263,9,12,18,0,0,55,9,0,12,389,5,0,11,40,10,4,0,8,0,2,0,0,0,622,8,1015292,Richard Ríos,richard-rios,Benfica,3006,Champions League,Midfielder,2025/26,0.1447,0.1447,0.1794,0.0608,1.7363,0.7235,0.1447,0.1447,32.701,38.0547,1.3023,1.7363,2.6045,0.0,0.0,7.9582,1.3023,0.0,1.7363,56.2862,0.7235,0.0,1.5916,5.7878,1.4469,0.5788,0.0,1.1576,0.0,0.2894,0.0,0.0,0.0,MC/DM,Central Mid
1,0,0.1,0.66,3,1,1,0,291,341,5,6,23,3,0,61,3,0,4,512,16,0,7,36,19,1,1,3,0,2,0,0,0,789,9,993101,Samuel Dahl,samuel-dahl,Benfica,3006,Champions League,Defender,2025/26,0.1141,0.0,0.0114,0.0753,0.3422,0.1141,0.1141,0.0,33.1939,38.8973,0.5703,0.6844,2.6236,0.3422,0.0,6.9582,0.3422,0.0,0.4563,58.403,1.8251,0.0,0.7985,4.1065,2.1673,0.1141,0.1141,0.3422,0.0,0.2281,0.0,0.0,0.0,DL,Full-Back
0,0,0.02,0.12,1,1,0,0,303,359,1,22,53,0,0,44,1,0,0,470,7,0,17,26,40,0,0,9,0,1,0,0,0,656,9,983542,Tomás Araújo,tomas-araujo,Benfica,3006,Champions League,Defender,2025/26,0.0,0.0,0.0027,0.0165,0.1372,0.1372,0.0,0.0,41.5701,49.253,0.1372,3.0183,7.2713,0.0,0.0,6.0366,0.1372,0.0,0.0,64.4817,0.9604,0.0,2.3323,3.5671,5.4878,0.0,0.0,1.2348,0.0,0.1372,0.0,0.0,0.0,DC/DR,Centre-Back
2,2,3.94,0.67,21,6,2,2,151,208,13,1,8,1,0,53,6,0,14,342,5,0,1,24,2,5,0,15,0,0,0,0,0,811,10,795236,Vangelis Pavlidis,vangelis-pavlidis,Benfica,3006,Champions League,Forward,2025/26,0.2219,0.2219,0.4372,0.0744,2.3305,0.6658,0.2219,0.2219,16.7571,23.0826,1.4427,0.111,0.8878,0.111,0.0,5.8816,0.6658,0.0,1.5536,37.9531,0.5549,0.0,0.111,2.6634,0.2219,0.5549,0.0,1.6646,0.0,0.0,0.0,0.0,0.0,ST,Striker
1,0,1.65,0.27,7,6,0,2,22,31,1,0,0,0,0,7,0,0,4,79,1,0,0,2,3,0,0,7,0,0,0,0,0,202,12,793524,Andreas Helmersen,andreas-helmersen,Bodø/Glimt,656,Champions League,Forward,2025/26,0.4455,0.0,0.7351,0.1203,3.1188,2.6733,0.0,0.8911,9.802,13.8119,0.4455,0.0,0.0,0.0,0.0,3.1188,0.0,0.0,1.7822,35.198,0.4455,0.0,0.0,0.8911,1.3366,0.0,0.0,3.1188,0.0,0.0,0.0,0.0,0.0,ST,Striker
0,2,0.1,0.8,2,0,3,0,467,551,4,11,39,0,0,113,10,0,8,766,16,0,6,41,35,2,1,5,0,1,0,1,1,912,10,795154,Fredrik André Bjørkan,fredrik-andre-bjorkan,Bodø/Glimt,656,Champions League,Defender,2025/26,0.0,0.1974,0.0099,0.0789,0.1974,0.0,0.2961,0.0,46.0855,54.375,0.3947,1.0855,3.8487,0.0,0.0,11.1513,0.9868,0.0,0.7895,75.5921,1.5789,0.0,0.5921,4.0461,3.4539,0.1974,0.0987,0.4934,0.0,0.0987,0.0,0.0987,0.0987,DL,Full-Back
1,0,0.58,0.69,4,1,1,0,449,540,7,29,62,2,0,101,7,0,6,775,16,0,14,56,27,3,0,3,0,0,0,0,0,1110,12,1172777,Fredrik Sjøvold,fredrik-sjovold,Bodø/Glimt,656,Champions League,Defender,2025/26,0.0811,0.0,0.047,0.0559,0.3243,0.0811,0.0811,0.0,36.4054,43.7838,0.5676,2.3514,5.027,0.1622,0.0,8.1892,0.5676,0.0,0.4865,62.8378,1.2973,0.0,1.1351,4.5405,2.1892,0.2432,0.0,0.2432,0.0,0.0,0.0,0.0,0.0,DR,Full-Back
1,0,0.64,0.05,2,1,0,0,249,278,2,10,22,0,0,22,1,0,1,335,3,0,5,16,23,0,3,9,0,1,0,0,0,405,9,250319,Haitam Aleesami,haitam-aleesami,Bodø/Glimt,656,Champions League,Defender,2025/26,0.2222,0.0,0.1422,0.0111,0.4444,0.2222,0.0,0.0,55.3333,61.7778,0.4444,2.2222,4.8889,0.0,0.0,4.8889,0.2222,0.0,0.2222,74.4444,0.6667,0.0,1.1111,3.5556,5.1111,0.0,0.6667,2.0,0.0,0.2222,0.0,0.0,0.0,DC/DL,Centre-Back
1,2,2.49,1.12,14,8,1,3,263,318,14,12,22,1,0,101,12,0,15,507,19,0,8,53,17,4,0,1,0,0,0,0,0,1030,12,892943,Håkon Evjen,hakon-evjen,Bodø/Glimt,656,Champions League,Midfielder,2025/26,0.0874,0.1748,0.2176,0.0979,1.2233,0.699,0.0874,0.2621,22.9806,27.7864,1.2233,1.0485,1.9223,0.0874,0.0,8.8252,1.0485,0.0,1.3107,44.301,1.6602,0.0,0.699,4.6311,1.4854,0.3495,0.0,0.0874,0.0,0.0,0.0,0.0,0.0,MC,Central Mid
0,0,0.13,0.1,2,0,0,0,61,80,1,2,6,0,0,20,1,0,1,135,2,0,3,13,4,1,0,3,0,1,0,0,0,248,10,980915,Isak Dybvik Määttä,isak-dybvik-maatta,Bodø/Glimt,656,Champions League,Defender,2025/26,0.0,0.0,0.0472,0.0363,0.7258,0.0,0.0,0.0,22.1371,29.0323,0.3629,0.7258,2.1774,0.0,0.0,7.2581,0.3629,0.0,0.3629,48.9919,0.7258,0.0,1.0887,4.7177,1.4516,0.3629,0.0,1.0887,0.0,0.3629,0.0,0.0,0.0,DL/RW,Full-Back
6,2,2.98,2.67,19,9,5,1,406,486,27,19,31,2,0,202,29,0,24,713,12,0,2,44,8,3,0,2,0,0,0,0,0,988,12,838805,Jens Petter Hauge,jens-hauge,Bodø/Glimt,656,Champions League,Forward,2025/26,0.5466,0.1822,0.2715,0.2432,1.7308,0.8198,0.4555,0.0911,36.9838,44.2713,2.4595,1.7308,2.8239,0.1822,0.0,18.4008,2.6417,0.0,2.1862,64.9494,1.0931,0.0,0.1822,4.0081,0.7287,0.2733,0.0,0.1822,0.0,0.0,0.0,0.0,0.0,LW,Winger
0,0,0.77,0.17,4,2,0,2,353,385,0,7,17,0,0,24,3,0,2,527,8,0,5,20,74,0,0,18,0,2,1,0,0,668,9,548692,Jostein Gundersen,jostein-gundersen,Bodø/Glimt,656,Champions League,Defender,2025/26,0.0,0.0,0.1037,0.0229,0.5389,0.2695,0.0,0.2695,47.5599,51.8713,0.0,0.9431,2.2904,0.0,0.0,3.2335,0.4042,0.0,0.2695,71.003,1.0778,0.0,0.6737,2.6946,9.9701,0.0,0.0,2.4251,0.0,0.2695,0.1347,0.0,0.0,DC,Centre-Back
5,3,5.31,0.45,26,12,2,7,114,165,6,2,5,0,0,39,0,0,12,277,3,0,2,19,10,3,0,35,0,2,0,0,0,922,12,932108,Kasper Høgh,kasper-hogh,Bodø/Glimt,656,Champions League,Forward,2025/26,0.4881,0.2928,0.5183,0.0439,2.538,1.1714,0.1952,0.6833,11.128,16.1063,0.5857,0.1952,0.4881,0.0,0.0,3.8069,0.0,0.0,1.1714,27.039,0.2928,0.0,0.1952,1.8547,0.9761,0.2928,0.0,3.4165,0.0,0.1952,0.0,0.0,0.0,ST,Striker
0,0,0.19,0.16,4,1,0,0,608,653,0,22,44,0,0,88,6,0,3,813,8,0,11,27,70,1,0,18,0,1,0,0,0,1110,12,929978,Odin Luras Bjørtuft,odin-luras-bjortuft,Bodø/Glimt,656,Champions League,Defender,2025/26,0.0,0.0,0.0154,0.013,0.3243,0.0811,0.0,0.0,49.2973,52.9459,0.0,1.7838,3.5676,0.0,0.0,7.1351,0.4865,0.0,0.2432,65.9189,0.6486,0.0,0.8919,2.1892,5.6757,0.0811,0.0,1.4595,0.0,0.0811,0.0,0.0,0.0,DC,Centre-Back
2,3,1.3,1.55,5,3,3,1,104,147,5,3,6,1,0,50,8,0,8,265,2,0,4,25,19,1,1,8,0,2,0,0,0,636,10,1007769,Ole Didrik Blomberg,ole-didrik-blomberg,Bodø/Glimt,656,Champions League,Forward,2025/26,0.283,0.4245,0.184,0.2193,0.7075,0.4245,0.4245,0.1415,14.717,20.8019,0.7075,0.4245,0.8491,0.1415,0.0,7.0755,1.1321,0.0,1.1321,37.5,0.283,0.0,0.566,3.5377,2.6887,0.1415,0.1415,1.1321,0.0,0.283,0.0,0.0,0.0,RW/ST,Winger
0,1,0.7,2.22,16,6,4,0,529,630,17,27,69,20,0,158,7,0,6,862,17,0,8,62,40,6,0,1,0,2,0,0,0,1110,12,355174,Patrick Berg,patrick-berg,Bodø/Glimt,656,Champions League,Midfielder,2025/26,0.0,0.0811,0.0568,0.18,1.2973,0.4865,0.3243,0.0,42.8919,51.0811,1.3784,2.1892,5.5946,1.6216,0.0,12.8108,0.5676,0.0,0.4865,69.8919,1.3784,0.0,0.6486,5.027,3.2432,0.4865,0.0,0.0811,0.0,0.1622,0.0,0.0,0.0,MC,Central Mid
0,0,0.48,0.55,4,0,0,1,170,202,3,5,9,3,0,64,6,0,11,310,2,0,3,25,4,3,0,1,0,2,0,1,0,440,10,1029163,Sondre Auklend,sondre-auklend,Bodø/Glimt,656,Champions League,Midfielder,2025/26,0.0,0.0,0.0982,0.1125,0.8182,0.0,0.0,0.2045,34.7727,41.3182,0.6136,1.0227,1.8409,0.6136,0.0,13.0909,1.2273,0.0,2.25,63.4091,0.4091,0.0,0.6136,5.1136,0.8182,0.6136,0.0,0.2045,0.0,0.4091,0.0,0.2045,0.0,MC,Central Mid
4,1,3.5,0.65,18,9,2,2,217,265,8,4,5,1,0,71,3,0,14,444,13,0,18,39,9,6,0,8,0,0,0,1,0,895,12,567236,Sondre Fet,sondre-fet,Bodø/Glimt,656,Champions League,Midfielder,2025/26,0.4022,0.1006,0.352,0.0654,1.8101,0.905,0.2011,0.2011,21.8212,26.648,0.8045,0.4022,0.5028,0.1006,0.0,7.1397,0.3017,0.0,1.4078,44.648,1.3073,0.0,1.8101,3.9218,0.905,0.6034,0.0,0.8045,0.0,0.0,0.0,0.1006,0.0,MC,Central Mid
0,1,0.45,0.03,2,2,1,1,128,145,1,8,15,0,0,24,0,0,2,177,4,0,2,11,5,0,0,5,0,0,0,0,0,172,3,1500263,Aarón Anselmino,anselmino-aaron,Borussia Dortmund,2673,Champions League,Defender,2025/26,0.0,0.5233,0.2355,0.0157,1.0465,1.0465,0.5233,0.5233,66.9767,75.8721,0.5233,4.186,7.8488,0.0,0.0,12.5581,0.0,0.0,1.0465,92.6163,2.093,0.0,1.0465,5.7558,2.6163,0.0,0.0,2.6163,0.0,0.0,0.0,0.0,0.0,DC,Centre-Back
1,2,0.34,0.34,5,1,1,0,84,97,5,1,1,0,0,36,6,0,5,145,4,0,2,14,2,3,0,4,0,0,0,0,0,221,8,994556,Carney Chukwuemeka,carney-chukwuemeka,Borussia Dortmund,2673,Champions League,Midfielder,2025/26,0.4072,0.8145,0.1385,0.1385,2.0362,0.4072,0.4072,0.0,34.2081,39.5023,2.0362,0.4072,0.4072,0.0,0.0,14.6606,2.4434,0.0,2.0362,59.0498,1.629,0.0,0.8145,5.7014,0.8145,1.2217,0.0,1.629,0.0,0.0,0.0,0.0,0.0,MC/AM,Central Mid
2,0,0.74,0.48,3,2,0,0,225,278,1,9,18,3,0,56,3,0,4,436,8,0,8,13,16,1,0,6,0,1,1,0,0,713,9,1021272,Daniel Svensson,daniel-svensson,Borussia Dortmund,2673,Champions League,Midfielder,2025/26,0.2525,0.0,0.0934,0.0606,0.3787,0.2525,0.0,0.0,28.4011,35.0912,0.1262,1.136,2.2721,0.3787,0.0,7.0687,0.3787,0.0,0.5049,55.0351,1.0098,0.0,1.0098,1.641,2.0196,0.1262,0.0,0.7574,0.0,0.1262,0.1262,0.0,0.0,ML/DL,Winger
0,0,0.0,0.47,0,0,0,0,177,203,1,9,19,0,0,34,0,0,2,250,3,0,5,13,12,0,0,3,0,1,0,0,0,273,6,138156,Emre Can,emre-can,Borussia Dortmund,2673,Champions League,Defender,2025/26,0.0,0.0,0.0,0.1549,0.0,0.0,0.0,0.0,58.3516,66.9231,0.3297,2.967,6.2637,0.0,0.0,11.2088,0.0,0.0,0.6593,82.4176,0.989,0.0,1.6484,4.2857,3.956,0.0,0.0,0.989,0.0,0.3297,0.0,0.0,0.0,MC/DC/DM,Central Mid
3,0,0.63,1.29,11,4,2,1,372,431,11,15,20,2,0,105,4,0,6,531,4,0,9,36,7,4,0,5,0,0,0,0,0,753,10,907463,Felix Nmecha,felix-nmecha,Borussia Dortmund,2673,Champions League,Midfielder,2025/26,0.3586,0.0,0.0753,0.1542,1.3147,0.4781,0.239,0.1195,44.4622,51.5139,1.3147,1.7928,2.3904,0.239,0.0,12.5498,0.4781,0.0,0.7171,63.4661,0.4781,0.0,1.0757,4.3028,0.8367,0.4781,0.0,0.5976,0.0,0.0,0.0,0.0,0.0,MC/DM,Central Mid
1,1,2.14,0.52,11,4,2,3,63,84,7,1,1,2,0,31,3,0,9,143,3,0,2,9,0,2,0,4,0,1,0,0,0,281,9,954076,Fábio Silva,fabio-silva,Borussia Dortmund,2673,Champions League,Forward,2025/26,0.3203,0.3203,0.6854,0.1665,3.5231,1.2811,0.6406,0.9609,20.1779,26.9039,2.242,0.3203,0.3203,0.6406,0.0,9.9288,0.9609,0.0,2.8826,45.8007,0.9609,0.0,0.6406,2.8826,0.0,0.6406,0.0,1.2811,0.0,0.3203,0.0,0.0,0.0,ST/LW,Striker
0,2,0.24,0.32,6,1,0,0,318,346,2,13,19,0,0,77,8,0,14,472,8,0,6,43,11,4,0,8,0,0,0,0,0,644,10,1134083,Jobe Bellingham,jobe-bellingham,Borussia Dortmund,2673,Champions League,Midfielder,2025/26,0.0,0.2795,0.0335,0.0447,0.8385,0.1398,0.0,0.0,44.441,48.354,0.2795,1.8168,2.6553,0.0,0.0,10.7609,1.118,0.0,1.9565,65.9627,1.118,0.0,0.8385,6.0093,1.5373,0.559,0.0,1.118,0.0,0.0,0.0,0.0,0.0,MC/DM,Central Mid
3,0,1.32,0.95,7,5,1,0,156,190,5,6,12,1,0,55,10,0,6,264,1,0,3,21,0,0,0,3,0,0,0,0,0,449,9,226978,Julian Brandt,julian-brandt,Borussia Dortmund,2673,Champions League,Forward,2025/26,0.6013,0.0,0.2646,0.1904,1.4031,1.0022,0.2004,0.0,31.2695,38.0846,1.0022,1.2027,2.4053,0.2004,0.0,11.0245,2.0045,0.0,1.2027,52.9176,0.2004,0.0,0.6013,4.2094,0.0,0.0,0.0,0.6013,0.0,0.0,0.0,0.0,0.0,AM/MC,Attacking Mid
0,2,0.19,1.62,3,0,6,0,215,253,16,14,25,15,0,58,5,0,11,448,8,0,9,40,14,1,0,2,0,2,0,0,0,605,9,800951,Julian Ryerson,julian-ryerson,Borussia Dortmund,2673,Champions League,Midfielder,2025/26,0.0,0.2975,0.0283,0.241,0.4463,0.0,0.8926,0.0,31.9835,37.6364,2.3802,2.0826,3.719,2.2314,0.0,8.6281,0.7438,0.0,1.6364,66.6446,1.1901,0.0,1.3388,5.9504,2.0826,0.1488,0.0,0.2975,0.0,0.2975,0.0,0.0,0.0,MR/DR,Winger
3,2,1.5,0.72,12,5,1,1,103,137,4,8,10,2,0,45,14,0,9,283,4,0,5,26,0,2,1,1,0,2,0,1,0,473,9,940054,Karim Adeyemi,karim-adeyemi,Borussia Dortmund,2673,Champions League,Forward,2025/26,0.5708,0.3805,0.2854,0.137,2.2833,0.9514,0.1903,0.1903,19.5983,26.0677,0.7611,1.5222,1.9027,0.3805,0.0,8.5624,2.6638,0.0,1.7125,53.8478,0.7611,0.0,0.9514,4.9471,0.0,0.3805,0.1903,0.1903,0.0,0.3805,0.0,0.1903,0.0,RW/LW/AM,Winger
0,2,0.1,0.17,3,2,1,0,162,179,4,4,9,1,0,49,1,0,0,219,6,0,4,17,3,0,0,0,0,0,0,0,0,348,6,133908,Marcel Sabitzer,marcel-sabitzer,Borussia Dortmund,2673,Champions League,Midfielder,2025/26,0.0,0.5172,0.0259,0.044,0.7759,0.5172,0.2586,0.0,41.8966,46.2931,1.0345,1.0345,2.3276,0.2586,0.0,12.6724,0.2586,0.0,0.0,56.6379,1.5517,0.0,1.0345,4.3966,0.7759,0.0,0.0,0.0,0.0,0.0,0.0,0.0,0.0,MC/DM/LW,Central Mid
1,1,2.31,1.09,14,4,0,5,98,142,4,2,6,1,0,47,3,0,7,255,4,0,3,17,6,3,0,8,0,1,0,0,0,529,9,980628,Maximilian Beier,maximilian-beier,Borussia Dortmund,2673,Champions League,Forward,2025/26,0.1701,0.1701,0.393,0.1854,2.3819,0.6805,0.0,0.8507,16.673,24.1588,0.6805,0.3403,1.0208,0.1701,0.0,7.9962,0.5104,0.0,1.1909,43.3837,0.6805,0.0,0.5104,2.8922,1.0208,0.5104,0.0,1.3611,0.0,0.1701,0.0,0.0,0.0,ST/AM,Striker
0,0,0.25,0.23,3,1,0,0,452,502,1,65,89,2,0,91,3,0,1,596,8,0,11,42,16,0,0,8,0,0,1,0,0,560,7,940871,Nico Schlotterbeck,nico-schlotterbeck,Borussia Dortmund,2673,Champions League,Defender,2025/26,0.0,0.0,0.0402,0.037,0.4821,0.1607,0.0,0.0,72.6429,80.6786,0.1607,10.4464,14.3036,0.3214,0.0,14.625,0.4821,0.0,0.1607,95.7857,1.2857,0.0,1.7679,6.75,2.5714,0.0,0.0,1.2857,0.0,0.0,0.1607,0.0,0.0,DC/DL,Centre-Back
2,0,1.58,0.28,3,2,0,0,476,558,1,29,61,0,0,71,4,0,4,714,16,0,10,40,28,1,2,14,0,2,1,0,1,774,9,577726,Ramy Bensebaini,ramy-bensebaini,Borussia Dortmund,2673,Champions League,Defender,2025/26,0.2326,0.0,0.1837,0.0326,0.3488,0.2326,0.0,0.0,55.3488,64.8837,0.1163,3.3721,7.093,0.0,0.0,8.2558,0.4651,0.0,0.4651,83.0233,1.8605,0.0,1.1628,4.6512,3.2558,0.1163,0.2326,1.6279,0.0,0.2326,0.1163,0.0,0.1163,DC/DL,Centre-Back
4,3,4.46,0.95,18,10,2,4,167,202,9,1,2,0,0,48,3,0,16,309,0,0,0,13,7,4,0,23,0,0,0,1,0,710,10,328027,Serhou Guirassy,serhou-guirassy,Borussia Dortmund,2673,Champions League,Forward,2025/26,0.507,0.3803,0.5654,0.1204,2.2817,1.2676,0.2535,0.507,21.169,25.6056,1.1408,0.1268,0.2535,0.0,0.0,6.0845,0.3803,0.0,2.0282,39.169,0.0,0.0,0.0,1.6479,0.8873,0.507,0.0,2.9155,0.0,0.0,0.0,0.1268,0.0,ST,Striker
1,0,0.71,0.09,4,2,0,1,507,586,1,18,62,0,0,51,1,0,4,681,7,0,12,42,34,0,0,15,0,2,0,0,0,747,9,799046,Waldemar Anton,waldemar-anton,Borussia Dortmund,2673,Champions League,Defender,2025/26,0.1205,0.0,0.0855,0.0108,0.4819,0.241,0.0,0.1205,61.0843,70.6024,0.1205,2.1687,7.4699,0.0,0.0,6.1446,0.1205,0.0,0.4819,82.0482,0.8434,0.0,1.4458,5.0602,4.0964,0.0,0.0,1.8072,0.0,0.241,0.0,0.0,0.0,DC/DR,Centre-Back
1,0,0.13,1.06,3,1,2,0,163,203,5,4,10,6,0,60,6,0,5,357,11,0,7,21,10,1,0,1,0,0,0,0,0,417,7,1002813,Yan Couto,yan-couto,Borussia Dortmund,2673,Champions League,Midfielder,2025/26,0.2158,0.0,0.0281,0.2288,0.6475,0.2158,0.4317,0.0,35.1799,43.8129,1.0791,0.8633,2.1583,1.295,0.0,12.9496,1.295,0.0,1.0791,77.0504,2.3741,0.0,1.5108,4.5324,2.1583,0.2158,0.0,0.2158,0.0,0.0,0.0,0.0,0.0,MR/DR,Winger
1,0,1.06,0.34,16,8,1,0,111,131,4,1,1,2,0,52,6,0,5,217,3,0,2,14,0,3,0,2,0,0,0,0,0,330,9,1135873,Alejandro Garnacho,alejandro-garnacho,Chelsea,38,Champions League,Forward,2025/26,0.2727,0.0,0.2891,0.0927,4.3636,2.1818,0.2727,0.0,30.2727,35.7273,1.0909,0.2727,0.2727,0.5455,0.0,14.1818,1.6364,0.0,1.3636,59.1818,0.8182,0.0,0.5455,3.8182,0.0,0.8182,0.0,0.5455,0.0,0.0,0.0,0.0,0.0,LW/AM,Winger
0,2,0.22,0.2,2,1,0,0,220,237,3,1,4,0,0,53,1,0,4,284,6,0,8,8,1,0,0,3,0,2,0,0,0,306,6,1105779,Andrey Santos,santos-andrey,Chelsea,38,Champions League,Midfielder,2025/26,0.0,0.5882,0.0647,0.0588,0.5882,0.2941,0.0,0.0,64.7059,69.7059,0.8824,0.2941,1.1765,0.0,0.0,15.5882,0.2941,0.0,1.1765,83.5294,1.7647,0.0,2.3529,2.3529,0.2941,0.0,0.0,0.8824,0.0,0.5882,0.0,0.0,0.0,MC/DM,Central Mid
0,0,0.13,0.12,1,0,0,1,263,278,1,9,12,0,0,33,0,0,0,305,2,0,7,23,5,0,0,2,0,0,0,0,0,262,4,904827,Benoît Badiashile,benoit-badiashile,Chelsea,38,Champions League,Defender,2025/26,0.0,0.0,0.0447,0.0412,0.3435,0.0,0.0,0.3435,90.3435,95.4962,0.3435,3.0916,4.1221,0.0,0.0,11.3359,0.0,0.0,0.0,104.771,0.687,0.0,2.4046,7.9008,1.7176,0.0,0.0,0.687,0.0,0.0,0.0,0.0,0.0,DC,Centre-Back
1,2,0.57,0.76,6,3,3,1,81,97,6,2,4,1,0,31,1,0,6,152,1,0,2,13,1,2,0,0,0,0,0,0,0,277,4,982780,Cole Palmer,cole-palmer,Chelsea,38,Champions League,Midfielder,2025/26,0.3249,0.6498,0.1852,0.2469,1.9495,0.9747,0.9747,0.3249,26.3177,31.5162,1.9495,0.6498,1.2996,0.3249,0.0,10.0722,0.3249,0.0,1.9495,49.3863,0.3249,0.0,0.6498,4.2238,0.3249,0.6498,0.0,0.0,0.0,0.0,0.0,0.0,0.0,AM,Attacking Mid
3,2,3.35,2.16,18,5,4,1,375,439,14,13,26,2,0,125,4,0,16,576,7,0,2,37,3,6,0,3,0,2,0,1,0,748,10,974505,Enzo Fernández,enzo-fernandez,Chelsea,38,Champions League,Midfielder,2025/26,0.361,0.2406,0.4031,0.2599,2.1658,0.6016,0.4813,0.1203,45.1203,52.8209,1.6845,1.5642,3.1283,0.2406,0.0,15.0401,0.4813,0.0,1.9251,69.3048,0.8422,0.0,0.2406,4.4519,0.361,0.7219,0.0,0.361,0.0,0.2406,0.0,0.1203,0.0,MC/DM/AM,Central Mid
3,0,2.88,0.72,16,7,1,2,127,149,9,4,5,3,0,68,14,0,10,265,3,0,2,16,1,5,0,1,0,1,0,1,0,427,7,1597265,Estêvão,estevao,Chelsea,38,Champions League,Midfielder,2025/26,0.6323,0.0,0.607,0.1518,3.3724,1.4754,0.2108,0.4215,26.7681,31.4052,1.897,0.8431,1.0539,0.6323,0.0,14.3326,2.9508,0.0,2.1077,55.8548,0.6323,0.0,0.4215,3.3724,0.2108,1.0539,0.0,0.2108,0.0,0.2108,0.0,0.2108,0.0,RW,Winger
0,0,0.18,0.21,3,1,0,0,52,69,0,2,2,0,0,20,3,0,2,101,2,0,1,9,1,1,0,3,0,1,0,0,0,163,3,1117025,Facundo Buonanotte,facundo-buonanotte,Chelsea,38,Champions League,Midfielder,2025/26,0.0,0.0,0.0994,0.116,1.6564,0.5521,0.0,0.0,28.7117,38.0982,0.0,1.1043,1.1043,0.0,0.0,11.0429,1.6564,0.0,1.1043,55.7669,1.1043,0.0,0.5521,4.9693,0.5521,0.5521,0.0,1.6564,0.0,0.5521,0.0,0.0,0.0,RW/AM,Winger
0,1,0.19,1.23,5,2,1,0,76,85,6,0,0,2,0,36,13,0,8,162,3,0,1,9,1,1,0,0,0,1,0,0,0,319,7,1140599,Jamie Gittens,jamie-bynoe-gittens,Chelsea,38,Champions League,Midfielder,2025/26,0.0,0.2821,0.0536,0.347,1.4107,0.5643,0.2821,0.0,21.442,23.9812,1.6928,0.0,0.0,0.5643,0.0,10.1567,3.6677,0.0,2.2571,45.7053,0.8464,0.0,0.2821,2.5392,0.2821,0.2821,0.0,0.0,0.0,0.2821,0.0,0.0,0.0,LW,Winger
0,0,0.38,0.32,3,2,0,1,215,229,3,2,6,0,0,50,2,0,2,273,2,0,2,16,6,1,1,7,0,0,0,0,1,340,4,1153079,Jorrel Hato,jorrel-hato,Chelsea,38,Champions League,Defender,2025/26,0.0,0.0,0.1006,0.0847,0.7941,0.5294,0.0,0.2647,56.9118,60.6176,0.7941,0.5294,1.5882,0.0,0.0,13.2353,0.5294,0.0,0.5294,72.2647,0.5294,0.0,0.5294,4.2353,1.5882,0.2647,0.2647,1.8529,0.0,0.0,0.0,0.0,0.2647,DL/DC,Full-Back
0,0,0.02,0.18,1,1,1,0,119,130,1,1,3,0,0,36,1,0,0,172,5,0,4,6,3,0,0,5,0,0,0,0,0,193,5,1403050,Josh Acheampong,josh-acheampong,Chelsea,38,Champions League,Defender,2025/26,0.0,0.0,0.0093,0.0839,0.4663,0.4663,0.4663,0.0,55.4922,60.6218,0.4663,0.4663,1.399,0.0,0.0,16.7876,0.4663,0.0,0.0,80.2073,2.3316,0.0,1.8653,2.7979,1.399,0.0,0.0,2.3316,0.0,0.0,0.0,0.0,0.0,DR/DC,Full-Back
3,0,2.82,0.22,14,6,0,5,122,159,3,1,4,0,0,43,7,0,17,273,3,0,2,9,3,2,0,8,0,0,1,0,0,538,8,975079,João Pedro,joao-pedro,Chelsea,38,Champions League,Forward,2025/26,0.5019,0.0,0.4717,0.0368,2.342,1.0037,0.0,0.8364,20.4089,26.5985,0.5019,0.1673,0.6691,0.0,0.0,7.1933,1.171,0.0,2.8439,45.6691,0.5019,0.0,0.3346,1.5056,0.5019,0.3346,0.0,1.3383,0.0,0.0,0.1673,0.0,0.0,ST/AM,Striker
1,0,0.71,0.13,9,4,0,0,20,25,4,1,1,1,0,12,0,0,3,47,0,0,1,6,0,2,0,1,0,0,0,0,0,189,5,997087,Liam Delap,liam-delap,Chelsea,38,Champions League,Forward,2025/26,0.4762,0.0,0.3381,0.0619,4.2857,1.9048,0.0,0.0,9.5238,11.9048,1.9048,0.4762,0.4762,0.4762,0.0,5.7143,0.0,0.0,1.4286,22.381,0.0,0.0,0.4762,2.8571,0.0,0.9524,0.0,0.4762,0.0,0.0,0.0,0.0,0.0,ST,Striker
1,1,0.37,0.51,5,1,0,0,192,223,5,4,13,4,0,55,4,0,3,332,7,0,14,30,3,2,1,2,0,1,0,0,0,476,7,996958,Malo Gusto,gusto-malo,Chelsea,38,Champions League,Defender,2025/26,0.1891,0.1891,0.07,0.0964,0.9454,0.1891,0.0,0.0,36.3025,42.1639,0.9454,0.7563,2.458,0.7563,0.0,10.3992,0.7563,0.0,0.5672,62.7731,1.3235,0.0,2.6471,5.6723,0.5672,0.3782,0.1891,0.3782,0.0,0.1891,0.0,0.0,0.0,DR,Full-Back
0,0,0.01,1.23,1,0,0,0,322,363,8,7,16,2,0,75,0,0,3,540,13,0,8,24,15,0,0,8,0,0,0,0,0,721,9,794939,Marc Cucurella,marc-cucurella,Chelsea,38,Champions League,Defender,2025/26,0.0,0.0,0.0012,0.1535,0.1248,0.0,0.0,0.0,40.1942,45.3121,0.9986,0.8738,1.9972,0.2497,0.0,9.362,0.0,0.0,0.3745,67.4064,1.6227,0.0,0.9986,2.9958,1.8724,0.0,0.0,0.9986,0.0,0.0,0.0,0.0,0.0,DL,Full-Back
2,0,0.64,0.56,9,5,1,0,576,616,9,17,23,0,0,117,7,0,7,742,16,0,9,59,9,0,0,3,0,1,0,0,1,851,10,987650,Moisés Caicedo,moises-caicedo,Chelsea,38,Champions League,Midfielder,2025/26,0.2115,0.0,0.0677,0.0592,0.9518,0.5288,0.1058,0.0,60.9166,65.1469,0.9518,1.7979,2.4324,0.0,0.0,12.3737,0.7403,0.0,0.7403,78.4724,1.6921,0.0,0.9518,6.2397,0.9518,0.0,0.0,0.3173,0.0,0.1058,0.0,0.0,0.1058,MC/DM,Central Mid
0,1,1.33,1.88,11,4,2,3,196,226,10,2,6,5,0,97,15,0,7,364,1,0,3,19,2,3,0,3,0,0,0,0,0,614,8,879349,Pedro Neto,pedro-neto,Chelsea,38,Champions League,Midfielder,2025/26,0.0,0.1466,0.195,0.2756,1.6124,0.5863,0.2932,0.4397,28.7296,33.127,1.4658,0.2932,0.8795,0.7329,0.0,14.2182,2.1987,0.0,1.0261,53.355,0.1466,0.0,0.4397,2.785,0.2932,0.4397,0.0,0.4397,0.0,0.0,0.0,0.0,0.0,RW/LW,Winger
0,2,0.52,1.2,9,2,3,0,349,387,9,13,28,3,0,91,4,0,3,482,5,0,10,32,4,3,0,1,0,1,0,0,0,564,8,885908,Reece James,reece-james,Chelsea,38,Champions League,Defender,2025/26,0.0,0.3191,0.083,0.1915,1.4362,0.3191,0.4787,0.0,55.6915,61.7553,1.4362,2.0745,4.4681,0.4787,0.0,14.5213,0.6383,0.0,0.4787,76.9149,0.7979,0.0,1.5957,5.1064,0.6383,0.4787,0.0,0.1596,0.0,0.1596,0.0,0.0,0.0,DR/MC/DM,Full-Back
0,0,0.0,0.1,0,0,0,0,198,216,3,6,13,0,0,18,1,0,0,245,4,0,4,11,7,0,0,4,0,1,0,0,1,258,5,352668,Tosin Adarabioyo,tosin-adarabioyo,Chelsea,38,Champions League,Defender,2025/26,0.0,0.0,0.0,0.0349,0.0,0.0,0.0,0.0,69.0698,75.3488,1.0465,2.093,4.5349,0.0,0.0,6.2791,0.3488,0.0,0.0,85.4651,1.3953,0.0,1.3953,3.8372,2.4419,0.0,0.0,1.3953,0.0,0.3488,0.0,0.0,0.3488,DC,Centre-Back
0,0,0.01,0.25,1,0,0,0,371,396,2,8,21,0,0,32,3,0,0,452,1,0,7,19,20,1,0,11,0,1,0,0,0,567,8,826134,Trevoh Chalobah,trevoh-chalobah,Chelsea,38,Champions League,Defender,2025/26,0.0,0.0,0.0016,0.0397,0.1587,0.0,0.0,0.0,58.8889,62.8571,0.3175,1.2698,3.3333,0.0,0.0,5.0794,0.4762,0.0,0.0,71.746,0.1587,0.0,1.1111,3.0159,3.1746,0.1587,0.0,1.746,0.0,0.1587,0.0,0.0,0.0,DC/DR,Centre-Back
1,0,0.29,0.27,4,2,0,0,43,49,4,1,1,1,0,27,0,0,2,70,1,0,0,2,3,2,0,1,0,0,0,0,0,162,4,1403061,Tyrique George,tyrique-george,Chelsea,38,Champions League,Forward,2025/26,0.5556,0.0,0.1611,0.15,2.2222,1.1111,0.0,0.0,23.8889,27.2222,2.2222,0.5556,0.5556,0.5556,0.0,15.0,0.0,0.0,1.1111,38.8889,0.5556,0.0,0.0,1.1111,1.6667,1.1111,0.0,0.5556,0.0,0.0,0.0,0.0,0.0,LW,Winger
0,1,0.14,0.34,2,0,1,0,334,358,3,5,8,0,0,60,1,0,1,420,3,0,11,34,13,1,0,5,0,1,0,0,0,481,6,923894,Wesley Fofana,wesley-fofana,Chelsea,38,Champions League,Defender,2025/26,0.0,0.1871,0.0262,0.0636,0.3742,0.0,0.1871,0.0,62.4948,66.9854,0.5613,0.9356,1.4969,0.0,0.0,11.2266,0.1871,0.0,0.1871,78.5863,0.5613,0.0,2.0582,6.3617,2.4324,0.1871,0.0,0.9356,0.0,0.1871,0.0,0.0,0.0,DC/DR,Centre-Back
2,2,1.13,1.1,19,7,2,2,404,468,8,25,40,1,0,93,2,0,2,603,8,0,12,53,19,6,0,5,0,0,0,0,0,876,10,1153957,Aleksandar Stanković,aleksandar-stankovic,Club Brugge KV,2888,Champions League,Midfielder,2025/26,0.2055,0.2055,0.1161,0.113,1.9521,0.7192,0.2055,0.2055,41.5068,48.0822,0.8219,2.5685,4.1096,0.1027,0.0,9.5548,0.2055,0.0,0.2055,61.9521,0.8219,0.0,1.2329,5.4452,1.9521,0.6164,0.0,0.5137,0.0,0.0,0.0,0.0,0.0,MC/DM,Central Mid
0,0,0.13,0.08,2,0,0,0,60,72,1,0,5,0,0,17,2,0,2,117,3,0,1,10,9,1,0,2,0,0,0,0,0,207,7,1047509,Bjorn Meijer,bjorn-meijer,Club Brugge KV,2888,Champions League,Defender,2025/26,0.0,0.0,0.0565,0.0348,0.8696,0.0,0.0,0.0,26.087,31.3043,0.4348,0.0,2.1739,0.0,0.0,7.3913,0.8696,0.0,0.8696,50.8696,1.3043,0.0,0.4348,4.3478,3.913,0.4348,0.0,0.8696,0.0,0.0,0.0,0.0,0.0,DL,Full-Back
1,0,0.47,0.12,3,1,0,0,542,593,1,23,40,0,0,57,1,0,0,727,8,0,7,36,55,1,0,17,0,1,0,0,0,898,10,248331,Brandon Mechele,brandon-mechele,Club Brugge KV,2888,Champions League,Defender,2025/26,0.1002,0.0,0.0471,0.012,0.3007,0.1002,0.0,0.0,54.3207,59.4321,0.1002,2.3051,4.0089,0.0,0.0,5.7127,0.1002,0.0,0.0,72.8619,0.8018,0.0,0.7016,3.608,5.5122,0.1002,0.0,1.7038,0.0,0.1002,0.0,0.0,0.0,DC,Centre-Back
2,3,2.23,2.45,13,6,5,2,157,194,20,1,2,2,0,98,11,0,5,319,4,0,4,35,9,3,0,2,0,0,0,0,0,674,9,1069486,Carlos Forbs,carlos-borges,Club Brugge KV,2888,Champions League,Midfielder,2025/26,0.2671,0.4006,0.2978,0.3272,1.7359,0.8012,0.6677,0.2671,20.9644,25.905,2.6706,0.1335,0.2671,0.2671,0.0,13.0861,1.4688,0.0,0.6677,42.5964,0.5341,0.0,0.5341,4.6736,1.2018,0.4006,0.0,0.2671,0.0,0.0,0.0,0.0,0.0,RW,Winger
2,1,2.32,2.37,27,12,5,2,246,298,13,8,13,11,0,109,5,0,8,443,7,0,5,31,10,7,0,3,0,1,0,0,0,722,9,1031259,Christos Tzolis,christos-tzolis,Club Brugge KV,2888,Champions League,Midfielder,2025/26,0.2493,0.1247,0.2892,0.2954,3.3657,1.4958,0.6233,0.2493,30.6648,37.1468,1.6205,0.9972,1.6205,1.3712,0.0,13.5873,0.6233,0.0,0.9972,55.2216,0.8726,0.0,0.6233,3.8643,1.2465,0.8726,0.0,0.374,0.0,0.1247,0.0,0.0,0.0,LW,Winger
2,3,0.7,2.65,4,2,6,0,571,654,22,35,53,2,0,166,10,0,9,788,8,0,7,54,16,0,0,12,0,2,0,0,0,900,10,118085,Hans Vanaken,hans-vanaken,Club Brugge KV,2888,Champions League,Midfielder,2025/26,0.2,0.3,0.07,0.265,0.4,0.2,0.6,0.0,57.1,65.4,2.2,3.5,5.3,0.2,0.0,16.6,1.0,0.0,0.9,78.8,0.8,0.0,0.7,5.4,1.6,0.0,0.0,1.2,0.0,0.2,0.0,0.0,0.0,AM/MC/DM,Attacking Mid
0,0,0.04,0.18,1,0,0,0,83,99,4,10,15,1,0,28,1,0,1,148,6,0,2,8,3,0,0,0,0,0,0,0,0,219,6,983041,Hugo Siquet,hugo-siquet,Club Brugge KV,2888,Champions League,Defender,2025/26,0.0,0.0,0.0164,0.074,0.411,0.0,0.0,0.0,34.1096,40.6849,1.6438,4.1096,6.1644,0.411,0.0,11.5068,0.411,0.0,0.411,60.8219,2.4658,0.0,0.8219,3.2877,1.2329,0.0,0.0,0.0,0.0,0.0,0.0,0.0,0.0,DR/MR,Full-Back
0,0,0.67,0.46,5,3,0,1,81,93,1,0,0,0,0,26,2,0,1,127,0,0,1,7,2,1,0,1,0,0,0,0,0,197,7,877236,Hugo Vetlesen,hugo-vetlesen,Club Brugge KV,2888,Champions League,Midfielder,2025/26,0.0,0.0,0.3061,0.2102,2.2843,1.3706,0.0,0.4569,37.0051,42.4873,0.4569,0.0,0.0,0.0,0.0,11.8782,0.9137,0.0,0.4569,58.0203,0.0,0.0,0.4569,3.198,0.9137,0.4569,0.0,0.4569,0.0,0.0,0.0,0.0,0.0,MC/DM/AM,Central Mid
0,2,0.18,0.88,2,1,2,1,270,306,6,3,15,0,0,76,4,0,5,479,14,0,7,40,22,0,0,6,0,1,0,0,1,700,9,1395881,Joaquin Seys,joaquin-seys,Club Brugge KV,2888,Champions League,Defender,2025/26,0.0,0.2571,0.0231,0.1131,0.2571,0.1286,0.2571,0.1286,34.7143,39.3429,0.7714,0.3857,1.9286,0.0,0.0,9.7714,0.5143,0.0,0.6429,61.5857,1.8,0.0,0.9,5.1429,2.8286,0.0,0.0,0.7714,0.0,0.1286,0.0,0.0,0.1286,DL/DR,Full-Back
1,0,1.15,0.08,4,1,0,0,511,554,2,12,34,0,0,40,0,0,1,675,11,0,7,31,58,1,0,12,0,1,0,0,0,872,10,1187275,Joel Ordóñez,joel-ordonez,Club Brugge KV,2888,Champions League,Defender,2025/26,0.1032,0.0,0.1187,0.0083,0.4128,0.1032,0.0,0.0,52.7408,57.1789,0.2064,1.2385,3.5092,0.0,0.0,4.1284,0.0,0.0,0.1032,69.6674,1.1353,0.0,0.7225,3.1995,5.9862,0.1032,0.0,1.2385,0.0,0.1032,0.0,0.0,0.0,DC,Centre-Back
0,0,0.24,0.45,5,2,0,0,343,400,10,18,38,4,0,90,4,0,1,568,6,0,4,31,20,2,0,2,0,0,0,0,0,671,9,1101258,Kyriani Sabbe,kyriani-sabbe,Club Brugge KV,2888,Champions League,Defender,2025/26,0.0,0.0,0.0322,0.0604,0.6706,0.2683,0.0,0.0,46.006,53.6513,1.3413,2.4143,5.0969,0.5365,0.0,12.0715,0.5365,0.0,0.1341,76.1848,0.8048,0.0,0.5365,4.158,2.6826,0.2683,0.0,0.2683,0.0,0.0,0.0,0.0,0.0,DR,Full-Back
2,1,0.76,0.84,9,3,1,1,84,100,6,0,1,2,0,41,10,0,9,183,0,0,1,13,2,2,0,0,0,1,0,0,0,345,9,1495876,Mamadou Diakhon,mamadou-diakhon,Club Brugge KV,2888,Champions League,Forward,2025/26,0.5217,0.2609,0.1983,0.2191,2.3478,0.7826,0.2609,0.2609,21.913,26.087,1.5652,0.0,0.2609,0.5217,0.0,10.6957,2.6087,0.0,2.3478,47.7391,0.0,0.0,0.2609,3.3913,0.5217,0.5217,0.0,0.0,0.0,0.2609,0.0,0.0,0.0,LW,Winger
3,1,3.84,0.22,18,8,0,4,91,120,2,4,6,0,0,25,7,0,11,208,4,0,0,11,4,4,0,8,0,0,0,0,0,555,10,1177167,Nicolò Tresoldi,nicolo-tresoldi,Club Brugge KV,2888,Champions League,Forward,2025/26,0.4865,0.1622,0.6227,0.0357,2.9189,1.2973,0.0,0.6486,14.7568,19.4595,0.3243,0.6486,0.973,0.0,0.0,4.0541,1.1351,0.0,1.7838,33.7297,0.6486,0.0,0.0,1.7838,0.6486,0.6486,0.0,1.2973,0.0,0.0,0.0,0.0,0.0,ST,Striker
2,1,0.83,0.24,5,5,1,0,266,295,5,10,13,0,0,54,4,0,9,375,6,0,4,37,6,0,0,4,0,3,0,0,0,509,6,1129862,Raphael Onyedika,raphael-onyedika,Club Brugge KV,2888,Champions League,Midfielder,2025/26,0.3536,0.1768,0.1468,0.0424,0.8841,0.8841,0.1768,0.0,47.0334,52.1611,0.8841,1.7682,2.2986,0.0,0.0,9.5481,0.7073,0.0,1.5914,66.3065,1.0609,0.0,0.7073,6.5422,1.0609,0.0,0.0,0.7073,0.0,0.5305,0.0,0.0,0.0,MC/DM,Central Mid
2,0,1.7,0.17,10,3,1,2,62,85,2,1,1,0,0,22,1,0,5,142,2,0,0,6,4,1,0,10,0,1,0,0,0,327,8,1069336,Romeo Vermant,romeo-vermant,Club Brugge KV,2888,Champions League,Forward,2025/26,0.5505,0.0,0.4679,0.0468,2.7523,0.8257,0.2752,0.5505,17.0642,23.3945,0.5505,0.2752,0.2752,0.0,0.0,6.055,0.2752,0.0,1.3761,39.0826,0.5505,0.0,0.0,1.6514,1.1009,0.2752,0.0,2.7523,0.0,0.2752,0.0,0.0,0.0,ST,Striker
2,1,0.9,0.47,7,4,1,0,92,138,7,2,6,1,0,33,3,0,7,208,3,0,4,22,1,2,0,5,0,1,0,1,0,596,8,997012,Ansgar Knauff,ansgar-knauff,Eintracht Frankfurt,2674,Champions League,Forward,2025/26,0.302,0.151,0.1359,0.071,1.057,0.604,0.151,0.0,13.8926,20.8389,1.057,0.302,0.906,0.151,0.0,4.9832,0.453,0.0,1.057,31.4094,0.453,0.0,0.604,3.3221,0.151,0.302,0.0,0.755,0.0,0.151,0.0,0.151,0.0,AM/MR,Attacking Mid
0,0,0.31,0.09,3,1,0,1,382,451,1,14,51,0,0,53,1,0,0,561,10,0,8,37,42,1,0,7,0,0,0,0,0,720,8,965778,Arthur Theate,arthur-theate,Eintracht Frankfurt,2674,Champions League,Defender,2025/26,0.0,0.0,0.0388,0.0112,0.375,0.125,0.0,0.125,47.75,56.375,0.125,1.75,6.375,0.0,0.0,6.625,0.125,0.0,0.0,70.125,1.25,0.0,1.0,4.625,5.25,0.125,0.0,0.875,0.0,0.0,0.0,0.0,0.0,DC/DL,Centre-Back
0,0,0.0,0.04,0,0,0,0,121,138,1,6,13,0,0,14,0,0,0,175,2,0,8,9,13,0,0,4,0,1,0,0,1,223,5,999276,Aurèle Amenda,aurele-amenda,Eintracht Frankfurt,2674,Champions League,Defender,2025/26,0.0,0.0,0.0,0.0161,0.0,0.0,0.0,0.0,48.8341,55.6951,0.4036,2.4215,5.2466,0.0,0.0,5.6502,0.0,0.0,0.0,70.6278,0.8072,0.0,3.2287,3.6323,5.2466,0.0,0.0,1.6143,0.0,0.4036,0.0,0.0,0.4036,DC,Centre-Back
2,0,0.36,0.09,6,4,0,0,99,114,0,3,4,0,0,31,3,0,2,165,4,0,0,12,0,1,0,1,0,0,0,0,0,240,5,1440948,Can Uzun,can-uzun,Eintracht Frankfurt,2674,Champions League,Midfielder,2025/26,0.75,0.0,0.135,0.0338,2.25,1.5,0.0,0.0,37.125,42.75,0.0,1.125,1.5,0.0,0.0,11.625,1.125,0.0,0.75,61.875,1.5,0.0,0.0,4.5,0.0,0.375,0.0,0.375,0.0,0.0,0.0,0.0,0.0,AM,Attacking Mid
0,0,0.1,0.79,2,1,1,0,167,196,3,7,16,0,0,35,2,0,2,254,7,0,4,19,9,0,0,3,0,0,0,0,0,365,8,591706,Ellyes Skhiri,ellyes-skhiri,Eintracht Frankfurt,2674,Champions League,Midfielder,2025/26,0.0,0.0,0.0247,0.1948,0.4932,0.2466,0.2466,0.0,41.1781,48.3288,0.7397,1.726,3.9452,0.0,0.0,8.6301,0.4932,0.0,0.4932,62.6301,1.726,0.0,0.9863,4.6849,2.2192,0.0,0.0,0.7397,0.0,0.0,0.0,0.0,0.0,MC/DM,Central Mid
1,0,1.33,0.29,11,4,0,0,144,187,4,5,13,3,0,46,2,0,6,291,5,0,3,24,8,5,0,4,0,0,0,0,0,498,8,1192318,Farès Chaïbi,fares-chaibi,Eintracht Frankfurt,2674,Champions League,Midfielder,2025/26,0.1807,0.0,0.2404,0.0524,1.988,0.7229,0.0,0.0,26.0241,33.7952,0.7229,0.9036,2.3494,0.5422,0.0,8.3133,0.3614,0.0,1.0843,52.5904,0.9036,0.0,0.5422,4.3373,1.4458,0.9036,0.0,0.7229,0.0,0.0,0.0,0.0,0.0,MC/AM,Central Mid
0,0,0.25,0.19,1,0,0,0,206,233,1,6,16,0,0,42,0,0,0,277,4,0,7,16,12,0,1,0,0,0,0,0,0,517,7,1142211,Hugo Larsson,hugo-larsson,Eintracht Frankfurt,2674,Champions League,Midfielder,2025/26,0.0,0.0,0.0435,0.0331,0.1741,0.0,0.0,0.0,35.8607,40.5609,0.1741,1.0445,2.7853,0.0,0.0,7.3114,0.0,0.0,0.0,48.2205,0.6963,0.0,1.2186,2.7853,2.089,0.0,0.1741,0.0,0.0,0.0,0.0,0.0,0.0,MC/DM,Central Mid
0,0,0.27,0.1,3,2,0,0,58,70,0,0,1,0,0,11,3,0,1,109,2,0,1,12,2,1,0,1,0,0,0,0,0,227,8,1146148,Jean-Mattéo Bahoya,jean-matteo-bahoya,Eintracht Frankfurt,2674,Champions League,Forward,2025/26,0.0,0.0,0.107,0.0396,1.1894,0.793,0.0,0.0,22.9956,27.7533,0.0,0.0,0.3965,0.0,0.0,4.3612,1.1894,0.0,0.3965,43.2159,0.793,0.0,0.3965,4.7577,0.793,0.3965,0.0,0.3965,0.0,0.0,0.0,0.0,0.0,LW,Winger
2,1,0.87,0.24,7,3,0,0,46,57,5,1,1,2,0,12,2,0,4,114,0,0,3,4,1,4,0,2,0,1,0,0,0,342,5,939830,Jonathan Burkardt,jonathan-burkardt,Eintracht Frankfurt,2674,Champions League,Forward,2025/26,0.5263,0.2632,0.2289,0.0632,1.8421,0.7895,0.0,0.0,12.1053,15.0,1.3158,0.2632,0.2632,0.5263,0.0,3.1579,0.5263,0.0,1.0526,30.0,0.0,0.0,0.7895,1.0526,0.2632,1.0526,0.0,0.5263,0.0,0.2632,0.0,0.0,0.0,ST,Striker
0,1,0.25,0.1,2,0,0,0,173,203,2,2,9,0,0,39,2,0,12,272,6,0,4,29,4,1,0,1,0,0,0,0,0,419,7,66518,Mario Götze,mario-gotze,Eintracht Frankfurt,2674,Champions League,Midfielder,2025/26,0.0,0.2148,0.0537,0.0215,0.4296,0.0,0.0,0.0,37.1599,43.6038,0.4296,0.4296,1.9332,0.0,0.0,8.3771,0.4296,0.0,2.5776,58.4248,1.2888,0.0,0.8592,6.2291,0.8592,0.2148,0.0,0.2148,0.0,0.0,0.0,0.0,0.0,AM/MC,Attacking Mid
0,2,0.07,0.45,2,0,0,0,183,226,7,3,26,3,0,51,6,0,3,381,13,0,6,36,3,1,0,1,0,1,0,0,0,682,8,1159759,Nathaniel Brown,nathaniel-brown,Eintracht Frankfurt,2674,Champions League,Defender,2025/26,0.0,0.2639,0.0092,0.0594,0.2639,0.0,0.0,0.0,24.1496,29.824,0.9238,0.3959,3.4311,0.3959,0.0,6.7302,0.7918,0.0,0.3959,50.2786,1.7155,0.0,0.7918,4.7507,0.3959,0.132,0.0,0.132,0.0,0.132,0.0,0.0,0.0,DL/ML,Full-Back
0,0,0.0,0.12,0,0,0,0,188,230,1,7,16,1,0,34,2,0,1,315,4,0,7,12,19,0,0,4,0,0,0,0,0,444,6,1048569,Nnamdi Collins,nnamdi-collins,Eintracht Frankfurt,2674,Champions League,Defender,2025/26,0.0,0.0,0.0,0.0243,0.0,0.0,0.0,0.0,38.1081,46.6216,0.2027,1.4189,3.2432,0.2027,0.0,6.8919,0.4054,0.0,0.2027,63.8514,0.8108,0.0,1.4189,2.4324,3.8514,0.0,0.0,0.8108,0.0,0.0,0.0,0.0,0.0,DC/DR,Centre-Back
1,0,0.11,0.12,3,2,0,0,106,141,4,3,12,0,0,26,2,0,2,217,8,0,6,12,12,1,0,4,0,1,0,0,0,329,4,921789,Rasmus Kristensen,rasmus-kristensen,Eintracht Frankfurt,2674,Champions League,Defender,2025/26,0.2736,0.0,0.0301,0.0328,0.8207,0.5471,0.0,0.0,28.997,38.5714,1.0942,0.8207,3.2827,0.0,0.0,7.1125,0.5471,0.0,0.5471,59.3617,2.1884,0.0,1.6413,3.2827,3.2827,0.2736,0.0,1.0942,0.0,0.2736,0.0,0.0,0.0,DR/DC,Full-Back
0,0,0.73,0.69,4,1,2,1,102,134,4,0,2,2,0,44,9,0,6,237,6,0,2,17,9,1,0,1,0,1,0,0,0,478,7,790965,Ritsu Doan,ritsu-doan,Eintracht Frankfurt,2674,Champions League,Midfielder,2025/26,0.0,0.0,0.1374,0.1299,0.7531,0.1883,0.3766,0.1883,19.205,25.2301,0.7531,0.0,0.3766,0.3766,0.0,8.2845,1.6946,0.0,1.1297,44.6234,1.1297,0.0,0.3766,3.2008,1.6946,0.1883,0.0,0.1883,0.0,0.1883,0.0,0.0,0.0,RW/MR,Winger
0,0,0.18,0.04,2,0,0,1,313,347,0,8,22,0,0,13,0,0,1,431,3,0,7,24,46,0,0,16,0,0,0,0,0,710,8,581302,Robin Koch,robin-koch,Eintracht Frankfurt,2674,Champions League,Defender,2025/26,0.0,0.0,0.0228,0.0051,0.2535,0.0,0.0,0.1268,39.6761,43.9859,0.0,1.0141,2.7887,0.0,0.0,1.6479,0.0,0.0,0.1268,54.6338,0.3803,0.0,0.8873,3.0423,5.831,0.0,0.0,2.0282,0.0,0.0,0.0,0.0,0.0,DC,Centre-Back
0,1,0.06,0.73,1,1,0,0,281,306,8,5,7,1,0,74,13,0,5,421,4,0,0,18,7,0,0,2,0,1,0,0,0,528,8,997035,Alejandro Balde,alejandro-balde,FC Barcelona,2817,Champions League,Defender,2025/26,0.0,0.1705,0.0102,0.1244,0.1705,0.1705,0.0,0.0,47.8977,52.1591,1.3636,0.8523,1.1932,0.1705,0.0,12.6136,2.2159,0.0,0.8523,71.7614,0.6818,0.0,0.0,3.0682,1.1932,0.0,0.0,0.3409,0.0,0.1705,0.0,0.0,0.0,DL,Full-Back
1,1,0.92,1.13,13,4,1,2,228,263,9,8,13,2,0,68,8,0,8,352,5,0,4,26,5,5,0,4,0,1,0,1,0,445,10,789071,Dani Olmo,dani-olmo,FC Barcelona,2817,Champions League,Midfielder,2025/26,0.2022,0.2022,0.1861,0.2285,2.6292,0.809,0.2022,0.4045,46.1124,53.191,1.8202,1.618,2.6292,0.4045,0.0,13.7528,1.618,0.0,1.618,71.191,1.0112,0.0,0.809,5.2584,1.0112,1.0112,0.0,0.809,0.0,0.2022,0.0,0.2022,0.0,AM/MC,Attacking Mid
0,0,0.31,0.45,6,2,0,0,647,703,5,28,44,1,0,116,2,0,2,814,8,0,11,34,21,0,0,20,0,0,1,0,1,780,11,876214,Eric García,eric-garcia,FC Barcelona,2817,Champions League,Defender,2025/26,0.0,0.0,0.0358,0.0519,0.6923,0.2308,0.0,0.0,74.6538,81.1154,0.5769,3.2308,5.0769,0.1154,0.0,13.3846,0.2308,0.0,0.2308,93.9231,0.9231,0.0,1.2692,3.9231,2.4231,0.0,0.0,2.3077,0.0,0.0,0.1154,0.0,0.1154,DC/DR/MC,Centre-Back
6,4,2.95,1.11,23,12,3,2,308,357,10,15,20,1,0,111,11,0,9,505,9,0,4,28,3,2,0,3,0,2,0,0,0,801,11,1153270,Fermín López,fermin-lopez,FC Barcelona,2817,Champions League,Midfielder,2025/26,0.6742,0.4494,0.3315,0.1247,2.5843,1.3483,0.3371,0.2247,34.6067,40.1124,1.1236,1.6854,2.2472,0.1124,0.0,12.4719,1.236,0.0,1.0112,56.7416,1.0112,0.0,0.4494,3.1461,0.3371,0.2247,0.0,0.3371,0.0,0.2247,0.0,0.0,0.0,AM/MC,Attacking Mid
3,1,3.37,0.46,16,7,2,5,62,87,6,0,3,0,0,18,1,0,6,158,2,0,1,5,1,5,0,5,0,0,0,0,0,364,10,855833,Ferran Torres,ferran-torres,FC Barcelona,2817,Champions League,Forward,2025/26,0.7418,0.2473,0.8332,0.1137,3.956,1.7308,0.4945,1.2363,15.3297,21.511,1.4835,0.0,0.7418,0.0,0.0,4.4505,0.2473,0.0,1.4835,39.0659,0.4945,0.0,0.2473,1.2363,0.2473,1.2363,0.0,1.2363,0.0,0.0,0.0,0.0,0.0,ST/LW/RW,Striker
0,1,0.19,0.59,1,0,1,1,413,441,10,15,20,0,0,120,3,0,1,500,5,0,8,34,5,1,0,4,0,3,0,0,0,514,8,795222,Frenkie de Jong,frenkie-de-jong,FC Barcelona,2817,Champions League,Midfielder,2025/26,0.0,0.1751,0.0333,0.1033,0.1751,0.0,0.1751,0.1751,72.3152,77.2179,1.751,2.6265,3.5019,0.0,0.0,21.0117,0.5253,0.0,0.1751,87.5486,0.8755,0.0,1.4008,5.9533,0.8755,0.1751,0.0,0.7004,0.0,0.5253,0.0,0.0,0.0,MC/DM,Central Mid
0,1,0.07,0.46,3,1,1,0,596,656,3,18,36,0,0,88,5,0,3,815,6,0,14,23,47,1,0,20,0,2,0,0,0,791,12,1094827,Gerard Martín,gerard-martin,FC Barcelona,2817,Champions League,Defender,2025/26,0.0,0.1138,0.008,0.0523,0.3413,0.1138,0.1138,0.0,67.8129,74.6397,0.3413,2.048,4.0961,0.0,0.0,10.0126,0.5689,0.0,0.3413,92.7307,0.6827,0.0,1.5929,2.6169,5.3477,0.1138,0.0,2.2756,0.0,0.2276,0.0,0.0,0.0,DL/DC,Full-Back
0,0,0.13,0.39,3,1,0,0,153,181,1,7,12,3,0,36,10,0,2,275,4,0,4,16,10,2,0,5,0,2,0,0,0,331,4,138892,João Cancelo,joao-cancelo,FC Barcelona,2817,Champions League,Defender,2025/26,0.0,0.0,0.0353,0.106,0.8157,0.2719,0.0,0.0,41.6012,49.2145,0.2719,1.9033,3.2628,0.8157,0.0,9.7885,2.719,0.0,0.5438,74.7734,1.0876,0.0,1.0876,4.3505,2.719,0.5438,0.0,1.3595,0.0,0.5438,0.0,0.0,0.0,DR/DL,Full-Back
2,1,0.85,0.71,5,2,1,1,585,635,10,14,21,1,0,146,8,0,9,849,15,0,12,36,28,0,1,13,0,1,0,0,0,868,10,827212,Jules Koundé,jules-kounde,FC Barcelona,2817,Champions League,Defender,2025/26,0.2074,0.1037,0.0881,0.0736,0.5184,0.2074,0.1037,0.1037,60.6567,65.841,1.0369,1.4516,2.1774,0.1037,0.0,15.1382,0.8295,0.0,0.9332,88.03,1.5553,0.0,1.2442,3.7327,2.9032,0.0,0.1037,1.3479,0.0,0.1037,0.0,0.0,0.0,DR,Full-Back
6,4,5.34,4.31,35,15,12,3,372,459,24,12,25,8,0,171,46,0,14,760,8,0,7,53,2,11,1,0,0,4,0,0,0,874,10,1402912,Lamine Yamal,lamine-yamal,FC Barcelona,2817,Champions League,Midfielder,2025/26,0.6178,0.4119,0.5499,0.4438,3.6041,1.5446,1.2357,0.3089,38.3066,47.2654,2.4714,1.2357,2.5744,0.8238,0.0,17.6087,4.7368,0.0,1.4416,78.2609,0.8238,0.0,0.7208,5.4577,0.2059,1.1327,0.103,0.0,0.0,0.4119,0.0,0.0,0.0,RW,Winger
1,0,0.31,0.14,2,2,0,0,114,131,0,2,6,0,0,20,0,0,2,163,1,0,2,14,4,0,0,2,0,0,0,0,0,241,6,1526618,Marc Bernal,marc-bernal,FC Barcelona,2817,Champions League,Midfielder,2025/26,0.3734,0.0,0.1158,0.0523,0.7469,0.7469,0.0,0.0,42.5726,48.9212,0.0,0.7469,2.2407,0.0,0.0,7.4689,0.0,0.0,0.7469,60.8714,0.3734,0.0,0.7469,5.2282,1.4938,0.0,0.0,0.7469,0.0,0.0,0.0,0.0,0.0,MC/DM,Central Mid
0,0,0.0,0.14,0,0,0,0,149,163,1,4,7,0,0,38,0,0,2,195,5,0,2,8,3,0,0,2,0,2,0,0,0,195,6,1000483,Marc Casadó,marc-casado,FC Barcelona,2817,Champions League,Midfielder,2025/26,0.0,0.0,0.0,0.0646,0.0,0.0,0.0,0.0,68.7692,75.2308,0.4615,1.8462,3.2308,0.0,0.0,17.5385,0.0,0.0,0.9231,90.0,2.3077,0.0,0.9231,3.6923,1.3846,0.0,0.0,0.9231,0.0,0.9231,0.0,0.0,0.0,MC/DM,Central Mid
5,3,1.83,2.18,30,11,4,1,188,239,14,8,14,6,0,94,11,0,10,379,2,0,1,18,4,8,0,3,0,0,0,1,0,579,11,814590,Marcus Rashford,marcus-rashford,FC Barcelona,2817,Champions League,Forward,2025/26,0.7772,0.4663,0.2845,0.3389,4.6632,1.7098,0.6218,0.1554,29.2228,37.1503,2.1762,1.2435,2.1762,0.9326,0.0,14.6114,1.7098,0.0,1.5544,58.9119,0.3109,0.0,0.1554,2.7979,0.6218,1.2435,0.0,0.4663,0.0,0.0,0.0,0.1554,0.0,LW,Winger
0,0,0.05,0.17,2,1,0,0,620,667,1,16,43,0,0,49,0,0,0,758,7,0,12,28,42,0,0,20,0,1,1,0,0,744,10,1402913,Pau Cubarsí,pau-cubarsi,FC Barcelona,2817,Champions League,Defender,2025/26,0.0,0.0,0.006,0.0206,0.2419,0.121,0.0,0.0,75.0,80.6855,0.121,1.9355,5.2016,0.0,0.0,5.9274,0.0,0.0,0.0,91.6935,0.8468,0.0,1.4516,3.3871,5.0806,0.0,0.0,2.4194,0.0,0.121,0.121,0.0,0.0,DC,Centre-Back
0,2,0.17,0.92,3,2,1,0,528,590,12,24,38,1,0,150,7,0,7,727,9,0,7,31,6,1,0,2,0,0,0,0,0,695,9,992587,Pedri,pedri,FC Barcelona,2817,Champions League,Midfielder,2025/26,0.0,0.259,0.022,0.1191,0.3885,0.259,0.1295,0.0,68.3741,76.4029,1.554,3.1079,4.9209,0.1295,0.0,19.4245,0.9065,0.0,0.9065,94.1439,1.1655,0.0,0.9065,4.0144,0.777,0.1295,0.0,0.259,0.0,0.0,0.0,0.0,0.0,MC/DM,Central Mid
3,2,2.36,1.78,20,10,6,1,150,193,21,5,12,9,0,70,7,0,4,298,7,0,3,17,3,4,0,1,0,0,0,1,0,544,7,831005,Raphinha,raphinha,FC Barcelona,2817,Champions League,Midfielder,2025/26,0.4963,0.3309,0.3904,0.2945,3.3088,1.6544,0.9926,0.1654,24.8162,31.9301,3.4743,0.8272,1.9853,1.489,0.0,11.5809,1.1581,0.0,0.6618,49.3015,1.1581,0.0,0.4963,2.8125,0.4963,0.6618,0.0,0.1654,0.0,0.0,0.0,0.1654,0.0,LW,Winger
4,0,3.64,0.54,25,13,1,6,70,102,9,3,7,0,0,28,1,0,9,208,0,0,0,14,5,7,0,18,0,0,0,1,0,623,11,41789,Robert Lewandowski,robert-lewandowski,FC Barcelona,2817,Champions League,Forward,2025/26,0.5778,0.0,0.5258,0.078,3.6116,1.878,0.1445,0.8668,10.1124,14.7352,1.3002,0.4334,1.0112,0.0,0.0,4.0449,0.1445,0.0,1.3002,30.0482,0.0,0.0,0.0,2.0225,0.7223,1.0112,0.0,2.6003,0.0,0.0,0.0,0.1445,0.0,ST,Striker
0,0,0.51,0.07,6,0,0,1,273,310,1,8,20,0,0,17,2,0,2,396,7,0,3,13,30,1,0,25,0,0,1,0,0,451,10,925097,Ronald Araújo,ronald-araujo,FC Barcelona,2817,Champions League,Defender,2025/26,0.0,0.0,0.1018,0.014,1.1973,0.0,0.0,0.1996,54.4789,61.8625,0.1996,1.5965,3.9911,0.0,0.0,3.3925,0.3991,0.0,0.3991,79.0244,1.3969,0.0,0.5987,2.5942,5.9867,0.1996,0.0,4.9889,0.0,0.0,0.1996,0.0,0.0,DC,Centre-Back
1,1,1.66,1.46,13,6,1,0,1108,1161,17,48,61,0,0,322,1,0,7,1310,8,0,9,79,23,3,0,6,0,0,0,0,0,1174,14,1142251,Aleksandar Pavlović,aleksandar-pavlovic,FC Bayern München,2672,Champions League,Midfielder,2025/26,0.0767,0.0767,0.1273,0.1119,0.9966,0.46,0.0767,0.0,84.9404,89.0034,1.3032,3.6797,4.6763,0.0,0.0,24.6848,0.0767,0.0,0.5366,100.4259,0.6133,0.0,0.6899,6.0562,1.7632,0.23,0.0,0.46,0.0,0.0,0.0,0.0,0.0,MC/DM,Central Mid
0,2,0.02,0.42,1,0,1,0,147,152,6,4,5,0,0,46,4,0,1,202,3,0,2,17,7,1,0,1,0,0,0,0,1,213,8,843665,Alphonso Davies,alphonso-davies,FC Bayern München,2672,Champions League,Defender,2025/26,0.0,0.8451,0.0085,0.1775,0.4225,0.0,0.4225,0.0,62.1127,64.2254,2.5352,1.6901,2.1127,0.0,0.0,19.4366,1.6901,0.0,0.4225,85.3521,1.2676,0.0,0.8451,7.1831,2.9577,0.4225,0.0,0.4225,0.0,0.0,0.0,0.0,0.4225,DL,Full-Back
1,2,1.47,0.62,9,4,1,3,633,705,5,34,60,0,0,106,0,0,5,832,15,0,21,55,29,0,1,17,0,2,0,0,0,1013,12,798583,Dayot Upamecano,dayot-upamecano,FC Bayern München,2672,Champions League,Defender,2025/26,0.0888,0.1777,0.1306,0.0551,0.7996,0.3554,0.0888,0.2665,56.2389,62.6357,0.4442,3.0207,5.3307,0.0,0.0,9.4176,0.0,0.0,0.4442,73.9191,1.3327,0.0,1.8657,4.8865,2.5765,0.0,0.0888,1.5104,0.0,0.1777,0.0,0.0,0.0,DC,Centre-Back
14,2,9.32,2.48,46,25,7,5,266,339,16,30,47,0,0,123,20,0,8,513,4,0,5,27,7,10,1,20,0,0,0,2,0,1039,13,108579,Harry Kane,harry-kane,FC Bayern München,2672,Champions League,Forward,2025/26,1.2127,0.1732,0.8073,0.2148,3.9846,2.1655,0.6064,0.4331,23.0414,29.3648,1.3859,2.5987,4.0712,0.0,0.0,10.6545,1.7324,0.0,0.693,44.437,0.3465,0.0,0.4331,2.3388,0.6064,0.8662,0.0866,1.7324,0.0,0.0,0.0,0.1732,0.0,ST,Striker
2,1,1.84,0.27,9,4,0,2,101,111,2,5,5,0,0,46,8,0,6,189,3,0,2,9,1,2,0,1,0,1,0,0,0,315,6,1010231,Jamal Musiala,jamal-musiala,FC Bayern München,2672,Champions League,Midfielder,2025/26,0.5714,0.2857,0.5257,0.0771,2.5714,1.1429,0.0,0.5714,28.8571,31.7143,0.5714,1.4286,1.4286,0.0,0.0,13.1429,2.2857,0.0,1.7143,54.0,0.8571,0.0,0.5714,2.5714,0.2857,0.5714,0.0,0.2857,0.0,0.2857,0.0,0.0,0.0,AM,Attacking Mid
1,1,0.23,0.22,3,1,0,1,774,808,3,13,24,0,0,95,1,0,0,917,7,0,8,40,44,1,0,19,0,3,0,0,0,1120,14,227672,Jonathan Tah,jonathan-tah,FC Bayern München,2672,Champions League,Defender,2025/26,0.0804,0.0804,0.0185,0.0177,0.2411,0.0804,0.0,0.0804,62.1964,64.9286,0.2411,1.0446,1.9286,0.0,0.0,7.6339,0.0804,0.0,0.0,73.6875,0.5625,0.0,0.6429,3.2143,3.5357,0.0804,0.0,1.5268,0.0,0.2411,0.0,0.0,0.0,DC,Centre-Back
0,2,1.53,3.19,11,4,5,4,1007,1117,30,78,113,12,0,336,3,0,3,1284,12,0,9,62,8,3,0,8,0,4,0,0,0,1160,13,259117,Joshua Kimmich,joshua-kimmich,FC Bayern München,2672,Champions League,Midfielder,2025/26,0.0,0.1552,0.1187,0.2475,0.8534,0.3103,0.3879,0.3103,78.1293,86.6638,2.3276,6.0517,8.7672,0.931,0.0,26.069,0.2328,0.0,0.2328,99.6207,0.931,0.0,0.6983,4.8103,0.6207,0.2328,0.0,0.6207,0.0,0.3103,0.0,0.0,0.0,MC/DM,Central Mid
1,1,1.32,1.27,7,4,2,1,344,395,17,13,24,2,0,122,5,0,4,559,17,0,8,46,12,1,0,7,0,2,0,0,0,769,10,927407,Josip Stanišić,josip-stanisic,FC Bayern München,2672,Champions League,Defender,2025/26,0.117,0.117,0.1545,0.1486,0.8192,0.4681,0.2341,0.117,40.2601,46.2289,1.9896,1.5215,2.8088,0.2341,0.0,14.2783,0.5852,0.0,0.4681,65.4226,1.9896,0.0,0.9363,5.3836,1.4044,0.117,0.0,0.8192,0.0,0.2341,0.0,0.0,0.0,DR/DL/DC,Full-Back
0,0,0.43,0.11,3,0,0,1,270,295,1,8,13,0,0,34,0,0,2,339,1,0,8,15,14,1,1,11,0,1,1,0,0,336,8,896569,Kim Min-jae,kim-min-jae,FC Bayern München,2672,Champions League,Defender,2025/26,0.0,0.0,0.1152,0.0295,0.8036,0.0,0.0,0.2679,72.3214,79.0179,0.2679,2.1429,3.4821,0.0,0.0,9.1071,0.0,0.0,0.5357,90.8036,0.2679,0.0,2.1429,4.0179,3.75,0.2679,0.2679,2.9464,0.0,0.2679,0.2679,0.0,0.0,DC,Centre-Back
0,3,0.97,1.2,5,0,2,3,398,446,8,11,17,1,0,144,11,0,6,645,14,0,9,45,14,2,0,3,0,4,0,0,0,854,11,355492,Konrad Laimer,konrad-laimer,FC Bayern München,2672,Champions League,Defender,2025/26,0.0,0.3162,0.1022,0.1265,0.5269,0.0,0.2108,0.3162,41.9438,47.0023,0.8431,1.1593,1.7916,0.1054,0.0,15.1756,1.1593,0.0,0.6323,67.9742,1.4754,0.0,0.9485,4.7424,1.4754,0.2108,0.0,0.3162,0.0,0.4215,0.0,0.0,0.0,DR/DL,Full-Back
4,2,2.51,1.25,22,9,3,3,255,283,9,4,7,0,0,114,9,0,6,379,7,0,1,16,4,2,0,0,0,0,0,0,0,475,8,1861975,Lennart Karl,lennart-karl,FC Bayern München,2672,Champions League,Midfielder,2025/26,0.7579,0.3789,0.4756,0.2368,4.1684,1.7053,0.5684,0.5684,48.3158,53.6211,1.7053,0.7579,1.3263,0.0,0.0,21.6,1.7053,0.0,1.1368,71.8105,1.3263,0.0,0.1895,3.0316,0.7579,0.3789,0.0,0.0,0.0,0.0,0.0,0.0,0.0,RW,Winger
0,0,0.2,0.26,3,0,0,0,159,170,2,2,5,0,0,37,0,0,0,193,2,0,3,11,4,1,0,3,0,0,0,0,0,191,10,184661,Leon Goretzka,leon-goretzka,FC Bayern München,2672,Champions League,Midfielder,2025/26,0.0,0.0,0.0942,0.1225,1.4136,0.0,0.0,0.0,74.9215,80.1047,0.9424,0.9424,2.356,0.0,0.0,17.4346,0.0,0.0,0.0,90.9424,0.9424,0.0,1.4136,5.1832,1.8848,0.4712,0.0,1.4136,0.0,0.0,0.0,0.0,0.0,MC/DM,Central Mid
7,3,4.9,4.21,32,15,9,4,471,530,25,27,37,2,0,206,30,0,20,732,8,0,7,36,0,11,0,7,0,2,1,1,0,987,12,883537,Luis Díaz,luis-diaz,FC Bayern München,2672,Champions League,Midfielder,2025/26,0.6383,0.2736,0.4468,0.3839,2.9179,1.3678,0.8207,0.3647,42.9483,48.3283,2.2796,2.462,3.3739,0.1824,0.0,18.7842,2.7356,0.0,1.8237,66.7477,0.7295,0.0,0.6383,3.2827,0.0,1.003,0.0,0.6383,0.0,0.1824,0.0912,0.0912,0.0,LW,Winger
5,6,4.74,4.92,45,19,8,6,544,638,34,10,19,11,0,285,45,0,11,961,6,0,8,46,3,15,0,5,0,3,0,0,0,1081,13,978838,Michael Olise,michael-olise,FC Bayern München,2672,Champions League,Midfielder,2025/26,0.4163,0.4995,0.3946,0.4096,3.7465,1.5819,0.666,0.4995,45.2914,53.1175,2.8307,0.8326,1.5819,0.9158,0.0,23.728,3.7465,0.0,0.9158,80.0093,0.4995,0.0,0.666,3.8298,0.2498,1.2488,0.0,0.4163,0.0,0.2498,0.0,0.0,0.0,RW,Winger
3,2,2.64,1.89,18,11,3,3,90,113,6,2,2,0,0,38,3,0,6,172,0,0,0,15,0,1,0,3,0,0,0,0,0,313,10,1085381,Nicolas Jackson,nicolas-jackson,FC Bayern München,2672,Champions League,Forward,2025/26,0.8626,0.5751,0.7591,0.5435,5.1757,3.1629,0.8626,0.8626,25.8786,32.492,1.7252,0.5751,0.5751,0.0,0.0,10.9265,0.8626,0.0,1.7252,49.4569,0.0,0.0,0.0,4.3131,0.0,0.2875,0.0,0.8626,0.0,0.0,0.0,0.0,0.0,ST,Striker
1,0,1.63,1.46,6,3,2,4,248,272,9,1,3,1,0,98,2,0,3,321,4,0,4,17,1,0,0,0,0,0,0,0,0,340,7,246999,Raphaël Guerreiro,raphael-guerreiro,FC Bayern München,2672,Champions League,Defender,2025/26,0.2647,0.0,0.4315,0.3865,1.5882,0.7941,0.5294,1.0588,65.6471,72.0,2.3824,0.2647,0.7941,0.2647,0.0,25.9412,0.5294,0.0,0.7941,84.9706,1.0588,0.0,1.0588,4.5,0.2647,0.0,0.0,0.0,0.0,0.0,0.0,0.0,0.0,DL,Full-Back
2,5,2.49,1.77,17,7,7,2,228,246,10,4,7,0,0,72,4,0,3,331,5,0,3,18,3,2,0,2,0,0,0,0,0,561,11,187433,Serge Gnabry,serge-gnabry,FC Bayern München,2672,Champions League,Midfielder,2025/26,0.3209,0.8021,0.3995,0.284,2.7273,1.123,1.123,0.3209,36.5775,39.4652,1.6043,0.6417,1.123,0.0,0.0,11.5508,0.6417,0.0,0.4813,53.1016,0.8021,0.0,0.4813,2.8877,0.4813,0.3209,0.0,0.3209,0.0,0.0,0.0,0.0,0.0,LW/AM,Winger
0,0,0.4,0.38,6,1,0,0,243,271,4,12,15,1,0,67,6,0,3,344,2,0,1,17,3,2,0,2,0,1,0,0,0,363,10,1129935,Tom Bischof,tom-bischof,FC Bayern München,2672,Champions League,Midfielder,2025/26,0.0,0.0,0.0992,0.0942,1.4876,0.2479,0.0,0.0,60.2479,67.1901,0.9917,2.9752,3.719,0.2479,0.0,16.6116,1.4876,0.0,0.7438,85.2893,0.4959,0.0,0.2479,4.2149,0.7438,0.4959,0.0,0.4959,0.0,0.2479,0.0,0.0,0.0,MC/DM,Central Mid
0,0,0.0,0.2,0,0,0,0,269,308,3,19,40,0,0,63,0,0,1,383,6,0,8,16,26,0,0,9,0,0,0,0,0,450,5,56544,Aleksandr Martynovich,aleksandr-martynovich,FC Kairat Almaty,5172,Champions League,Defender,2025/26,0.0,0.0,0.0,0.04,0.0,0.0,0.0,0.0,53.8,61.6,0.6,3.8,8.0,0.0,0.0,12.6,0.0,0.0,0.2,76.6,1.2,0.0,1.6,3.2,5.2,0.0,0.0,1.8,0.0,0.0,0.0,0.0,0.0,DC,Centre-Back
0,1,0.24,0.54,4,0,0,0,157,200,10,3,17,7,0,34,3,0,9,361,9,0,7,26,23,2,0,6,0,1,0,0,1,711,8,1101824,Aleksandr Mrynskiy,aleksandr-mrynskiy,FC Kairat Almaty,5172,Champions League,Defender,2025/26,0.0,0.1266,0.0304,0.0684,0.5063,0.0,0.0,0.0,19.8734,25.3165,1.2658,0.3797,2.1519,0.8861,0.0,4.3038,0.3797,0.0,1.1392,45.6962,1.1392,0.0,0.8861,3.2911,2.9114,0.2532,0.0,0.7595,0.0,0.1266,0.0,0.0,0.1266,DR/RW,Full-Back
0,1,0.0,0.06,0,0,1,0,153,209,1,12,57,0,0,10,0,0,1,270,5,0,9,16,23,0,0,7,0,0,0,0,0,360,4,1000277,Aleksandr Shirobokov,aleksandr-shirobokov,FC Kairat Almaty,5172,Champions League,Defender,2025/26,0.0,0.25,0.0,0.015,0.0,0.0,0.25,0.0,38.25,52.25,0.25,3.0,14.25,0.0,0.0,2.5,0.0,0.0,0.25,67.5,1.25,0.0,2.25,4.0,5.75,0.0,0.0,1.75,0.0,0.0,0.0,0.0,0.0,DC,Centre-Back
0,0,0.01,0.13,1,0,0,0,115,150,2,9,17,0,0,23,2,0,4,211,5,0,6,6,10,0,0,3,0,0,0,0,1,428,8,1184364,Damir Kasabulat,damir-kasabulat,FC Kairat Almaty,5172,Champions League,Midfielder,2025/26,0.0,0.0,0.0021,0.0273,0.2103,0.0,0.0,0.0,24.1822,31.5421,0.4206,1.8925,3.5748,0.0,0.0,4.8364,0.4206,0.0,0.8411,44.3692,1.0514,0.0,1.2617,1.2617,2.1028,0.0,0.0,0.6308,0.0,0.0,0.0,0.0,0.2103,DC/DR/MC,Centre-Back
0,0,0.06,0.13,2,0,0,0,134,165,2,4,13,0,0,27,3,0,2,206,3,0,7,14,4,0,0,5,0,0,0,0,0,361,5,801381,Dan Glazer,dan-glazer,FC Kairat Almaty,5172,Champions League,Midfielder,2025/26,0.0,0.0,0.015,0.0324,0.4986,0.0,0.0,0.0,33.4072,41.1357,0.4986,0.9972,3.241,0.0,0.0,6.7313,0.7479,0.0,0.4986,51.3573,0.7479,0.0,1.7452,3.4903,0.9972,0.0,0.0,1.2465,0.0,0.0,0.0,0.0,0.0,MC/DM,Central Mid
1,0,1.41,0.31,12,4,0,2,68,88,6,3,4,3,0,23,6,0,4,158,4,0,1,18,0,4,0,4,0,3,0,0,0,440,5,1584939,Dastan Satpaev,dastan-satpayev,FC Kairat Almaty,5172,Champions League,Forward,2025/26,0.2045,0.0,0.2884,0.0634,2.4545,0.8182,0.0,0.4091,13.9091,18.0,1.2273,0.6136,0.8182,0.6136,0.0,4.7045,1.2273,0.0,0.8182,32.3182,0.8182,0.0,0.2045,3.6818,0.0,0.8182,0.0,0.8182,0.0,0.6136,0.0,0.0,0.0,ST,Striker
1,0,0.38,0.04,8,4,0,0,63,89,2,2,2,0,0,18,3,0,7,149,0,0,0,7,9,2,0,15,0,0,0,0,0,411,7,1417710,Edmilson,edmilson,FC Kairat Almaty,5172,Champions League,Forward,2025/26,0.219,0.0,0.0832,0.0088,1.7518,0.8759,0.0,0.0,13.7956,19.4891,0.438,0.438,0.438,0.0,0.0,3.9416,0.6569,0.0,1.5328,32.6277,0.0,0.0,0.0,1.5328,1.9708,0.438,0.0,3.2847,0.0,0.0,0.0,0.0,0.0,ST,Striker
0,0,0.11,0.2,3,1,1,0,359,449,1,14,54,0,0,36,0,0,0,562,6,0,10,27,57,1,0,27,0,1,0,0,0,720,8,603944,Egor Sorokin,egor-sorokin,FC Kairat Almaty,5172,Champions League,Defender,2025/26,0.0,0.0,0.0138,0.025,0.375,0.125,0.125,0.0,44.875,56.125,0.125,1.75,6.75,0.0,0.0,4.5,0.0,0.0,0.0,70.25,0.75,0.0,1.25,3.375,7.125,0.125,0.0,3.375,0.0,0.125,0.0,0.0,0.0,DC,Centre-Back
0,0,0.03,0.25,1,0,0,0,166,230,4,8,36,1,0,33,3,0,1,351,10,0,9,22,17,0,0,4,0,1,0,0,0,516,8,890314,Erkin Tapalov,erkin-tapalov,FC Kairat Almaty,5172,Champions League,Defender,2025/26,0.0,0.0,0.0052,0.0436,0.1744,0.0,0.0,0.0,28.9535,40.1163,0.6977,1.3953,6.2791,0.1744,0.0,5.7558,0.5233,0.0,0.1744,61.2209,1.7442,0.0,1.5698,3.8372,2.9651,0.0,0.0,0.6977,0.0,0.1744,0.0,0.0,0.0,DR,Full-Back
1,0,1.47,0.24,11,2,1,0,117,144,4,5,9,0,0,30,4,0,8,257,8,0,3,22,5,1,0,1,0,3,0,1,0,590,8,913111,Jorginho,jorginho,FC Kairat Almaty,5172,Champions League,Midfielder,2025/26,0.1525,0.0,0.2242,0.0366,1.678,0.3051,0.1525,0.0,17.8475,21.9661,0.6102,0.7627,1.3729,0.0,0.0,4.5763,0.6102,0.0,1.2203,39.2034,1.2203,0.0,0.4576,3.3559,0.7627,0.1525,0.0,0.1525,0.0,0.4576,0.0,0.1525,0.0,AM,Attacking Mid
0,0,0.09,0.17,4,2,0,0,184,234,6,8,32,3,0,32,2,0,0,388,11,0,8,28,13,1,0,6,0,0,0,0,0,600,7,318947,Luís Mata,luis-mata,FC Kairat Almaty,5172,Champions League,Defender,2025/26,0.0,0.0,0.0135,0.0255,0.6,0.3,0.0,0.0,27.6,35.1,0.9,1.2,4.8,0.45,0.0,4.8,0.3,0.0,0.0,58.2,1.65,0.0,1.2,4.2,1.95,0.15,0.0,0.9,0.0,0.0,0.0,0.0,0.0,DL,Full-Back
1,0,0.31,0.18,6,3,0,0,133,161,3,7,11,0,0,41,4,0,3,223,4,0,5,11,4,1,0,2,0,2,0,0,0,294,4,840780,Ofri Arad,arad-ofri,FC Kairat Almaty,5172,Champions League,Midfielder,2025/26,0.3061,0.0,0.0949,0.0551,1.8367,0.9184,0.0,0.0,40.7143,49.2857,0.9184,2.1429,3.3673,0.0,0.0,12.551,1.2245,0.0,0.9184,68.2653,1.2245,0.0,1.5306,3.3673,1.2245,0.3061,0.0,0.6122,0.0,0.6122,0.0,0.0,0.0,MC/DM/DC,Central Mid
0,1,0.65,1.0,13,1,1,0,168,224,10,6,17,5,0,57,4,0,8,344,8,0,2,38,8,4,0,5,0,1,0,0,0,539,8,797646,Valeriy Gromyko,valeri-gromyko,FC Kairat Almaty,5172,Champions League,Midfielder,2025/26,0.0,0.167,0.1085,0.167,2.1707,0.167,0.167,0.0,28.0519,37.4026,1.6698,1.0019,2.8386,0.8349,0.0,9.5176,0.6679,0.0,1.3358,57.4397,1.3358,0.0,0.334,6.3451,1.3358,0.6679,0.0,0.8349,0.0,0.167,0.0,0.0,0.0,MC,Central Mid
0,0,0.0,0.05,0,0,0,0,55,67,0,2,8,0,0,10,1,0,0,121,4,0,2,9,11,0,0,1,0,1,0,0,0,252,4,606530,Birger Meling,birger-meling,FC København,1284,Champions League,Defender,2025/26,0.0,0.0,0.0,0.0179,0.0,0.0,0.0,0.0,19.6429,23.9286,0.0,0.7143,2.8571,0.0,0.0,3.5714,0.3571,0.0,0.0,43.2143,1.4286,0.0,0.7143,3.2143,3.9286,0.0,0.0,0.3571,0.0,0.3571,0.0,0.0,0.0,DL,Full-Back
1,1,0.24,0.48,5,1,1,0,91,124,4,6,12,2,0,24,3,0,7,206,2,0,2,27,3,3,0,2,0,1,0,0,0,430,7,945204,Elias Achouri,elias-achouri,FC København,1284,Champions League,Midfielder,2025/26,0.2093,0.2093,0.0502,0.1005,1.0465,0.2093,0.2093,0.0,19.0465,25.9535,0.8372,1.2558,2.5116,0.4186,0.0,5.0233,0.6279,0.0,1.4651,43.1163,0.4186,0.0,0.4186,5.6512,0.6279,0.6279,0.0,0.4186,0.0,0.2093,0.0,0.0,0.0,LW/ML,Winger
0,0,0.3,0.08,5,0,0,1,263,318,1,30,51,0,0,38,2,0,2,422,3,0,13,37,41,1,0,11,0,2,0,0,0,702,8,992652,Gabriel Pereira,gabriel-pereira,FC København,1284,Champions League,Defender,2025/26,0.0,0.0,0.0385,0.0103,0.641,0.0,0.0,0.1282,33.7179,40.7692,0.1282,3.8462,6.5385,0.0,0.0,4.8718,0.2564,0.0,0.2564,54.1026,0.3846,0.0,1.6667,4.7436,5.2564,0.1282,0.0,1.4103,0.0,0.2564,0.0,0.0,0.0,DC,Centre-Back
3,0,2.87,0.47,14,7,1,1,113,145,6,2,6,0,0,54,6,0,3,217,0,0,1,20,4,5,0,7,0,0,0,0,0,540,8,578380,Jordan Larsson,jordan-larsson,FC København,1284,Champions League,Midfielder,2025/26,0.5,0.0,0.4783,0.0783,2.3333,1.1667,0.1667,0.1667,18.8333,24.1667,1.0,0.3333,1.0,0.0,0.0,9.0,1.0,0.0,0.5,36.1667,0.0,0.0,0.1667,3.3333,0.6667,0.8333,0.0,1.1667,0.0,0.0,0.0,0.0,0.0,RW/MR,Winger
0,1,0.22,0.71,5,2,2,0,178,215,5,7,19,5,0,36,9,0,3,343,12,0,5,22,25,0,0,10,0,2,0,0,2,574,7,1171902,Junnosuke Suzuki,junnosuke-suzuki,FC København,1284,Champions League,Defender,2025/26,0.0,0.1568,0.0345,0.1113,0.784,0.3136,0.3136,0.0,27.9094,33.7108,0.784,1.0976,2.9791,0.784,0.0,5.6446,1.4111,0.0,0.4704,53.7805,1.8815,0.0,0.784,3.4495,3.9199,0.0,0.0,1.5679,0.0,0.3136,0.0,0.0,0.3136,DC/DL/DR,Centre-Back
0,0,0.54,0.42,8,2,0,1,135,177,5,2,8,2,0,38,1,0,1,249,10,0,6,21,8,0,0,11,0,3,0,0,1,450,5,151470,Lukas Lerager,lukas-lerager,FC København,1284,Champions League,Midfielder,2025/26,0.0,0.0,0.108,0.084,1.6,0.4,0.0,0.2,27.0,35.4,1.0,0.4,1.6,0.4,0.0,7.6,0.2,0.0,0.2,49.8,2.0,0.0,1.2,4.2,1.6,0.0,0.0,2.2,0.0,0.6,0.0,0.0,0.2,MC/DM,Central Mid
0,0,0.42,0.06,2,2,0,1,93,108,0,6,8,0,0,19,2,0,4,151,2,0,4,9,5,0,0,3,0,0,0,0,0,274,7,848034,Mads Emil Madsen,mads-emil-madsen,FC København,1284,Champions League,Midfielder,2025/26,0.0,0.0,0.138,0.0197,0.6569,0.6569,0.0,0.3285,30.5474,35.4745,0.0,1.9708,2.6277,0.0,0.0,6.2409,0.6569,0.0,1.3139,49.5985,0.6569,0.0,1.3139,2.9562,1.6423,0.0,0.0,0.9854,0.0,0.0,0.0,0.0,0.0,MC/DM,Central Mid
0,1,0.07,1.75,1,0,4,0,224,270,13,18,41,13,0,56,7,0,2,470,6,0,16,44,25,0,1,9,0,3,0,0,0,657,8,883745,Marcos López,marcos-lopez,FC København,1284,Champions League,Defender,2025/26,0.0,0.137,0.0096,0.2397,0.137,0.0,0.5479,0.0,30.6849,36.9863,1.7808,2.4658,5.6164,1.7808,0.0,7.6712,0.9589,0.0,0.274,64.3836,0.8219,0.0,2.1918,6.0274,3.4247,0.0,0.137,1.2329,0.0,0.411,0.0,0.0,0.0,DL,Full-Back
1,1,1.13,0.7,9,3,1,1,141,189,7,8,11,5,0,39,4,0,12,302,6,0,2,26,6,3,0,13,0,1,0,1,0,531,7,119151,Mohamed Elyounoussi,mohamed-elyounoussi,FC København,1284,Champions League,Midfielder,2025/26,0.1695,0.1695,0.1915,0.1186,1.5254,0.5085,0.1695,0.1695,23.8983,32.0339,1.1864,1.3559,1.8644,0.8475,0.0,6.6102,0.678,0.0,2.0339,51.1864,1.0169,0.0,0.339,4.4068,1.0169,0.5085,0.0,2.2034,0.0,0.1695,0.0,0.1695,0.0,AM/RW/ST,Attacking Mid
0,0,0.0,0.06,0,0,0,0,217,260,1,19,42,0,0,20,0,0,2,333,1,0,5,15,25,0,0,9,0,2,0,0,0,558,7,822163,Pantelis Hatzidiakos,pantelis-hatzidiakos,FC København,1284,Champions League,Defender,2025/26,0.0,0.0,0.0,0.0097,0.0,0.0,0.0,0.0,35.0,41.9355,0.1613,3.0645,6.7742,0.0,0.0,3.2258,0.0,0.0,0.3226,53.7097,0.1613,0.0,0.8065,2.4194,4.0323,0.0,0.0,1.4516,0.0,0.3226,0.0,0.0,0.0,DC,Centre-Back
2,0,1.04,0.3,11,5,1,1,39,49,4,3,3,2,0,16,8,0,3,117,6,0,1,11,4,3,0,2,0,0,0,0,0,219,6,1500254,Robert,robert,FC København,1284,Champions League,Midfielder,2025/26,0.8219,0.0,0.4274,0.1233,4.5205,2.0548,0.411,0.411,16.0274,20.137,1.6438,1.2329,1.2329,0.8219,0.0,6.5753,3.2877,0.0,1.2329,48.0822,2.4658,0.0,0.411,4.5205,1.6438,1.2329,0.0,0.8219,0.0,0.0,0.0,0.0,0.0,LW/ML,Winger
0,0,0.0,0.06,0,0,0,0,50,75,1,6,15,0,0,11,0,0,0,109,2,0,3,7,4,0,0,4,0,1,1,0,0,176,4,66477,Thomas Delaney,thomas-delaney,FC København,1284,Champions League,Midfielder,2025/26,0.0,0.0,0.0,0.0307,0.0,0.0,0.0,0.0,25.5682,38.3523,0.5114,3.0682,7.6705,0.0,0.0,5.625,0.0,0.0,0.0,55.7386,1.0227,0.0,1.5341,3.5795,2.0455,0.0,0.0,2.0455,0.0,0.5114,0.5114,0.0,0.0,MC/DM,Central Mid
3,0,2.4,0.26,6,5,0,2,32,48,2,2,3,1,0,14,1,0,2,93,1,0,1,10,6,0,0,9,0,0,0,0,0,311,6,1510135,Viktor Bjarki Dadason,viktor-bjarki-dadason,FC København,1284,Champions League,Forward,2025/26,0.8682,0.0,0.6945,0.0752,1.7363,1.4469,0.0,0.5788,9.2605,13.8907,0.5788,0.5788,0.8682,0.2894,0.0,4.0514,0.2894,0.0,0.5788,26.9132,0.2894,0.0,0.2894,2.8939,1.7363,0.0,0.0,2.6045,0.0,0.0,0.0,0.0,0.0,ST,Striker
0,0,0.35,0.38,4,3,0,0,89,134,6,0,1,1,0,33,1,0,6,192,7,0,2,14,3,0,0,5,0,0,0,0,0,317,8,137661,Viktor Claesson,viktor-claesson,FC København,1284,Champions League,Midfielder,2025/26,0.0,0.0,0.0994,0.1079,1.1356,0.8517,0.0,0.0,25.2681,38.0442,1.7035,0.0,0.2839,0.2839,0.0,9.3691,0.2839,0.0,1.7035,54.511,1.9874,0.0,0.5678,3.9748,0.8517,0.0,0.0,1.4196,0.0,0.0,0.0,0.0,0.0,ST/MC,Striker
0,0,0.09,0.11,3,0,0,0,153,194,3,13,23,1,0,34,0,0,1,254,4,0,7,14,18,2,0,7,0,1,0,0,0,404,6,1083413,William Clem,william-clem,FC København,1284,Champions League,Midfielder,2025/26,0.0,0.0,0.02,0.0245,0.6683,0.0,0.0,0.0,34.0842,43.2178,0.6683,2.896,5.1238,0.2228,0.0,7.5743,0.0,0.0,0.2228,56.5842,0.8911,0.0,1.5594,3.1188,4.0099,0.4455,0.0,1.5594,0.0,0.2228,0.0,0.0,0.0,MC/DM,Central Mid
0,1,0.08,0.12,1,0,1,0,48,61,1,0,3,1,0,15,1,0,1,118,3,0,4,4,6,0,0,0,0,1,0,0,0,178,5,1403218,Yoram Zague,zague-yoram,FC København,1284,Champions League,Defender,2025/26,0.0,0.5056,0.0404,0.0607,0.5056,0.0,0.5056,0.0,24.2697,30.8427,0.5056,0.0,1.5169,0.5056,0.0,7.5843,0.5056,0.0,0.5056,59.6629,1.5169,0.0,2.0225,2.0225,3.0337,0.0,0.0,0.0,0.0,0.5056,0.0,0.0,0.0,DR,Full-Back
0,0,1.01,0.11,8,5,0,1,55,63,0,2,3,0,0,20,2,0,4,117,2,0,1,13,1,3,0,0,0,0,0,0,0,312,6,997006,Youssoufa Moukoko,youssoufa-moukoko,FC København,1284,Champions League,Forward,2025/26,0.0,0.0,0.2913,0.0317,2.3077,1.4423,0.0,0.2885,15.8654,18.1731,0.0,0.5769,0.8654,0.0,0.0,5.7692,0.5769,0.0,1.1538,33.75,0.5769,0.0,0.2885,3.75,0.2885,0.8654,0.0,0.0,0.0,0.0,0.0,0.0,0.0,ST,Striker
0,0,0.45,0.29,6,2,0,0,450,535,3,30,81,2,0,35,0,0,3,679,9,0,11,34,60,1,0,23,0,2,0,0,0,968,11,178963,Abdülkerim Bardakcı,abdulkerim-bardakc,Galatasaray,3061,Champions League,Defender,2025/26,0.0,0.0,0.0418,0.027,0.5579,0.186,0.0,0.0,41.8388,49.7417,0.2789,2.7893,7.531,0.186,0.0,3.2541,0.0,0.0,0.2789,63.1302,0.8368,0.0,1.0227,3.1612,5.5785,0.093,0.0,2.1384,0.0,0.186,0.0,0.0,0.0,DC,Centre-Back
1,1,1.98,1.2,14,5,3,5,192,248,13,4,7,11,0,77,14,0,12,443,11,0,2,35,7,4,0,14,0,1,0,1,0,989,12,904096,Barış Alper Yılmaz,baris-alper-yilmaz,Galatasaray,3061,Champions League,Midfielder,2025/26,0.091,0.091,0.1802,0.1092,1.274,0.455,0.273,0.455,17.4722,22.5683,1.183,0.364,0.637,1.001,0.0,7.0071,1.274,0.0,1.092,40.3134,1.001,0.0,0.182,3.185,0.637,0.364,0.0,1.274,0.0,0.091,0.0,0.091,0.0,LW,Winger
1,0,1.48,0.5,8,4,0,2,582,654,3,37,77,1,0,57,3,0,3,829,15,0,14,41,70,0,0,31,0,3,0,0,1,1020,11,566102,Davinson Sánchez,davinson-sanchez,Galatasaray,3061,Champions League,Defender,2025/26,0.0882,0.0,0.1306,0.0441,0.7059,0.3529,0.0,0.1765,51.3529,57.7059,0.2647,3.2647,6.7941,0.0882,0.0,5.0294,0.2647,0.0,0.2647,73.1471,1.3235,0.0,1.2353,3.6176,6.1765,0.0,0.0,2.7353,0.0,0.2647,0.0,0.0,0.0882,DC,Centre-Back
0,0,0.1,0.1,3,0,0,0,78,95,2,2,6,1,0,25,0,0,0,175,4,0,1,7,15,2,0,4,0,0,0,0,0,288,10,981483,Eren Elmalı,eren-elmali,Galatasaray,3061,Champions League,Defender,2025/26,0.0,0.0,0.0312,0.0312,0.9375,0.0,0.0,0.0,24.375,29.6875,0.625,0.625,1.875,0.3125,0.0,7.8125,0.0,0.0,0.0,54.6875,1.25,0.0,0.3125,2.1875,4.6875,0.625,0.0,1.25,0.0,0.0,0.0,0.0,0.0,DL,Full-Back
1,1,0.91,2.34,18,4,2,1,291,344,26,22,33,20,0,93,12,0,9,540,10,0,8,29,9,6,1,4,0,1,0,0,0,737,12,913593,Gabriel Sara,gabriel-sara,Galatasaray,3061,Champions League,Midfielder,2025/26,0.1221,0.1221,0.1111,0.2858,2.1981,0.4885,0.2442,0.1221,35.536,42.0081,3.175,2.6866,4.0299,2.4423,0.0,11.3569,1.4654,0.0,1.0991,65.943,1.2212,0.0,0.9769,3.5414,1.0991,0.7327,0.1221,0.4885,0.0,0.1221,0.0,0.0,0.0,MC/DM/AM,Central Mid
0,0,0.06,0.7,2,0,2,0,265,338,6,13,41,6,0,64,2,0,4,547,11,0,12,41,19,0,0,7,0,2,0,0,1,871,12,897291,Ismail Jakobs,ismail-jakobs,Galatasaray,3061,Champions League,Defender,2025/26,0.0,0.0,0.0062,0.0723,0.2067,0.0,0.2067,0.0,27.3823,34.9254,0.62,1.3433,4.2365,0.62,0.0,6.6131,0.2067,0.0,0.4133,56.5212,1.1366,0.0,1.24,4.2365,1.9633,0.0,0.0,0.7233,0.0,0.2067,0.0,0.0,0.1033,DL,Full-Back
0,2,0.5,1.6,10,4,4,0,272,323,14,5,8,4,0,99,25,0,16,496,8,0,3,50,1,4,0,3,0,0,0,0,0,723,10,293519,Leroy Sané,leroy-sane,Galatasaray,3061,Champions League,Midfielder,2025/26,0.0,0.249,0.0622,0.1992,1.2448,0.4979,0.4979,0.0,33.8589,40.2075,1.7427,0.6224,0.9959,0.4979,0.0,12.3237,3.112,0.0,1.9917,61.7427,0.9959,0.0,0.3734,6.2241,0.1245,0.4979,0.0,0.3734,0.0,0.0,0.0,0.0,0.0,RW,Winger
0,0,0.33,0.49,9,1,0,0,505,574,6,39,60,0,0,95,0,0,9,713,11,0,17,63,18,4,0,5,0,1,0,0,1,989,12,754794,Lucas Torreira,lucas-torreira,Galatasaray,3061,Champions League,Midfielder,2025/26,0.0,0.0,0.03,0.0446,0.819,0.091,0.0,0.0,45.9555,52.2346,0.546,3.549,5.4601,0.0,0.0,8.6451,0.0,0.0,0.819,64.8837,1.001,0.0,1.547,5.7331,1.638,0.364,0.0,0.455,0.0,0.091,0.0,0.0,0.091,MC/DM,Central Mid
1,1,0.64,0.24,6,3,1,0,325,375,3,13,25,0,0,34,6,0,1,492,14,0,13,37,23,1,0,13,0,3,0,0,0,730,9,307284,Mario Lemina,mario-lemina,Galatasaray,3061,Champions League,Midfielder,2025/26,0.1233,0.1233,0.0789,0.0296,0.7397,0.3699,0.1233,0.0,40.0685,46.2329,0.3699,1.6027,3.0822,0.0,0.0,4.1918,0.7397,0.0,0.1233,60.6575,1.726,0.0,1.6027,4.5616,2.8356,0.1233,0.0,1.6027,0.0,0.3699,0.0,0.0,0.0,MC/DM,Central Mid
0,0,0.62,0.23,7,1,0,0,30,39,1,2,3,0,0,11,1,0,0,66,0,0,0,1,2,2,0,5,0,1,0,0,0,246,10,233114,Mauro Icardi,mauro-icardi,Galatasaray,3061,Champions League,Forward,2025/26,0.0,0.0,0.2268,0.0841,2.561,0.3659,0.0,0.0,10.9756,14.2683,0.3659,0.7317,1.0976,0.0,0.0,4.0244,0.3659,0.0,0.0,24.1463,0.0,0.0,0.0,0.3659,0.7317,0.7317,0.0,1.8293,0.0,0.3659,0.0,0.0,0.0,ST,Striker
2,0,1.85,1.23,10,3,1,1,123,160,13,4,7,9,0,54,13,0,5,287,4,0,2,19,6,4,0,5,0,2,0,0,0,501,10,875136,Noa Lang,noa-lang,Galatasaray,3061,Champions League,Forward,2025/26,0.3593,0.0,0.3323,0.221,1.7964,0.5389,0.1796,0.1796,22.0958,28.7425,2.3353,0.7186,1.2575,1.6168,0.0,9.7006,2.3353,0.0,0.8982,51.5569,0.7186,0.0,0.3593,3.4132,1.0778,0.7186,0.0,0.8982,0.0,0.3593,0.0,0.0,0.0,LW,Winger
0,0,0.38,0.74,6,2,1,1,356,417,8,16,38,9,0,58,7,0,9,662,15,0,14,36,23,1,0,11,0,2,0,0,0,900,12,355088,Roland Sallai,roland-sallai,Galatasaray,3061,Champions League,Defender,2025/26,0.0,0.0,0.038,0.074,0.6,0.2,0.1,0.1,35.6,41.7,0.8,1.6,3.8,0.9,0.0,5.8,0.7,0.0,0.9,66.2,1.5,0.0,1.4,3.6,2.3,0.1,0.0,1.1,0.0,0.2,0.0,0.0,0.0,DR,Full-Back
1,0,0.31,0.21,3,1,0,0,99,109,3,3,5,1,0,30,5,0,1,169,8,0,3,14,3,1,0,4,0,0,0,0,0,199,7,980418,Sacha Boey,sacha-boey,Galatasaray,3061,Champions League,Defender,2025/26,0.4523,0.0,0.1402,0.095,1.3568,0.4523,0.0,0.0,44.7739,49.2965,1.3568,1.3568,2.2613,0.4523,0.0,13.5678,2.2613,0.0,0.4523,76.4322,3.6181,0.0,1.3568,6.3317,1.3568,0.4523,0.0,1.809,0.0,0.0,0.0,0.0,0.0,DR,Full-Back
7,1,7.77,1.0,42,25,3,8,71,116,6,4,8,2,0,31,8,0,11,251,4,0,0,21,9,6,0,30,0,2,0,0,0,841,10,822471,Victor Osimhen,victor-osimhen,Galatasaray,3061,Champions League,Forward,2025/26,0.7491,0.107,0.8315,0.107,4.4946,2.6754,0.321,0.8561,7.5981,12.4138,0.6421,0.4281,0.8561,0.214,0.0,3.3175,0.8561,0.0,1.1772,26.8609,0.4281,0.0,0.0,2.2473,0.9631,0.6421,0.0,3.2105,0.0,0.214,0.0,0.0,0.0,ST,Striker
0,1,0.13,0.45,4,0,2,0,202,243,3,14,27,2,0,21,5,0,2,365,8,0,12,30,23,0,0,10,0,0,0,0,0,480,7,978285,Wilfried Singo,wilfried-singo,Galatasaray,3061,Champions League,Defender,2025/26,0.0,0.1875,0.0244,0.0844,0.75,0.0,0.375,0.0,37.875,45.5625,0.5625,2.625,5.0625,0.375,0.0,3.9375,0.9375,0.0,0.375,68.4375,1.5,0.0,2.25,5.625,4.3125,0.0,0.0,1.875,0.0,0.0,0.0,0.0,0.0,DC/DR,Centre-Back
2,0,0.8,0.82,10,5,2,1,116,140,7,1,5,0,0,57,7,0,6,212,2,0,3,16,0,0,1,0,0,0,0,0,0,450,9,857738,Yunus Akgün,yunus-akgun,Galatasaray,3061,Champions League,Midfielder,2025/26,0.4,0.0,0.16,0.164,2.0,1.0,0.4,0.2,23.2,28.0,1.4,0.2,1.0,0.0,0.0,11.4,1.4,0.0,1.2,42.4,0.4,0.0,0.6,3.2,0.0,0.0,0.2,0.0,0.0,0.0,0.0,0.0,0.0,RW/AM,Winger
0,0,0.89,0.57,3,2,1,2,224,253,9,6,6,2,0,58,2,0,8,310,1,0,5,17,4,0,0,3,0,1,0,0,0,421,8,45853,İlkay Gündoğan,ilkay-gundogan,Galatasaray,3061,Champions League,Midfielder,2025/26,0.0,0.0,0.1903,0.1219,0.6413,0.4276,0.2138,0.4276,47.886,54.0855,1.924,1.2827,1.2827,0.4276,0.0,12.399,0.4276,0.0,1.7102,66.2708,0.2138,0.0,1.0689,3.6342,0.8551,0.0,0.0,0.6413,0.0,0.2138,0.0,0.0,0.0,MC/DM/AM,Central Mid
1,1,0.54,2.18,3,1,4,1,528,587,15,42,70,9,0,101,1,0,3,743,8,0,6,31,29,0,0,14,0,2,0,0,1,697,9,826188,Alessandro Bastoni,alessandro-bastoni,Inter,2697,Champions League,Defender,2025/26,0.1291,0.1291,0.0697,0.2815,0.3874,0.1291,0.5165,0.1291,68.1779,75.7963,1.9369,5.4232,9.0387,1.1621,0.0,13.0416,0.1291,0.0,0.3874,95.9397,1.033,0.0,0.7747,4.0029,3.7446,0.0,0.0,1.8077,0.0,0.2582,0.0,0.0,0.1291,DC/DR,Centre-Back
0,3,0.17,0.8,2,1,4,1,73,99,10,0,1,3,0,41,9,0,13,174,4,0,1,4,1,0,0,6,0,0,0,0,0,289,10,1086223,Ange-Yoan Bonny,ange-bonny,Inter,2697,Champions League,Forward,2025/26,0.0,0.9343,0.0529,0.2491,0.6228,0.3114,1.2457,0.3114,22.7336,30.8304,3.1142,0.0,0.3114,0.9343,0.0,12.7682,2.8028,0.0,4.0484,54.1869,1.2457,0.0,0.3114,1.2457,0.3114,0.0,0.0,1.8685,0.0,0.0,0.0,0.0,0.0,ST,Striker
1,0,0.27,0.35,8,2,0,0,230,254,2,10,14,2,0,42,6,0,3,331,4,0,4,17,10,2,0,7,0,0,0,0,0,393,7,929199,Carlos Augusto,carlos-augusto,Inter,2697,Champions League,Defender,2025/26,0.229,0.0,0.0618,0.0802,1.8321,0.458,0.0,0.0,52.6718,58.1679,0.458,2.2901,3.2061,0.458,0.0,9.6183,1.374,0.0,0.687,75.8015,0.916,0.0,0.916,3.8931,2.2901,0.458,0.0,1.6031,0.0,0.0,0.0,0.0,0.0,ML/DC/DR,Winger
0,0,1.0,0.26,9,4,0,4,77,95,2,2,3,0,0,29,4,0,6,139,3,0,0,7,2,0,0,4,0,0,0,0,0,297,7,835600,Davide Frattesi,davide-frattesi,Inter,2697,Champions League,Midfielder,2025/26,0.0,0.0,0.303,0.0788,2.7273,1.2121,0.0,1.2121,23.3333,28.7879,0.6061,0.6061,0.9091,0.0,0.0,8.7879,1.2121,0.0,1.8182,42.1212,0.9091,0.0,0.0,2.1212,0.6061,0.0,0.0,1.2121,0.0,0.0,0.0,0.0,0.0,MC,Central Mid
2,0,1.49,0.97,8,2,1,1,102,115,4,1,1,2,0,38,1,0,3,203,4,0,2,14,7,2,0,5,0,0,0,0,0,342,5,759520,Denzel Dumfries,denzel-dumfries,Inter,2697,Champions League,Midfielder,2025/26,0.5263,0.0,0.3921,0.2553,2.1053,0.5263,0.2632,0.2632,26.8421,30.2632,1.0526,0.2632,0.2632,0.5263,0.0,10.0,0.2632,0.0,0.7895,53.4211,1.0526,0.0,0.5263,3.6842,1.8421,0.5263,0.0,1.3158,0.0,0.0,0.0,0.0,0.0,MR/DR,Winger
1,0,1.69,2.21,25,10,6,1,312,389,20,16,36,22,0,106,1,0,3,608,15,0,9,33,19,5,0,2,0,1,0,0,0,714,9,284361,Federico Dimarco,federico-dimarco,Inter,2697,Champions League,Midfielder,2025/26,0.1261,0.0,0.213,0.2786,3.1513,1.2605,0.7563,0.1261,39.3277,49.0336,2.521,2.0168,4.5378,2.7731,0.0,13.3613,0.1261,0.0,0.3782,76.6387,1.8908,0.0,1.1345,4.1597,2.395,0.6303,0.0,0.2521,0.0,0.1261,0.0,0.0,0.0,ML,Winger
0,0,0.09,0.13,1,0,0,0,294,306,1,10,17,0,0,29,1,0,0,375,3,0,17,22,23,1,0,8,0,2,0,0,0,391,5,126816,Francesco Acerbi,francesco-acerbi,Inter,2697,Champions League,Defender,2025/26,0.0,0.0,0.0207,0.0299,0.2302,0.0,0.0,0.0,67.6726,70.4348,0.2302,2.3018,3.913,0.0,0.0,6.6752,0.2302,0.0,0.0,86.3171,0.6905,0.0,3.913,5.0639,5.2941,0.2302,0.0,1.8414,0.0,0.4604,0.0,0.0,0.0,DC,Centre-Back
1,2,1.1,1.01,8,3,3,0,283,310,8,21,33,8,0,79,1,0,0,377,4,0,4,26,5,4,0,6,0,0,0,0,0,338,6,135700,Hakan Çalhanoğlu,hakan-calhanoglu,Inter,2697,Champions League,Midfielder,2025/26,0.2663,0.5325,0.2929,0.2689,2.1302,0.7988,0.7988,0.0,75.355,82.5444,2.1302,5.5917,8.787,2.1302,0.0,21.0355,0.2663,0.0,0.0,100.3846,1.0651,0.0,1.0651,6.9231,1.3314,1.0651,0.0,1.5976,0.0,0.0,0.0,0.0,0.0,DM/MC,Central Mid
0,0,0.13,0.18,1,0,0,0,124,139,0,1,2,0,0,25,5,0,2,193,6,0,7,18,6,0,0,3,0,2,0,0,0,315,4,37151,Henrikh Mkhitaryan,henrikh-mkhitaryan,Inter,2697,Champions League,Midfielder,2025/26,0.0,0.0,0.0371,0.0514,0.2857,0.0,0.0,0.0,35.4286,39.7143,0.0,0.2857,0.5714,0.0,0.0,7.1429,1.4286,0.0,0.5714,55.1429,1.7143,0.0,2.0,5.1429,1.7143,0.0,0.0,0.8571,0.0,0.5714,0.0,0.0,0.0,MC,Central Mid
4,0,4.63,1.42,24,10,3,7,105,138,10,4,4,3,0,48,4,0,14,252,3,0,4,19,1,9,0,11,0,2,0,0,0,465,8,823984,Lautaro Martínez,lautaro-martinez,Inter,2697,Champions League,Forward,2025/26,0.7742,0.0,0.8961,0.2748,4.6452,1.9355,0.5806,1.3548,20.3226,26.7097,1.9355,0.7742,0.7742,0.5806,0.0,9.2903,0.7742,0.0,2.7097,48.7742,0.5806,0.0,0.7742,3.6774,0.1935,1.7419,0.0,2.129,0.0,0.3871,0.0,0.0,0.0,ST,Striker
0,0,0.31,0.59,5,0,1,0,173,199,5,6,9,5,0,55,4,0,2,251,2,0,2,20,3,3,0,0,0,0,0,0,0,363,7,977679,Luís Henrique,luis-henrique,Inter,2697,Champions League,Midfielder,2025/26,0.0,0.0,0.0769,0.1463,1.2397,0.0,0.2479,0.0,42.8926,49.3388,1.2397,1.4876,2.2314,1.2397,0.0,13.6364,0.9917,0.0,0.4959,62.2314,0.4959,0.0,0.4959,4.9587,0.7438,0.7438,0.0,0.0,0.0,0.0,0.0,0.0,0.0,MR/LW,Winger
0,0,0.25,0.29,4,2,0,0,474,521,3,23,33,0,0,79,1,0,1,629,4,0,5,39,30,1,0,7,0,1,0,0,0,707,10,383560,Manuel Akanji,manuel-akanji,Inter,2697,Champions League,Defender,2025/26,0.0,0.0,0.0318,0.0369,0.5092,0.2546,0.0,0.0,60.3395,66.3225,0.3819,2.9279,4.2008,0.0,0.0,10.0566,0.1273,0.0,0.1273,80.0707,0.5092,0.0,0.6365,4.9646,3.819,0.1273,0.0,0.8911,0.0,0.1273,0.0,0.0,0.0,DC/DR,Centre-Back
2,1,2.35,1.39,30,6,2,2,111,141,12,0,0,1,0,44,7,0,11,262,3,0,0,21,7,11,0,23,0,1,0,0,0,577,9,791702,Marcus Thuram,marcus-thuram,Inter,2697,Champions League,Forward,2025/26,0.312,0.156,0.3666,0.2168,4.6794,0.9359,0.312,0.312,17.3137,21.9931,1.8718,0.0,0.0,0.156,0.0,6.8631,1.0919,0.0,1.7158,40.8666,0.4679,0.0,0.0,3.2756,1.0919,1.7158,0.0,3.5875,0.0,0.156,0.0,0.0,0.0,ST,Striker
0,0,0.54,1.65,7,1,0,1,324,379,11,15,23,8,0,108,11,0,8,496,8,0,3,37,3,2,0,8,0,1,0,0,0,596,8,363856,Nicolò Barella,nicolo-barella,Inter,2697,Champions League,Midfielder,2025/26,0.0,0.0,0.0815,0.2492,1.057,0.151,0.0,0.151,48.9262,57.2315,1.6611,2.2651,3.4732,1.2081,0.0,16.3087,1.6611,0.0,1.2081,74.8993,1.2081,0.0,0.453,5.5872,0.453,0.302,0.0,1.2081,0.0,0.151,0.0,0.0,0.0,MC,Central Mid
1,0,0.69,1.28,4,3,2,2,237,280,11,14,19,1,0,81,6,0,6,357,5,0,3,28,6,1,0,3,0,0,0,0,0,480,10,1091303,Petar Sučić,petar-sucic,Inter,2697,Champions League,Midfielder,2025/26,0.1875,0.0,0.1294,0.24,0.75,0.5625,0.375,0.375,44.4375,52.5,2.0625,2.625,3.5625,0.1875,0.0,15.1875,1.125,0.0,1.125,66.9375,0.9375,0.0,0.5625,5.25,1.125,0.1875,0.0,0.5625,0.0,0.0,0.0,0.0,0.0,MC/DM,Central Mid
2,2,4.23,0.74,25,5,2,7,96,132,10,7,11,0,0,42,1,0,8,229,2,0,2,11,1,6,0,15,0,1,0,0,0,518,9,1156616,Pio Esposito,francesco-pio-esposito,Inter,2697,Champions League,Forward,2025/26,0.3475,0.3475,0.7349,0.1286,4.3436,0.8687,0.3475,1.2162,16.6795,22.9344,1.7375,1.2162,1.9112,0.0,0.0,7.2973,0.1737,0.0,1.39,39.7876,0.3475,0.0,0.3475,1.9112,0.1737,1.0425,0.0,2.6062,0.0,0.1737,0.0,0.0,0.0,ST,Striker
1,0,0.32,1.15,7,2,1,0,365,401,7,11,20,3,0,109,5,0,6,482,3,0,4,28,8,1,0,4,0,0,0,0,0,633,10,138605,Piotr Zieliński,piotr-zielinski,Inter,2697,Champions League,Midfielder,2025/26,0.1422,0.0,0.0455,0.1635,0.9953,0.2844,0.1422,0.0,51.8957,57.0142,0.9953,1.564,2.8436,0.4265,0.0,15.4976,0.7109,0.0,0.8531,68.5308,0.4265,0.0,0.5687,3.981,1.1374,0.1422,0.0,0.5687,0.0,0.0,0.0,0.0,0.0,MC/DM,Central Mid
0,0,0.0,0.02,0,0,0,0,149,160,0,5,8,0,0,10,3,0,0,200,0,0,2,9,21,0,0,9,0,1,0,0,0,225,3,91046,Stefan de Vrij,stefan-de-vrij,Inter,2697,Champions League,Defender,2025/26,0.0,0.0,0.0,0.008,0.0,0.0,0.0,0.0,59.6,64.0,0.0,2.0,3.2,0.0,0.0,4.0,1.2,0.0,0.0,80.0,0.0,0.0,0.8,3.6,8.4,0.0,0.0,3.6,0.0,0.4,0.0,0.0,0.0,DC,Centre-Back
0,1,0.38,0.33,6,0,1,0,375,414,3,8,19,1,0,44,4,0,2,508,9,0,5,21,20,3,0,11,0,1,0,0,0,558,7,906275,Yann Bisseck,yann-bisseck,Inter,2697,Champions League,Defender,2025/26,0.0,0.1613,0.0613,0.0532,0.9677,0.0,0.1613,0.0,60.4839,66.7742,0.4839,1.2903,3.0645,0.1613,0.0,7.0968,0.6452,0.0,0.3226,81.9355,1.4516,0.0,0.8065,3.3871,3.2258,0.4839,0.0,1.7742,0.0,0.1613,0.0,0.0,0.0,DC/DR,Centre-Back
0,1,0.36,0.57,6,0,1,0,312,349,9,9,14,5,0,83,4,0,1,493,7,0,2,40,9,6,0,5,0,3,0,0,0,642,9,917048,Andrea Cambiaso,cambiaso-andrea,Juventus,2687,Champions League,Midfielder,2025/26,0.0,0.1402,0.0505,0.0799,0.8411,0.0,0.1402,0.0,43.7383,48.9252,1.2617,1.2617,1.9626,0.7009,0.0,11.6355,0.5607,0.0,0.1402,69.1121,0.9813,0.0,0.2804,5.6075,1.2617,0.8411,0.0,0.7009,0.0,0.4206,0.0,0.0,0.0,DL/ML,Full-Back
3,1,1.69,0.27,10,9,1,2,31,45,3,1,1,1,0,11,1,0,5,75,0,0,0,6,1,1,0,6,0,0,0,0,0,198,4,832208,Dušan Vlahović,dusan-vlahovic,Juventus,2687,Champions League,Forward,2025/26,1.3636,0.4545,0.7682,0.1227,4.5455,4.0909,0.4545,0.9091,14.0909,20.4545,1.3636,0.4545,0.4545,0.4545,0.0,5.0,0.4545,0.0,2.2727,34.0909,0.0,0.0,0.0,2.7273,0.4545,0.4545,0.0,2.7273,0.0,0.0,0.0,0.0,0.0,ST,Striker
0,0,0.49,0.23,8,3,0,1,59,70,5,3,3,3,0,36,4,0,1,114,1,0,0,6,1,2,0,0,0,0,0,0,0,157,6,887766,Edon Zhegrova,edon-zhegrova,Juventus,2687,Champions League,Forward,2025/26,0.0,0.0,0.2809,0.1318,4.586,1.7197,0.0,0.5732,33.8217,40.1274,2.8662,1.7197,1.7197,1.7197,0.0,20.6369,2.293,0.0,0.5732,65.3503,0.5732,0.0,0.0,3.4395,0.5732,1.1465,0.0,0.0,0.0,0.0,0.0,0.0,0.0,RW,Winger
0,1,0.33,0.87,6,1,1,0,105,135,5,5,9,0,0,36,6,0,9,213,4,0,2,10,6,3,0,1,0,1,0,0,0,271,7,1010223,Fabio Miretti,fabio-miretti,Juventus,2687,Champions League,Midfielder,2025/26,0.0,0.3321,0.1096,0.2889,1.9926,0.3321,0.3321,0.0,34.8708,44.8339,1.6605,1.6605,2.9889,0.0,0.0,11.9557,1.9926,0.0,2.9889,70.738,1.3284,0.0,0.6642,3.321,1.9926,0.9963,0.0,0.3321,0.0,0.3321,0.0,0.0,0.0,MC/AM,Central Mid
2,0,1.82,0.23,6,4,0,1,145,170,0,6,13,0,0,14,1,0,1,242,4,0,7,23,22,0,0,7,0,0,0,0,0,446,5,1128063,Federico Gatti,federico-gatti,Juventus,2687,Champions League,Defender,2025/26,0.4036,0.0,0.3673,0.0464,1.2108,0.8072,0.0,0.2018,29.2601,34.3049,0.0,1.2108,2.6233,0.0,0.0,2.8251,0.2018,0.0,0.2018,48.8341,0.8072,0.0,1.4126,4.6413,4.4395,0.0,0.0,1.4126,0.0,0.0,0.0,0.0,0.0,DC/DR,Centre-Back
1,0,1.42,1.33,17,6,2,1,149,171,8,11,14,8,0,69,13,0,3,289,1,0,2,20,1,7,0,0,0,1,0,0,0,500,9,979222,Francisco Conceição,francisco-conceicao,Juventus,2687,Champions League,Forward,2025/26,0.18,0.0,0.2556,0.2394,3.06,1.08,0.36,0.18,26.82,30.78,1.44,1.98,2.52,1.44,0.0,12.42,2.34,0.0,0.54,52.02,0.18,0.0,0.36,3.6,0.18,1.26,0.0,0.0,0.0,0.18,0.0,0.0,0.0,RW/AM,Winger
0,0,0.0,0.02,1,0,0,0,121,138,1,4,9,0,0,7,0,0,0,178,2,0,5,13,13,0,0,8,0,0,0,0,1,304,4,885197,Gleison Bremer,bremer,Juventus,2687,Champions League,Defender,2025/26,0.0,0.0,0.0,0.0059,0.2961,0.0,0.0,0.0,35.8224,40.8553,0.2961,1.1842,2.6645,0.0,0.0,2.0724,0.0,0.0,0.0,52.6974,0.5921,0.0,1.4803,3.8487,3.8487,0.0,0.0,2.3684,0.0,0.0,0.0,0.0,0.2961,DC,Centre-Back
2,1,4.06,0.42,11,4,1,5,88,105,6,2,2,0,0,37,2,0,7,153,1,0,1,10,2,1,0,3,0,0,0,0,0,406,9,935564,Jonathan David,jonathan-david,Juventus,2687,Champions League,Forward,2025/26,0.4433,0.2217,0.9,0.0931,2.4384,0.8867,0.2217,1.1084,19.5074,23.2759,1.33,0.4433,0.4433,0.0,0.0,8.202,0.4433,0.0,1.5517,33.9163,0.2217,0.0,0.2217,2.2167,0.4433,0.2217,0.0,0.665,0.0,0.0,0.0,0.0,0.0,ST,Striker
0,0,0.06,0.04,1,0,0,0,37,50,1,3,10,1,0,5,3,0,2,93,4,0,0,7,4,1,0,4,0,2,1,0,1,158,6,988037,Juan Cabal,juan-cabal,Juventus,2687,Champions League,Defender,2025/26,0.0,0.0,0.0342,0.0228,0.5696,0.0,0.0,0.0,21.0759,28.481,0.5696,1.7089,5.6962,0.5696,0.0,2.8481,1.7089,0.0,1.1392,52.9747,2.2785,0.0,0.0,3.9873,2.2785,0.5696,0.0,2.2785,0.0,1.1392,0.5696,0.0,0.5696,DL/DC,Full-Back
1,3,1.9,2.56,25,10,6,1,242,293,18,8,11,7,0,114,23,0,13,472,2,0,2,32,1,8,1,2,0,2,0,0,0,768,10,1149011,Kenan Yıldız,yildiz-kenan,Juventus,2687,Champions League,Forward,2025/26,0.1172,0.3516,0.2227,0.3,2.9297,1.1719,0.7031,0.1172,28.3594,34.3359,2.1094,0.9375,1.2891,0.8203,0.0,13.3594,2.6953,0.0,1.5234,55.3125,0.2344,0.0,0.2344,3.75,0.1172,0.9375,0.1172,0.2344,0.0,0.2344,0.0,0.0,0.0,LW/AM,Winger
1,1,0.78,0.76,9,3,1,2,265,309,10,14,18,2,0,66,2,0,3,400,1,0,5,31,9,0,0,9,0,1,0,1,0,593,9,904832,Khéphren Thuram,khephren-thuram,Juventus,2687,Champions League,Midfielder,2025/26,0.1518,0.1518,0.1184,0.1153,1.3659,0.4553,0.1518,0.3035,40.2192,46.8971,1.5177,2.1248,2.7319,0.3035,0.0,10.0169,0.3035,0.0,0.4553,60.7083,0.1518,0.0,0.7589,4.7049,1.3659,0.0,0.0,1.3659,0.0,0.1518,0.0,0.1518,0.0,MC/DM,Central Mid
1,1,0.85,0.18,6,1,2,1,395,456,5,27,47,0,0,45,0,0,1,564,5,0,4,52,42,2,1,16,0,3,1,0,1,769,9,865167,Lloyd Kelly,lloyd-kelly,Juventus,2687,Champions League,Defender,2025/26,0.117,0.117,0.0995,0.0211,0.7022,0.117,0.2341,0.117,46.2289,53.368,0.5852,3.1599,5.5007,0.0,0.0,5.2666,0.0,0.0,0.117,66.0078,0.5852,0.0,0.4681,6.0858,4.9155,0.2341,0.117,1.8726,0.0,0.3511,0.117,0.0,0.117,DC/DL,Centre-Back
1,0,0.95,0.1,11,2,1,0,32,44,5,1,3,0,0,9,2,0,2,103,0,0,0,10,1,5,0,3,0,0,0,0,0,320,8,835480,Loïs Openda,lois-openda,Juventus,2687,Champions League,Forward,2025/26,0.2812,0.0,0.2672,0.0281,3.0938,0.5625,0.2812,0.0,9.0,12.375,1.4062,0.2812,0.8438,0.0,0.0,2.5312,0.5625,0.0,0.5625,28.9688,0.0,0.0,0.0,2.8125,0.2812,1.4062,0.0,0.8438,0.0,0.0,0.0,0.0,0.0,ST,Striker
1,0,1.0,0.69,9,3,1,0,411,471,9,32,49,3,0,153,5,0,2,597,11,0,10,38,13,2,0,8,0,2,0,0,0,646,9,363860,Manuel Locatelli,manuel-locatelli,Juventus,2687,Champions League,Midfielder,2025/26,0.1393,0.0,0.1393,0.0961,1.2539,0.418,0.1393,0.0,57.2601,65.6192,1.2539,4.4582,6.8266,0.418,0.0,21.3158,0.6966,0.0,0.2786,83.1734,1.5325,0.0,1.3932,5.2941,1.8111,0.2786,0.0,1.1146,0.0,0.2786,0.0,0.0,0.0,DM/MC,Central Mid
0,1,0.27,0.94,4,1,4,1,427,486,12,11,32,6,0,97,5,0,8,635,7,0,5,48,15,3,0,12,0,0,0,0,0,919,10,965330,Pierre Kalulu,pierre-kalulu,Juventus,2687,Champions League,Defender,2025/26,0.0,0.0979,0.0264,0.0921,0.3917,0.0979,0.3917,0.0979,41.8172,47.5952,1.1752,1.0773,3.1338,0.5876,0.0,9.4995,0.4897,0.0,0.7835,62.1872,0.6855,0.0,0.4897,4.7008,1.469,0.2938,0.0,1.1752,0.0,0.0,0.0,0.0,0.0,DR/DC,Full-Back
2,1,1.8,1.08,9,4,2,3,326,370,6,17,28,6,0,82,2,0,4,476,7,0,6,31,12,2,0,6,0,0,0,0,0,750,10,803033,Teun Koopmeiners,teun-koopmeiners,Juventus,2687,Champions League,Midfielder,2025/26,0.24,0.12,0.216,0.1296,1.08,0.48,0.24,0.36,39.12,44.4,0.72,2.04,3.36,0.72,0.0,9.84,0.24,0.0,0.48,57.12,0.84,0.0,0.72,3.72,1.44,0.24,0.0,0.72,0.0,0.0,0.0,0.0,0.0,AM/MC/DM,Attacking Mid
0,0,0.2,0.09,3,1,0,1,69,90,3,4,8,2,0,32,3,0,1,132,4,0,0,6,5,1,0,2,0,1,0,0,0,191,7,1149288,Vasilije Adžić,vasilije-adzic,Juventus,2687,Champions League,Midfielder,2025/26,0.0,0.0,0.0942,0.0424,1.4136,0.4712,0.0,0.4712,32.5131,42.4084,1.4136,1.8848,3.7696,0.9424,0.0,15.0785,1.4136,0.0,0.4712,62.199,1.8848,0.0,0.0,2.8272,2.356,0.4712,0.0,0.9424,0.0,0.4712,0.0,0.0,0.0,MC/AM,Central Mid
4,1,1.43,1.29,12,7,2,0,242,307,19,14,20,4,0,107,6,0,7,508,16,0,10,44,18,2,0,11,0,1,0,0,0,899,10,881931,Weston McKennie,weston-mckennie,Juventus,2687,Champions League,Midfielder,2025/26,0.4004,0.1001,0.1432,0.1291,1.2013,0.7008,0.2002,0.0,24.2269,30.7341,1.9021,1.4016,2.0022,0.4004,0.0,10.7119,0.6007,0.0,0.7008,50.8565,1.6018,0.0,1.0011,4.4049,1.802,0.2002,0.0,1.1012,0.0,0.1001,0.0,0.0,0.0,AM/MC/MR,Attacking Mid
0,0,0.93,0.57,9,6,0,1,40,49,2,0,0,0,0,21,1,0,4,88,1,0,1,4,2,1,0,3,0,0,0,0,0,285,7,823941,Alexander Isak,alexander-isak,Liverpool FC,44,Champions League,Forward,2025/26,0.0,0.0,0.2937,0.18,2.8421,1.8947,0.0,0.3158,12.6316,15.4737,0.6316,0.0,0.0,0.0,0.0,6.6316,0.3158,0.0,1.2632,27.7895,0.3158,0.0,0.3158,1.2632,0.6316,0.3158,0.0,0.9474,0.0,0.0,0.0,0.0,0.0,ST,Striker
3,1,3.31,1.2,22,8,1,3,380,442,12,12,23,1,0,146,8,0,9,579,12,0,5,34,5,7,0,7,0,3,0,0,0,853,12,895324,Alexis Mac Allister,alexis-mac-allister,Liverpool FC,44,Champions League,Midfielder,2025/26,0.3165,0.1055,0.3492,0.1266,2.3212,0.8441,0.1055,0.3165,40.0938,46.6354,1.2661,1.2661,2.4267,0.1055,0.0,15.4045,0.8441,0.0,0.9496,61.0903,1.2661,0.0,0.5275,3.5873,0.5275,0.7386,0.0,0.7386,0.0,0.3165,0.0,0.0,0.0,MC/DM,Central Mid
1,1,0.3,0.67,3,1,3,0,260,303,12,17,33,7,0,83,1,0,0,405,3,0,7,24,10,0,0,4,0,0,0,0,0,486,7,262911,Andy Robertson,andy-robertson,Liverpool FC,44,Champions League,Defender,2025/26,0.1852,0.1852,0.0556,0.1241,0.5556,0.1852,0.5556,0.0,48.1481,56.1111,2.2222,3.1481,6.1111,1.2963,0.0,15.3704,0.1852,0.0,0.0,75.0,0.5556,0.0,1.2963,4.4444,1.8519,0.0,0.0,0.7407,0.0,0.0,0.0,0.0,0.0,DL,Full-Back
2,1,2.42,2.81,17,9,7,3,131,159,17,1,2,9,0,83,9,0,4,276,4,0,1,12,1,6,0,5,0,0,0,0,0,470,11,862967,Cody Gakpo,cody-gakpo,Liverpool FC,44,Champions League,Midfielder,2025/26,0.383,0.1915,0.4634,0.5381,3.2553,1.7234,1.3404,0.5745,25.0851,30.4468,3.2553,0.1915,0.383,1.7234,0.0,15.8936,1.7234,0.0,0.766,52.8511,0.766,0.0,0.1915,2.2979,0.1915,1.1489,0.0,0.9574,0.0,0.0,0.0,0.0,0.0,LW,Winger
0,0,0.37,0.23,4,3,0,2,116,138,2,4,13,0,0,35,5,0,2,218,3,0,1,20,5,0,0,2,0,2,0,0,0,243,5,1008402,Conor Bradley,conor-bradley,Liverpool FC,44,Champions League,Defender,2025/26,0.0,0.0,0.137,0.0852,1.4815,1.1111,0.0,0.7407,42.963,51.1111,0.7407,1.4815,4.8148,0.0,0.0,12.963,1.8519,0.0,0.7407,80.7407,1.1111,0.0,0.3704,7.4074,1.8519,0.0,0.0,0.7407,0.0,0.7407,0.0,0.0,0.0,DR/MR,Full-Back
0,0,0.06,0.31,2,1,0,0,359,379,2,11,13,1,0,83,7,0,10,451,3,0,2,25,5,1,0,3,0,2,0,0,0,433,9,927353,Curtis Jones,curtis-jones,Liverpool FC,44,Champions League,Midfielder,2025/26,0.0,0.0,0.0125,0.0644,0.4157,0.2079,0.0,0.0,74.6189,78.776,0.4157,2.2864,2.7021,0.2079,0.0,17.2517,1.455,0.0,2.0785,93.7413,0.6236,0.0,0.4157,5.1963,1.0393,0.2079,0.0,0.6236,0.0,0.4157,0.0,0.0,0.0,MC/DM,Central Mid
5,4,2.99,3.41,30,14,7,1,629,722,30,47,70,20,0,220,4,0,5,958,13,0,6,85,11,10,0,9,0,1,0,1,1,1053,12,869856,Dominik Szoboszlai,dominik-szoboszlai,Liverpool FC,44,Champions League,Midfielder,2025/26,0.4274,0.3419,0.2556,0.2915,2.5641,1.1966,0.5983,0.0855,53.7607,61.7094,2.5641,4.0171,5.9829,1.7094,0.0,18.8034,0.3419,0.0,0.4274,81.8803,1.1111,0.0,0.5128,7.265,0.9402,0.8547,0.0,0.7692,0.0,0.0855,0.0,0.0855,0.0855,MC/AM/DM,Central Mid
1,3,2.09,3.8,21,8,7,3,354,426,32,14,21,4,0,177,20,0,13,592,10,0,2,46,0,9,0,3,0,0,0,1,0,840,11,1019322,Florian Wirtz,florian-wirtz,Liverpool FC,44,Champions League,Midfielder,2025/26,0.1071,0.3214,0.2239,0.4071,2.25,0.8571,0.75,0.3214,37.9286,45.6429,3.4286,1.5,2.25,0.4286,0.0,18.9643,2.1429,0.0,1.3929,63.4286,1.0714,0.0,0.2143,4.9286,0.0,0.9643,0.0,0.3214,0.0,0.0,0.0,0.1071,0.0,AM,Attacking Mid
3,1,6.03,1.72,36,12,3,10,177,226,10,2,2,1,0,90,24,0,11,411,5,0,1,17,5,9,0,14,0,1,0,0,0,838,12,1048422,Hugo Ekitiké,hugo-ekitike,Liverpool FC,44,Champions League,Forward,2025/26,0.3222,0.1074,0.6476,0.1847,3.8663,1.2888,0.3222,1.074,19.0095,24.2721,1.074,0.2148,0.2148,0.1074,0.0,9.6659,2.5776,0.0,1.1814,44.1408,0.537,0.0,0.1074,1.8258,0.537,0.9666,0.0,1.5036,0.0,0.1074,0.0,0.0,0.0,ST,Striker
1,0,0.97,0.2,9,2,0,3,377,428,0,26,52,0,0,57,3,0,3,562,10,0,13,44,49,1,1,21,0,1,0,0,0,871,10,826215,Ibrahima Konaté,ibrahima-konate,Liverpool FC,44,Champions League,Defender,2025/26,0.1033,0.0,0.1002,0.0207,0.93,0.2067,0.0,0.31,38.9552,44.225,0.0,2.6866,5.3731,0.0,0.0,5.8898,0.31,0.0,0.31,58.0712,1.0333,0.0,1.3433,4.5465,5.0631,0.1033,0.1033,2.1699,0.0,0.1033,0.0,0.0,0.0,DC,Centre-Back
0,0,0.17,0.92,2,1,1,1,101,125,3,1,4,7,0,36,3,0,4,235,6,0,3,11,5,0,0,4,0,0,0,0,0,464,9,970361,Jeremie Frimpong,jeremie-frimpong,Liverpool FC,44,Champions League,Defender,2025/26,0.0,0.0,0.033,0.1784,0.3879,0.194,0.194,0.194,19.5905,24.2457,0.5819,0.194,0.7759,1.3578,0.0,6.9828,0.5819,0.0,0.7759,45.5819,1.1638,0.0,0.5819,2.1336,0.9698,0.0,0.0,0.7759,0.0,0.0,0.0,0.0,0.0,MR/DR,Winger
0,0,0.21,0.09,3,0,0,0,140,164,0,4,12,1,0,31,1,0,1,246,0,0,5,19,16,1,0,7,0,1,0,0,0,375,6,318927,Joe Gomez,joe-gomez,Liverpool FC,44,Champions League,Defender,2025/26,0.0,0.0,0.0504,0.0216,0.72,0.0,0.0,0.0,33.6,39.36,0.0,0.96,2.88,0.24,0.0,7.44,0.24,0.0,0.24,59.04,0.0,0.0,1.2,4.56,3.84,0.24,0.0,1.68,0.0,0.24,0.0,0.0,0.0,DC/DR,Centre-Back
0,0,0.77,0.5,6,1,0,1,174,211,8,3,18,3,0,48,1,0,2,356,9,0,9,25,11,2,0,8,0,1,0,0,0,607,9,1097425,Miloš Kerkez,milos-kerkez,Liverpool FC,44,Champions League,Defender,2025/26,0.0,0.0,0.1142,0.0741,0.8896,0.1483,0.0,0.1483,25.799,31.285,1.1862,0.4448,2.6689,0.4448,0.0,7.117,0.1483,0.0,0.2965,52.7842,1.3344,0.0,1.3344,3.7068,1.631,0.2965,0.0,1.1862,0.0,0.1483,0.0,0.0,0.0,DL,Full-Back
3,2,4.91,4.33,26,12,9,9,198,247,25,3,8,12,0,126,12,0,13,409,2,0,7,23,1,6,0,3,0,0,0,0,0,687,10,159665,Mohamed Salah,mohamed-salah,Liverpool FC,44,Champions League,Midfielder,2025/26,0.393,0.262,0.6432,0.5672,3.4061,1.5721,1.179,1.179,25.9389,32.3581,3.2751,0.393,1.048,1.5721,0.0,16.5066,1.5721,0.0,1.7031,53.5808,0.262,0.0,0.917,3.0131,0.131,0.786,0.0,0.393,0.0,0.0,0.0,0.0,0.0,RW,Winger
1,2,0.6,1.21,11,4,2,0,486,548,9,15,30,0,0,128,7,0,6,701,6,0,25,61,7,3,0,7,0,2,0,0,0,961,11,904897,Ryan Gravenberch,ryan-gravenberch,Liverpool FC,44,Champions League,Midfielder,2025/26,0.0937,0.1873,0.0562,0.1133,1.0302,0.3746,0.1873,0.0,45.5151,51.3215,0.8429,1.4048,2.8096,0.0,0.0,11.9875,0.6556,0.0,0.5619,65.6504,0.5619,0.0,2.3413,5.7128,0.6556,0.281,0.0,0.6556,0.0,0.1873,0.0,0.0,0.0,MC/DM,Central Mid
2,3,2.09,0.55,17,4,4,4,683,764,7,56,103,0,0,106,0,0,0,886,4,0,6,43,60,4,0,36,0,2,0,0,1,1080,12,151545,Virgil van Dijk,virgil-van-dijk,Liverpool FC,44,Champions League,Defender,2025/26,0.1667,0.25,0.1742,0.0458,1.4167,0.3333,0.3333,0.3333,56.9167,63.6667,0.5833,4.6667,8.5833,0.0,0.0,8.8333,0.0,0.0,0.0,73.8333,0.3333,0.0,0.5,3.5833,5.0,0.3333,0.0,3.0,0.0,0.1667,0.0,0.0,0.0833,DC,Centre-Back
0,0,0.03,0.22,2,0,0,0,414,433,3,10,17,1,0,101,0,0,2,514,6,0,17,25,12,1,0,3,0,1,0,0,0,515,6,1194333,Abdukodir Khusanov,abdukodir-khusanov,Manchester City,17,Champions League,Defender,2025/26,0.0,0.0,0.0052,0.0384,0.3495,0.0,0.0,0.0,72.3495,75.6699,0.5243,1.7476,2.9709,0.1748,0.0,17.6505,0.0,0.0,0.3495,89.8252,1.0485,0.0,2.9709,4.3689,2.0971,0.1748,0.0,0.5243,0.0,0.1748,0.0,0.0,0.0,DC/DR,Centre-Back
1,0,0.45,1.08,4,2,0,0,349,375,8,13,19,5,0,126,1,0,3,463,9,0,4,18,7,1,0,2,0,3,1,0,1,551,8,331209,Bernardo Silva,bernardo-silva,Manchester City,17,Champions League,Midfielder,2025/26,0.1633,0.0,0.0735,0.1764,0.6534,0.3267,0.0,0.0,57.0054,61.2523,1.3067,2.1234,3.1034,0.8167,0.0,20.5808,0.1633,0.0,0.49,75.6261,1.4701,0.0,0.6534,2.9401,1.1434,0.1633,0.0,0.3267,0.0,0.49,0.1633,0.0,0.1633,MC/DM/RW,Central Mid
8,0,6.82,0.54,35,20,2,8,54,86,4,0,1,0,0,24,1,0,0,154,1,0,0,7,3,2,0,9,0,0,0,1,0,755,10,839956,Erling Haaland,erling-haaland,Manchester City,17,Champions League,Forward,2025/26,0.9536,0.0,0.813,0.0644,4.1722,2.3841,0.2384,0.9536,6.4371,10.2517,0.4768,0.0,0.1192,0.0,0.0,2.8609,0.1192,0.0,0.0,18.3576,0.1192,0.0,0.0,0.8344,0.3576,0.2384,0.0,1.0728,0.0,0.0,0.0,0.1192,0.0,ST,Striker
0,0,0.0,0.33,0,0,1,0,262,274,2,10,12,0,0,60,0,0,1,312,2,0,3,13,10,0,0,7,0,0,0,0,0,343,4,152077,John Stones,john-stones,Manchester City,17,Champions League,Defender,2025/26,0.0,0.0,0.0,0.0866,0.0,0.0,0.2624,0.0,68.7464,71.895,0.5248,2.6239,3.1487,0.0,0.0,15.7434,0.0,0.0,0.2624,81.8659,0.5248,0.0,0.7872,3.4111,2.6239,0.0,0.0,1.8367,0.0,0.0,0.0,0.0,0.0,DC,Centre-Back
0,1,0.22,0.56,5,2,1,0,341,368,2,7,16,0,0,73,3,0,0,445,4,0,9,20,21,2,0,11,0,0,0,0,0,440,5,964994,Joško Gvardiol,josko-gvardiol,Manchester City,17,Champions League,Defender,2025/26,0.0,0.2045,0.045,0.1145,1.0227,0.4091,0.2045,0.0,69.75,75.2727,0.4091,1.4318,3.2727,0.0,0.0,14.9318,0.6136,0.0,0.0,91.0227,0.8182,0.0,1.8409,4.0909,4.2955,0.4091,0.0,2.25,0.0,0.0,0.0,0.0,0.0,DL/DC,Full-Back
1,3,1.04,2.36,11,4,5,1,195,238,16,4,6,2,0,118,39,0,19,447,5,0,3,31,2,7,0,0,0,0,0,0,0,630,9,934386,Jérémy Doku,jeremy-doku,Manchester City,17,Champions League,Midfielder,2025/26,0.1429,0.4286,0.1486,0.3371,1.5714,0.5714,0.7143,0.1429,27.8571,34.0,2.2857,0.5714,0.8571,0.2857,0.0,16.8571,5.5714,0.0,2.7143,63.8571,0.7143,0.0,0.4286,4.4286,0.2857,1.0,0.0,0.0,0.0,0.0,0.0,0.0,0.0,LW,Winger
0,0,0.0,0.12,0,0,0,0,281,306,0,6,10,1,0,79,2,0,3,409,5,0,3,26,15,0,0,5,0,0,0,0,0,434,6,945122,Matheus Nunes,matheus-nunes,Manchester City,17,Champions League,Defender,2025/26,0.0,0.0,0.0,0.0249,0.0,0.0,0.0,0.0,58.2719,63.4562,0.0,1.2442,2.0737,0.2074,0.0,16.3825,0.4147,0.0,0.6221,84.8157,1.0369,0.0,0.6221,5.3917,3.1106,0.0,0.0,1.0369,0.0,0.0,0.0,0.0,0.0,DR,Full-Back
0,0,0.23,0.09,2,2,0,1,164,174,1,5,8,0,0,53,0,0,1,204,4,0,3,9,11,0,0,6,0,0,0,0,0,243,5,149663,Nathan Aké,nathan-ake,Manchester City,17,Champions League,Defender,2025/26,0.0,0.0,0.0852,0.0333,0.7407,0.7407,0.0,0.3704,60.7407,64.4444,0.3704,1.8519,2.963,0.0,0.0,19.6296,0.0,0.0,0.3704,75.5556,1.4815,0.0,1.1111,3.3333,4.0741,0.0,0.0,2.2222,0.0,0.0,0.0,0.0,0.0,DC/DL,Centre-Back
0,0,0.31,0.8,5,0,0,0,366,387,4,10,15,0,0,123,4,0,5,454,10,0,5,30,5,2,0,8,0,1,0,0,1,410,8,954056,Nico González,nico-gonzalez,Manchester City,17,Champions League,Midfielder,2025/26,0.0,0.0,0.068,0.1756,1.0976,0.0,0.0,0.0,80.3415,84.9512,0.878,2.1951,3.2927,0.0,0.0,27.0,0.878,0.0,1.0976,99.6585,2.1951,0.0,1.0976,6.5854,1.0976,0.439,0.0,1.7561,0.0,0.2195,0.0,0.0,0.2195,MC/DM,Central Mid
1,2,1.74,1.08,11,8,2,3,380,414,7,5,12,4,0,122,5,0,12,569,10,0,6,25,13,2,0,10,0,2,0,0,0,671,8,1142703,Nico O'Reilly,nico-o-reilly,Manchester City,17,Champions League,Defender,2025/26,0.1341,0.2683,0.2334,0.1449,1.4754,1.073,0.2683,0.4024,50.9687,55.5291,0.9389,0.6706,1.6095,0.5365,0.0,16.3636,0.6706,0.0,1.6095,76.3189,1.3413,0.0,0.8048,3.3532,1.7437,0.2683,0.0,1.3413,0.0,0.2683,0.0,0.0,0.0,DL/MC,Full-Back
0,0,0.34,0.02,2,2,0,1,30,35,1,0,0,0,0,12,2,0,5,80,1,0,1,7,0,0,0,1,0,0,0,0,0,232,8,873554,Omar Marmoush,omar-marmoush,Manchester City,17,Champions League,Forward,2025/26,0.0,0.0,0.1319,0.0078,0.7759,0.7759,0.0,0.3879,11.6379,13.5776,0.3879,0.0,0.0,0.0,0.0,4.6552,0.7759,0.0,1.9397,31.0345,0.3879,0.0,0.3879,2.7155,0.0,0.0,0.0,0.3879,0.0,0.0,0.0,0.0,0.0,ST/LW,Striker
2,1,1.0,2.75,15,6,3,0,257,289,15,11,14,10,0,103,6,0,12,383,2,0,2,17,1,5,0,0,0,1,0,0,0,508,7,859765,Phil Foden,phil-foden,Manchester City,17,Champions League,Midfielder,2025/26,0.3543,0.1772,0.1772,0.4872,2.6575,1.063,0.5315,0.0,45.5315,51.2008,2.6575,1.9488,2.4803,1.7717,0.0,18.248,1.063,0.0,2.126,67.8543,0.3543,0.0,0.3543,3.0118,0.1772,0.8858,0.0,0.0,0.0,0.1772,0.0,0.0,0.0,AM/RW,Attacking Mid
0,0,0.2,0.54,3,2,1,1,228,240,6,3,4,3,0,92,13,0,1,334,4,0,1,17,4,0,0,2,0,1,0,0,0,344,6,931278,Rayan Aït-Nouri,rayan-ait-nouri,Manchester City,17,Champions League,Defender,2025/26,0.0,0.0,0.0523,0.1413,0.7849,0.5233,0.2616,0.2616,59.6512,62.7907,1.5698,0.7849,1.0465,0.7849,0.0,24.0698,3.4012,0.0,0.2616,87.3837,1.0465,0.0,0.2616,4.4477,1.0465,0.0,0.0,0.5233,0.0,0.2616,0.0,0.0,0.0,DL/ML,Full-Back
3,0,1.08,1.68,15,9,2,0,250,299,7,8,11,4,0,124,10,0,2,391,5,0,2,24,0,4,0,0,0,1,0,0,0,399,8,979128,Rayan Cherki,cherki-rayan,Manchester City,17,Champions League,Midfielder,2025/26,0.6767,0.0,0.2436,0.3789,3.3835,2.0301,0.4511,0.0,56.391,67.4436,1.5789,1.8045,2.4812,0.9023,0.0,27.9699,2.2556,0.0,0.4511,88.1955,1.1278,0.0,0.4511,5.4135,0.0,0.9023,0.0,0.0,0.0,0.2256,0.0,0.0,0.0,AM/RW,Attacking Mid
0,1,0.17,0.59,2,0,1,1,108,123,3,3,6,2,0,37,4,0,2,149,2,0,1,6,2,1,0,0,0,0,0,0,0,218,4,1136731,Rico Lewis,rico-lewis,Manchester City,17,Champions League,Defender,2025/26,0.0,0.4128,0.0702,0.2436,0.8257,0.0,0.4128,0.4128,44.5872,50.7798,1.2385,1.2385,2.4771,0.8257,0.0,15.2752,1.6514,0.0,0.8257,61.5138,0.8257,0.0,0.4128,2.4771,0.8257,0.4128,0.0,0.0,0.0,0.0,0.0,0.0,0.0,DR/DM,Full-Back
0,0,0.39,0.64,8,2,0,0,378,415,7,23,37,1,0,134,6,0,5,473,5,0,4,21,4,0,0,6,0,1,1,0,0,347,5,827606,Rodri,rodri,Manchester City,17,Champions League,Midfielder,2025/26,0.0,0.0,0.1012,0.166,2.0749,0.5187,0.0,0.0,98.0403,107.6369,1.8156,5.9654,9.5965,0.2594,0.0,34.755,1.5562,0.0,1.2968,122.6801,1.2968,0.0,1.0375,5.4467,1.0375,0.0,0.0,1.5562,0.0,0.2594,0.2594,0.0,0.0,DM/MC,Central Mid
0,0,0.28,0.17,3,0,0,0,454,478,0,8,14,0,0,64,2,0,0,531,3,0,3,11,19,1,0,11,0,1,0,0,0,506,7,318941,Rúben Dias,ruben-dias,Manchester City,17,Champions League,Defender,2025/26,0.0,0.0,0.0498,0.0302,0.5336,0.0,0.0,0.0,80.751,85.0198,0.0,1.4229,2.4901,0.0,0.0,11.3834,0.3557,0.0,0.0,94.4466,0.5336,0.0,0.5336,1.9565,3.3794,0.1779,0.0,1.9565,0.0,0.1779,0.0,0.0,0.0,DC,Centre-Back
0,1,0.56,1.22,6,2,3,2,153,190,9,1,3,1,0,94,16,0,6,285,1,0,1,22,0,2,0,0,0,2,0,0,0,369,7,1046795,Sávio,savio,Manchester City,17,Champions League,Midfielder,2025/26,0.0,0.2439,0.1366,0.2976,1.4634,0.4878,0.7317,0.4878,37.3171,46.3415,2.1951,0.2439,0.7317,0.2439,0.0,22.9268,3.9024,0.0,1.4634,69.5122,0.2439,0.0,0.2439,5.3659,0.0,0.4878,0.0,0.0,0.0,0.4878,0.0,0.0,0.0,LW/RW,Winger
0,3,1.52,0.9,20,6,1,1,294,326,12,5,9,5,0,143,7,0,10,433,1,0,1,19,4,6,0,3,0,0,0,0,0,579,10,893549,Tijjani Reijnders,tijjani-reijnders,Manchester City,17,Champions League,Midfielder,2025/26,0.0,0.4663,0.2363,0.1399,3.1088,0.9326,0.1554,0.1554,45.6995,50.6736,1.8653,0.7772,1.399,0.7772,0.0,22.228,1.0881,0.0,1.5544,67.3057,0.1554,0.0,0.1554,2.9534,0.6218,0.9326,0.0,0.4663,0.0,0.0,0.0,0.0,0.0,MC/DM/AM,Central Mid
2,0,1.64,1.13,11,5,5,0,106,143,9,0,3,7,0,52,6,0,8,246,3,0,0,16,3,3,0,2,0,1,0,1,0,481,10,979232,Anthony Elanga,anthony-elanga,Newcastle United,39,Champions League,Forward,2025/26,0.3742,0.0,0.3069,0.2114,2.0582,0.9356,0.9356,0.0,19.8337,26.7568,1.684,0.0,0.5613,1.3098,0.0,9.7297,1.1227,0.0,1.4969,46.0291,0.5613,0.0,0.0,2.9938,0.5613,0.5613,0.0,0.3742,0.0,0.1871,0.0,0.1871,0.0,RW,Winger
10,2,8.55,1.08,26,14,3,4,166,211,11,8,12,2,0,69,15,0,9,371,4,0,3,27,3,6,0,0,0,1,0,1,0,770,12,914902,Anthony Gordon,anthony-gordon,Newcastle United,39,Champions League,Forward,2025/26,1.1688,0.2338,0.9994,0.1262,3.039,1.6364,0.3506,0.4675,19.4026,24.6623,1.2857,0.9351,1.4026,0.2338,0.0,8.0649,1.7532,0.0,1.0519,43.3636,0.4675,0.0,0.3506,3.1558,0.3506,0.7013,0.0,0.0,0.0,0.1169,0.0,0.1169,0.0,LW,Winger
0,0,0.35,0.86,3,2,0,1,222,273,11,11,28,3,0,73,5,0,8,361,4,0,10,34,2,1,0,2,0,1,0,0,0,542,7,866469,Bruno Guimarães,bruno-guimaraes,Newcastle United,39,Champions League,Midfielder,2025/26,0.0,0.0,0.0581,0.1428,0.4982,0.3321,0.0,0.1661,36.8635,45.3321,1.8266,1.8266,4.6494,0.4982,0.0,12.1218,0.8303,0.0,1.3284,59.9446,0.6642,0.0,1.6605,5.6458,0.3321,0.1661,0.0,0.3321,0.0,0.1661,0.0,0.0,0.0,MC/DM,Central Mid
1,2,0.82,0.71,11,8,3,2,424,496,5,14,31,0,0,43,2,0,6,663,7,0,10,41,54,2,0,37,0,2,0,0,1,965,11,99090,Dan Burn,dan-burn,Newcastle United,39,Champions League,Defender,2025/26,0.0933,0.1865,0.0765,0.0662,1.0259,0.7461,0.2798,0.1865,39.544,46.2591,0.4663,1.3057,2.8912,0.0,0.0,4.0104,0.1865,0.0,0.5596,61.8342,0.6528,0.0,0.9326,3.8238,5.0363,0.1865,0.0,3.4508,0.0,0.1865,0.0,0.0,0.0933,DC/DL,Centre-Back
6,4,4.14,2.56,29,19,7,4,174,210,11,3,6,3,0,93,7,0,7,349,4,0,1,25,0,6,0,3,0,0,0,0,0,808,12,855647,Harvey Barnes,harvey-barnes,Newcastle United,39,Champions League,Forward,2025/26,0.6683,0.4455,0.4611,0.2851,3.2302,2.1163,0.7797,0.4455,19.3812,23.3911,1.2252,0.3342,0.6683,0.3342,0.0,10.3589,0.7797,0.0,0.7797,38.8738,0.4455,0.0,0.1114,2.7847,0.0,0.6683,0.0,0.3342,0.0,0.0,0.0,0.0,0.0,LW,Winger
1,3,0.81,1.47,10,3,4,1,87,117,8,2,7,4,0,31,7,0,7,219,2,0,1,18,6,2,0,1,0,0,0,0,0,369,9,372336,Jacob Murphy,jacob-murphy,Newcastle United,39,Champions League,Midfielder,2025/26,0.2439,0.7317,0.1976,0.3585,2.439,0.7317,0.9756,0.2439,21.2195,28.5366,1.9512,0.4878,1.7073,0.9756,0.0,7.561,1.7073,0.0,1.7073,53.4146,0.4878,0.0,0.2439,4.3902,1.4634,0.4878,0.0,0.2439,0.0,0.0,0.0,0.0,0.0,RW,Winger
0,0,0.29,0.31,5,1,0,0,143,161,2,6,7,0,0,36,3,0,5,229,8,0,7,18,1,4,1,4,0,0,0,0,0,405,9,975937,Jacob Ramsey,jacob-ramsey,Newcastle United,39,Champions League,Midfielder,2025/26,0.0,0.0,0.0644,0.0689,1.1111,0.2222,0.0,0.0,31.7778,35.7778,0.4444,1.3333,1.5556,0.0,0.0,8.0,0.6667,0.0,1.1111,50.8889,1.7778,0.0,1.5556,4.0,0.2222,0.8889,0.2222,0.8889,0.0,0.0,0.0,0.0,0.0,LW/MC,Winger
1,0,1.34,0.33,10,3,1,1,106,123,6,6,7,1,0,41,7,0,1,200,6,0,5,16,1,4,0,3,0,3,0,0,0,317,9,888550,Joe Willock,joe-willock,Newcastle United,39,Champions League,Midfielder,2025/26,0.2839,0.0,0.3804,0.0937,2.8391,0.8517,0.2839,0.2839,30.0946,34.9211,1.7035,1.7035,1.9874,0.2839,0.0,11.6404,1.9874,0.0,0.2839,56.7823,1.7035,0.0,1.4196,4.5426,0.2839,1.1356,0.0,0.8517,0.0,0.8517,0.0,0.0,0.0,MC,Central Mid
2,1,1.61,0.63,9,4,1,1,210,246,4,9,13,0,0,48,3,0,8,342,8,0,8,43,7,1,0,16,0,3,0,0,0,591,10,560128,Joelinton,joelinton,Newcastle United,39,Champions League,Midfielder,2025/26,0.3046,0.1523,0.2452,0.0959,1.3706,0.6091,0.1523,0.1523,31.9797,37.4619,0.6091,1.3706,1.9797,0.0,0.0,7.3096,0.4569,0.0,1.2183,52.0812,1.2183,0.0,1.2183,6.5482,1.066,0.1523,0.0,2.4365,0.0,0.4569,0.0,0.0,0.0,MC,Central Mid
0,3,0.0,1.52,0,0,3,0,337,426,13,26,51,14,0,95,1,0,2,602,15,0,6,36,23,0,0,3,0,1,0,0,1,669,9,69256,Kieran Trippier,kieran-trippier,Newcastle United,39,Champions League,Defender,2025/26,0.0,0.4036,0.0,0.2045,0.0,0.0,0.4036,0.0,45.3363,57.3094,1.7489,3.4978,6.861,1.8834,0.0,12.7803,0.1345,0.0,0.2691,80.9865,2.0179,0.0,0.8072,4.843,3.0942,0.0,0.0,0.4036,0.0,0.1345,0.0,0.0,0.1345,DR,Full-Back
0,1,0.06,0.93,2,1,2,0,251,303,10,10,26,2,0,67,12,0,13,489,8,0,12,46,5,0,1,2,0,0,0,0,0,648,10,1136730,Lewis Hall,lewis-hall,Newcastle United,39,Champions League,Defender,2025/26,0.0,0.1389,0.0083,0.1292,0.2778,0.1389,0.2778,0.0,34.8611,42.0833,1.3889,1.3889,3.6111,0.2778,0.0,9.3056,1.6667,0.0,1.8056,67.9167,1.1111,0.0,1.6667,6.3889,0.6944,0.0,0.1389,0.2778,0.0,0.0,0.0,0.0,0.0,DL,Full-Back
1,0,0.94,0.1,4,1,0,1,145,165,2,5,8,1,0,30,1,0,3,215,7,0,4,22,5,1,0,3,0,0,0,0,1,341,7,1400650,Lewis Miley,lewis-miley,Newcastle United,39,Champions League,Midfielder,2025/26,0.2639,0.0,0.2481,0.0264,1.0557,0.2639,0.0,0.2639,38.2698,43.5484,0.5279,1.3196,2.1114,0.2639,0.0,7.9179,0.2639,0.0,0.7918,56.7449,1.8475,0.0,1.0557,5.8065,1.3196,0.2639,0.0,0.7918,0.0,0.0,0.0,0.0,0.2639,MC,Central Mid
1,0,0.62,0.27,7,3,0,1,462,513,4,24,38,1,0,48,2,0,1,626,5,0,10,55,39,1,1,28,0,3,0,0,1,927,11,1014286,Malick Thiaw,malick-thiaw,Newcastle United,39,Champions League,Defender,2025/26,0.0971,0.0,0.0602,0.0262,0.6796,0.2913,0.0,0.0971,44.8544,49.8058,0.3883,2.3301,3.6893,0.0971,0.0,4.6602,0.1942,0.0,0.0971,60.7767,0.4854,0.0,0.9709,5.3398,3.7864,0.0971,0.0971,2.7184,0.0,0.2913,0.0,0.0,0.0971,DC,Centre-Back
1,0,1.43,0.76,12,2,1,2,125,163,9,9,9,0,0,44,5,0,18,264,2,0,2,16,9,5,0,12,0,0,0,1,0,653,10,980623,Nick Woltemade,nick-woltemade,Newcastle United,39,Champions League,Forward,2025/26,0.1378,0.0,0.1971,0.1047,1.6539,0.2757,0.1378,0.2757,17.2282,22.4655,1.2404,1.2404,1.2404,0.0,0.0,6.0643,0.6891,0.0,2.4809,36.3859,0.2757,0.0,0.2757,2.2052,1.2404,0.6891,0.0,1.6539,0.0,0.0,0.0,0.1378,0.0,ST,Striker
1,1,1.13,2.01,13,6,3,1,482,577,17,22,49,12,0,121,1,0,10,758,10,0,14,57,12,4,0,5,0,2,0,0,0,955,11,892673,Sandro Tonali,sandro-tonali,Newcastle United,39,Champions League,Midfielder,2025/26,0.0942,0.0942,0.1065,0.1894,1.2251,0.5654,0.2827,0.0942,45.4241,54.377,1.6021,2.0733,4.6178,1.1309,0.0,11.4031,0.0942,0.0,0.9424,71.4346,0.9424,0.0,1.3194,5.3717,1.1309,0.377,0.0,0.4712,0.0,0.1885,0.0,0.0,0.0,MC/DM,Central Mid
1,0,0.42,0.06,6,4,0,0,328,360,1,14,26,0,0,14,0,0,1,429,3,0,5,28,25,1,0,8,0,0,0,0,0,544,8,910046,Sven Botman,sven-botman,Newcastle United,39,Champions League,Defender,2025/26,0.1654,0.0,0.0695,0.0099,0.9926,0.6618,0.0,0.0,54.2647,59.5588,0.1654,2.3162,4.3015,0.0,0.0,2.3162,0.0,0.0,0.1654,70.9743,0.4963,0.0,0.8272,4.6324,4.136,0.1654,0.0,1.3235,0.0,0.0,0.0,0.0,0.0,DC,Centre-Back
0,0,0.02,0.32,1,0,0,0,98,119,1,4,10,2,0,34,2,0,5,194,0,0,2,17,10,1,0,4,0,0,0,0,0,308,5,980634,Tino Livramento,tino-livramento,Newcastle United,39,Champions League,Defender,2025/26,0.0,0.0,0.0058,0.0935,0.2922,0.0,0.0,0.0,28.6364,34.7727,0.2922,1.1688,2.9221,0.5844,0.0,9.9351,0.5844,0.0,1.461,56.6883,0.0,0.0,0.5844,4.9675,2.9221,0.2922,0.0,1.1688,0.0,0.0,0.0,0.0,0.0,DR/DL,Full-Back
0,1,0.89,0.41,6,2,1,2,13,16,2,0,0,0,0,4,3,0,5,53,2,0,1,1,1,2,0,3,0,0,0,0,0,196,6,1122603,William Osula,william-osula,Newcastle United,39,Champions League,Forward,2025/26,0.0,0.4592,0.4087,0.1883,2.7551,0.9184,0.4592,0.9184,5.9694,7.3469,0.9184,0.0,0.0,0.0,0.0,1.8367,1.3776,0.0,2.2959,24.3367,0.9184,0.0,0.4592,0.4592,0.4592,0.9184,0.0,1.3776,0.0,0.0,0.0,0.0,0.0,ST,Striker
2,1,3.9,0.45,25,10,0,7,105,148,11,4,5,0,0,39,2,0,6,240,3,0,0,11,8,9,0,20,0,1,0,0,0,723,10,919793,Ayoub El Kaabi,ayoub-el-kaabi,Olympiacos FC,3245,Champions League,Forward,2025/26,0.249,0.1245,0.4855,0.056,3.112,1.2448,0.0,0.8714,13.0705,18.4232,1.3693,0.4979,0.6224,0.0,0.0,4.8548,0.249,0.0,0.7469,29.8755,0.3734,0.0,0.0,1.3693,0.9959,1.1203,0.0,2.4896,0.0,0.1245,0.0,0.0,0.0,ST,Striker
1,2,0.87,1.14,16,6,1,0,141,174,16,5,8,13,0,73,7,0,7,286,4,0,4,26,0,4,0,3,0,0,0,0,0,563,10,584124,Chiquinho,chiquinho,Olympiacos FC,3245,Champions League,Midfielder,2025/26,0.1599,0.3197,0.1391,0.1822,2.5577,0.9591,0.1599,0.0,22.54,27.8153,2.5577,0.7993,1.2789,2.0782,0.0,11.6696,1.119,0.0,1.119,45.7194,0.6394,0.0,0.6394,4.1563,0.0,0.6394,0.0,0.4796,0.0,0.0,0.0,0.0,0.0,AM,Attacking Mid
0,0,0.24,1.06,8,0,2,0,285,353,13,18,29,5,0,85,7,0,3,450,4,0,9,54,4,4,0,2,0,0,0,0,1,684,10,1416540,Christos Mouzakitis,christos-mouzakitis,Olympiacos FC,3245,Champions League,Midfielder,2025/26,0.0,0.0,0.0316,0.1395,1.0526,0.0,0.2632,0.0,37.5,46.4474,1.7105,2.3684,3.8158,0.6579,0.0,11.1842,0.9211,0.0,0.3947,59.2105,0.5263,0.0,1.1842,7.1053,0.5263,0.5263,0.0,0.2632,0.0,0.0,0.0,0.0,0.1316,MC/DM,Central Mid
1,0,0.89,0.15,6,2,1,0,105,137,2,4,15,2,0,41,4,0,2,291,9,0,8,29,25,3,0,8,0,1,0,0,0,417,7,988333,Costinha,costinha,Olympiacos FC,3245,Champions League,Defender,2025/26,0.2158,0.0,0.1921,0.0324,1.295,0.4317,0.2158,0.0,22.6619,29.5683,0.4317,0.8633,3.2374,0.4317,0.0,8.8489,0.8633,0.0,0.4317,62.8058,1.9424,0.0,1.7266,6.259,5.3957,0.6475,0.0,1.7266,0.0,0.2158,0.0,0.0,0.0,DR/MR,Full-Back
0,0,0.13,0.21,3,0,1,0,143,168,1,12,18,1,0,52,0,0,0,211,6,0,9,14,6,3,0,3,0,2,0,0,0,433,8,298920,Dani García,dani-garcia,Olympiacos FC,3245,Champions League,Midfielder,2025/26,0.0,0.0,0.027,0.0436,0.6236,0.0,0.2079,0.0,29.7229,34.9192,0.2079,2.4942,3.7413,0.2079,0.0,10.8083,0.0,0.0,0.0,43.8568,1.2471,0.0,1.8707,2.9099,1.2471,0.6236,0.0,0.6236,0.0,0.4157,0.0,0.0,0.0,MC/DM,Central Mid
0,0,0.48,1.42,9,4,1,2,114,183,11,5,17,4,0,58,16,0,12,307,5,0,6,21,0,3,0,1,0,1,0,0,0,548,8,308764,Daniel Podence,daniel-podence,Olympiacos FC,3245,Champions League,Midfielder,2025/26,0.0,0.0,0.0788,0.2332,1.4781,0.6569,0.1642,0.3285,18.7226,30.0547,1.8066,0.8212,2.792,0.6569,0.0,9.5255,2.6277,0.0,1.9708,50.4197,0.8212,0.0,0.9854,3.4489,0.0,0.4927,0.0,0.1642,0.0,0.1642,0.0,0.0,0.0,LW,Winger
0,0,0.05,0.39,2,0,0,0,308,382,3,5,32,8,0,81,7,0,7,604,8,0,8,41,33,0,0,9,0,1,0,0,0,855,10,913647,Francisco Ortega,francisco-ortega,Olympiacos FC,3245,Champions League,Defender,2025/26,0.0,0.0,0.0053,0.0411,0.2105,0.0,0.0,0.0,32.4211,40.2105,0.3158,0.5263,3.3684,0.8421,0.0,8.5263,0.7368,0.0,0.7368,63.5789,0.8421,0.0,0.8421,4.3158,3.4737,0.0,0.0,0.9474,0.0,0.1053,0.0,0.0,0.0,DL,Full-Back
3,0,0.97,0.63,22,6,1,1,188,226,4,3,5,3,0,91,18,0,19,421,3,0,0,47,2,6,0,6,0,0,0,0,0,723,9,364618,Gelson Martins,gelson-martins,Olympiacos FC,3245,Champions League,Midfielder,2025/26,0.3734,0.0,0.1207,0.0784,2.7386,0.7469,0.1245,0.1245,23.4025,28.1328,0.4979,0.3734,0.6224,0.3734,0.0,11.3278,2.2407,0.0,2.3651,52.4066,0.3734,0.0,0.0,5.8506,0.249,0.7469,0.0,0.7469,0.0,0.0,0.0,0.0,0.0,RW/LW,Winger
0,0,0.26,0.31,2,0,0,1,100,142,1,17,45,0,0,23,0,0,0,183,5,0,2,11,9,0,0,10,0,1,0,0,0,265,7,965331,Giulian Biancone,giulian-biancone,Olympiacos FC,3245,Champions League,Defender,2025/26,0.0,0.0,0.0883,0.1053,0.6792,0.0,0.0,0.3396,33.9623,48.2264,0.3396,5.7736,15.283,0.0,0.0,7.8113,0.0,0.0,0.0,62.1509,1.6981,0.0,0.6792,3.7358,3.0566,0.0,0.0,3.3962,0.0,0.3396,0.0,0.0,0.0,DC,Centre-Back
0,0,0.12,0.12,2,0,0,0,306,359,3,22,46,0,0,23,0,0,1,454,6,0,18,25,38,0,0,21,0,2,0,0,0,735,10,965014,Lorenzo Pirola,lorenzo-pirola,Olympiacos FC,3245,Champions League,Defender,2025/26,0.0,0.0,0.0147,0.0147,0.2449,0.0,0.0,0.0,37.4694,43.9592,0.3673,2.6939,5.6327,0.0,0.0,2.8163,0.0,0.0,0.1224,55.5918,0.7347,0.0,2.2041,3.0612,4.6531,0.0,0.0,2.5714,0.0,0.2449,0.0,0.0,0.0,DC,Centre-Back
2,2,1.87,0.75,11,3,2,1,89,126,9,5,8,0,0,46,3,0,7,208,4,0,3,14,3,2,0,19,0,2,0,0,0,485,10,812533,Mehdi Taremi,mehdi-taremi,Olympiacos FC,3245,Champions League,Forward,2025/26,0.3711,0.3711,0.347,0.1392,2.0412,0.5567,0.3711,0.1856,16.5155,23.3814,1.6701,0.9278,1.4845,0.0,0.0,8.5361,0.5567,0.0,1.299,38.5979,0.7423,0.0,0.5567,2.5979,0.5567,0.3711,0.0,3.5258,0.0,0.3711,0.0,0.0,0.0,ST,Striker
0,0,0.21,0.38,4,2,0,0,326,369,0,16,36,0,0,45,4,0,3,486,11,0,9,49,43,1,0,11,0,1,0,0,0,806,9,828971,Panagiotis Retsos,panagiotis-retsos,Olympiacos FC,3245,Champions League,Defender,2025/26,0.0,0.0,0.0234,0.0424,0.4467,0.2233,0.0,0.0,36.402,41.2035,0.0,1.7866,4.0199,0.0,0.0,5.0248,0.4467,0.0,0.335,54.268,1.2283,0.0,1.005,5.4715,4.8015,0.1117,0.0,1.2283,0.0,0.1117,0.0,0.0,0.0,DC,Centre-Back
0,2,0.04,1.53,1,0,3,0,236,300,9,21,37,10,0,101,8,0,3,526,6,0,7,43,16,1,0,8,0,0,0,0,0,671,8,244039,Rodinei,rodinei,Olympiacos FC,3245,Champions League,Defender,2025/26,0.0,0.2683,0.0054,0.2052,0.1341,0.0,0.4024,0.0,31.6542,40.2385,1.2072,2.8167,4.9627,1.3413,0.0,13.5469,1.073,0.0,0.4024,70.5514,0.8048,0.0,0.9389,5.7675,2.1461,0.1341,0.0,1.073,0.0,0.0,0.0,0.0,0.0,DR/RW,Full-Back
1,1,0.12,0.52,3,1,1,0,255,316,8,13,24,1,0,83,3,0,6,434,13,0,19,48,8,1,0,8,0,2,1,0,0,699,9,989886,Santiago Hezze,santiago-hezze,Olympiacos FC,3245,Champions League,Midfielder,2025/26,0.1288,0.1288,0.0155,0.067,0.3863,0.1288,0.1288,0.0,32.8326,40.6867,1.03,1.6738,3.0901,0.1288,0.0,10.6867,0.3863,0.0,0.7725,55.8798,1.6738,0.0,2.4464,6.1803,1.03,0.1288,0.0,1.03,0.0,0.2575,0.1288,0.0,0.0,MC/DM,Central Mid
0,0,0.09,0.12,3,1,0,0,45,53,3,0,0,2,0,16,1,0,6,90,0,0,0,2,1,0,0,1,0,1,0,0,0,165,3,859026,Amine Gouiri,amine-gouiri,Olympique de Marseille,1641,Champions League,Forward,2025/26,0.0,0.0,0.0491,0.0655,1.6364,0.5455,0.0,0.0,24.5455,28.9091,1.6364,0.0,0.0,1.0909,0.0,8.7273,0.5455,0.0,3.2727,49.0909,0.0,0.0,0.0,1.0909,0.5455,0.0,0.0,0.5455,0.0,0.5455,0.0,0.0,0.0,ST,Striker
0,0,0.05,0.29,2,1,0,0,153,179,7,5,8,1,0,43,2,0,6,278,3,0,3,12,9,0,0,5,0,1,0,0,0,388,7,839493,Amir Murillo,amir-murillo,Olympique de Marseille,1641,Champions League,Defender,2025/26,0.0,0.0,0.0116,0.0673,0.4639,0.232,0.0,0.0,35.4897,41.5206,1.6237,1.1598,1.8557,0.232,0.0,9.9742,0.4639,0.0,1.3918,64.4845,0.6959,0.0,0.6959,2.7835,2.0876,0.0,0.0,1.1598,0.0,0.232,0.0,0.0,0.0,DR/DC,Full-Back
0,1,0.05,0.18,1,0,0,0,261,276,2,2,3,0,0,48,2,0,2,308,2,0,6,21,2,1,0,3,0,1,0,0,0,330,5,1149127,Arthur Vermeeren,arthur-vermeeren,Olympique de Marseille,1641,Champions League,Midfielder,2025/26,0.0,0.2727,0.0136,0.0491,0.2727,0.0,0.0,0.0,71.1818,75.2727,0.5455,0.5455,0.8182,0.0,0.0,13.0909,0.5455,0.0,0.5455,84.0,0.5455,0.0,1.6364,5.7273,0.5455,0.2727,0.0,0.8182,0.0,0.2727,0.0,0.0,0.0,MC/DM,Central Mid
0,0,0.27,0.2,2,0,0,0,241,268,2,9,18,2,0,37,0,0,0,351,5,0,4,24,27,0,0,14,0,3,0,0,0,538,6,787505,Benjamin Pavard,benjamin-pavard,Olympique de Marseille,1641,Champions League,Defender,2025/26,0.0,0.0,0.0452,0.0335,0.3346,0.0,0.0,0.0,40.316,44.8327,0.3346,1.5056,3.0112,0.3346,0.0,6.1896,0.0,0.0,0.0,58.7175,0.8364,0.0,0.6691,4.0149,4.5167,0.0,0.0,2.342,0.0,0.5019,0.0,0.0,0.0,DC/DR,Centre-Back
0,0,0.0,0.2,0,0,1,0,165,191,3,2,9,1,0,39,2,0,3,288,6,0,5,16,17,0,0,7,0,1,1,0,0,395,5,155997,Emerson,emerson,Olympique de Marseille,1641,Champions League,Defender,2025/26,0.0,0.0,0.0,0.0456,0.0,0.0,0.2278,0.0,37.5949,43.519,0.6835,0.4557,2.0506,0.2278,0.0,8.8861,0.4557,0.0,0.6835,65.6203,1.3671,0.0,1.1392,3.6456,3.8734,0.0,0.0,1.5949,0.0,0.2278,0.2278,0.0,0.0,DL,Full-Back
0,0,0.0,0.17,0,0,1,0,236,253,3,5,10,1,0,28,0,0,0,297,5,0,2,18,6,0,0,2,0,1,0,0,1,306,4,860307,Facundo Medina,facundo-medina,Olympique de Marseille,1641,Champions League,Defender,2025/26,0.0,0.0,0.0,0.05,0.0,0.0,0.2941,0.0,69.4118,74.4118,0.8824,1.4706,2.9412,0.2941,0.0,8.2353,0.0,0.0,0.0,87.3529,1.4706,0.0,0.5882,5.2941,1.7647,0.0,0.0,0.5882,0.0,0.2941,0.0,0.0,0.2941,DC/DL,Centre-Back
0,0,0.09,0.09,3,2,0,0,123,143,2,4,9,0,0,20,2,0,2,173,1,0,4,13,7,1,0,2,0,0,0,0,1,223,4,96544,Geoffrey Kondogbia,geoffrey-kondogbia,Olympique de Marseille,1641,Champions League,Midfielder,2025/26,0.0,0.0,0.0363,0.0363,1.2108,0.8072,0.0,0.0,49.6413,57.713,0.8072,1.6143,3.6323,0.0,0.0,8.0717,0.8072,0.0,0.8072,69.8206,0.4036,0.0,1.6143,5.2466,2.8251,0.4036,0.0,0.8072,0.0,0.0,0.0,0.0,0.4036,MC/DM/DC,Central Mid
4,1,1.24,0.25,15,7,1,0,113,144,7,1,3,0,0,42,2,0,7,234,2,0,1,16,7,0,0,7,0,0,0,0,0,471,8,981815,Igor Paixão,igor-paixao,Olympique de Marseille,1641,Champions League,Midfielder,2025/26,0.7643,0.1911,0.2369,0.0478,2.8662,1.3376,0.1911,0.0,21.5924,27.5159,1.3376,0.1911,0.5732,0.0,0.0,8.0255,0.3822,0.0,1.3376,44.7134,0.3822,0.0,0.1911,3.0573,1.3376,0.0,0.0,1.3376,0.0,0.0,0.0,0.0,0.0,LW,Winger
0,0,0.09,0.1,2,0,0,1,317,354,1,13,28,2,0,31,3,0,2,438,7,0,13,34,25,0,0,7,0,2,0,0,0,495,6,928236,Leonardo Balerdi,leonardo-balerdi,Olympique de Marseille,1641,Champions League,Defender,2025/26,0.0,0.0,0.0164,0.0182,0.3636,0.0,0.0,0.1818,57.6364,64.3636,0.1818,2.3636,5.0909,0.3636,0.0,5.6364,0.5455,0.0,0.3636,79.6364,1.2727,0.0,2.3636,6.1818,4.5455,0.0,0.0,1.2727,0.0,0.3636,0.0,0.0,0.0,DC,Centre-Back
3,1,2.11,1.94,34,16,3,1,249,298,15,7,20,7,0,94,12,0,8,459,7,0,1,16,3,11,0,0,0,1,0,0,0,671,8,942116,Mason Greenwood,mason-greenwood,Olympique de Marseille,1641,Champions League,Midfielder,2025/26,0.4024,0.1341,0.283,0.2602,4.5604,2.1461,0.4024,0.1341,33.3979,39.9702,2.0119,0.9389,2.6826,0.9389,0.0,12.608,1.6095,0.0,1.073,61.5648,0.9389,0.0,0.1341,2.1461,0.4024,1.4754,0.0,0.0,0.0,0.1341,0.0,0.0,0.0,RW/AM,Winger
0,1,0.17,0.39,3,0,1,0,157,180,7,8,14,1,0,37,1,0,3,231,4,0,2,16,4,2,0,1,0,1,0,0,0,369,7,891829,Matt O'Riley,matt-oriley,Olympique de Marseille,1641,Champions League,Midfielder,2025/26,0.0,0.2439,0.0415,0.0951,0.7317,0.0,0.2439,0.0,38.2927,43.9024,1.7073,1.9512,3.4146,0.2439,0.0,9.0244,0.2439,0.0,0.7317,56.3415,0.9756,0.0,0.4878,3.9024,0.9756,0.4878,0.0,0.2439,0.0,0.2439,0.0,0.0,0.0,MC,Central Mid
0,0,0.02,0.05,1,0,0,0,315,349,0,7,24,0,0,14,0,0,0,412,6,0,15,26,16,1,0,9,0,2,0,0,0,450,5,877102,Nayef Aguerd,nayef-aguerd,Olympique de Marseille,1641,Champions League,Defender,2025/26,0.0,0.0,0.004,0.01,0.2,0.0,0.0,0.0,63.0,69.8,0.0,1.4,4.8,0.0,0.0,2.8,0.0,0.0,0.0,82.4,1.2,0.0,3.0,5.2,3.2,0.2,0.0,1.8,0.0,0.4,0.0,0.0,0.0,DC,Centre-Back
3,4,3.08,0.88,22,10,1,5,97,144,8,5,6,0,0,30,6,0,5,225,1,0,4,13,4,5,0,7,0,0,0,0,0,589,8,51498,Pierre-Emerick Aubameyang,pierre-emerick-aubameyang,Olympique de Marseille,1641,Champions League,Forward,2025/26,0.4584,0.6112,0.4706,0.1345,3.3616,1.528,0.1528,0.764,14.8217,22.0034,1.2224,0.764,0.9168,0.0,0.0,4.584,0.9168,0.0,0.764,34.3803,0.1528,0.0,0.6112,1.9864,0.6112,0.764,0.0,1.0696,0.0,0.0,0.0,0.0,0.0,ST,Striker
0,0,0.72,0.59,6,1,1,0,537,592,15,20,37,1,0,136,1,0,5,679,13,0,4,57,8,2,0,7,0,1,0,0,0,658,8,149593,Pierre-Emile Højbjerg,pierre-emile-hjbjerg,Olympique de Marseille,1641,Champions League,Midfielder,2025/26,0.0,0.0,0.0985,0.0807,0.8207,0.1368,0.1368,0.0,73.4498,80.9726,2.0517,2.7356,5.0608,0.1368,0.0,18.6018,0.1368,0.0,0.6839,92.8723,1.7781,0.0,0.5471,7.7964,1.0942,0.2736,0.0,0.9574,0.0,0.1368,0.0,0.0,0.0,MC/DM,Central Mid
1,1,0.43,0.37,11,4,1,0,182,215,7,3,7,3,0,57,5,0,3,333,4,0,2,17,11,2,0,4,0,1,0,0,0,505,7,855810,Timothy Weah,tim-weah,Olympique de Marseille,1641,Champions League,Midfielder,2025/26,0.1782,0.1782,0.0766,0.0659,1.9604,0.7129,0.1782,0.0,32.4356,38.3168,1.2475,0.5347,1.2475,0.5347,0.0,10.1584,0.8911,0.0,0.5347,59.3465,0.7129,0.0,0.3564,3.0297,1.9604,0.3564,0.0,0.7129,0.0,0.1782,0.0,0.0,0.0,DR/MR/RW,Full-Back
0,0,0.03,0.88,1,0,2,0,195,234,2,5,18,2,0,51,4,0,5,339,12,0,3,26,7,1,0,3,0,0,0,0,0,510,7,961684,Anass Salah-Eddine,anass-salah-eddine,PSV Eindhoven,2952,Champions League,Defender,2025/26,0.0,0.0,0.0053,0.1553,0.1765,0.0,0.3529,0.0,34.4118,41.2941,0.3529,0.8824,3.1765,0.3529,0.0,9.0,0.7059,0.0,0.8824,59.8235,2.1176,0.0,0.5294,4.5882,1.2353,0.1765,0.0,0.5294,0.0,0.0,0.0,0.0,0.0,DL,Full-Back
0,0,0.69,0.05,2,0,0,1,188,208,0,16,23,0,0,20,0,0,2,257,1,0,4,6,15,0,1,10,0,1,0,0,0,323,6,825838,Armando Obispo,armando-obispo,PSV Eindhoven,2952,Champions League,Defender,2025/26,0.0,0.0,0.1923,0.0139,0.5573,0.0,0.0,0.2786,52.3839,57.9567,0.0,4.4582,6.4087,0.0,0.0,5.5728,0.0,0.0,0.5573,71.6099,0.2786,0.0,1.1146,1.6718,4.1796,0.0,0.2786,2.7864,0.0,0.2786,0.0,0.0,0.0,DC,Centre-Back
3,2,1.15,0.94,9,4,2,2,48,62,4,2,6,1,0,21,4,0,0,106,2,0,1,9,1,1,0,0,0,1,0,0,0,197,7,1047395,Couhaib Driouech,couhaib-driouech,PSV Eindhoven,2952,Champions League,Forward,2025/26,1.3706,0.9137,0.5254,0.4294,4.1117,1.8274,0.9137,0.9137,21.9289,28.3249,1.8274,0.9137,2.7411,0.4569,0.0,9.5939,1.8274,0.0,0.0,48.4264,0.9137,0.0,0.4569,4.1117,0.4569,0.4569,0.0,0.0,0.0,0.4569,0.0,0.0,0.0,LW,Winger
2,0,0.61,0.41,7,3,1,0,154,183,6,1,2,0,0,69,9,0,7,263,3,0,4,27,3,1,0,3,0,0,0,0,0,458,8,812145,Dennis Man,dennis-man,PSV Eindhoven,2952,Champions League,Midfielder,2025/26,0.393,0.0,0.1199,0.0806,1.3755,0.5895,0.1965,0.0,30.262,35.9607,1.179,0.1965,0.393,0.0,0.0,13.559,1.7686,0.0,1.3755,51.6812,0.5895,0.0,0.786,5.3057,0.5895,0.1965,0.0,0.5895,0.0,0.0,0.0,0.0,0.0,RW,Winger
2,3,1.35,0.29,7,3,5,2,109,131,9,1,3,0,0,37,1,0,5,199,3,0,6,9,6,0,0,3,0,2,0,0,0,583,8,845798,Guus Til,guus-til,PSV Eindhoven,2952,Champions League,Midfielder,2025/26,0.3087,0.4631,0.2084,0.0448,1.0806,0.4631,0.7719,0.3087,16.8268,20.223,1.3894,0.1544,0.4631,0.0,0.0,5.7118,0.1544,0.0,0.7719,30.7204,0.4631,0.0,0.9262,1.3894,0.9262,0.0,0.0,0.4631,0.0,0.3087,0.0,0.0,0.0,MC/AM/ST,Central Mid
3,0,2.57,0.42,15,6,0,4,155,193,5,6,12,1,0,60,7,0,12,327,8,0,0,18,1,3,0,6,0,3,0,0,0,606,7,1063767,Ismael Saibari,ismael-saibari,PSV Eindhoven,2952,Champions League,Midfielder,2025/26,0.4455,0.0,0.3817,0.0624,2.2277,0.8911,0.0,0.5941,23.0198,28.6634,0.7426,0.8911,1.7822,0.1485,0.0,8.9109,1.0396,0.0,1.7822,48.5644,1.1881,0.0,0.0,2.6733,0.1485,0.4455,0.0,0.8911,0.0,0.4455,0.0,0.0,0.0,MC/AM,Central Mid
1,1,1.52,0.83,11,3,1,1,147,191,5,3,10,2,0,59,2,0,1,317,0,0,9,16,14,2,0,11,0,2,0,0,0,538,8,38710,Ivan Perišić,ivan-perisic,PSV Eindhoven,2952,Champions League,Midfielder,2025/26,0.1673,0.1673,0.2543,0.1388,1.8401,0.5019,0.1673,0.1673,24.5911,31.9517,0.8364,0.5019,1.6729,0.3346,0.0,9.8699,0.3346,0.0,0.1673,53.0297,0.0,0.0,1.5056,2.6766,2.342,0.3346,0.0,1.8401,0.0,0.3346,0.0,0.0,0.0,LW/RW,Winger
0,0,0.04,0.23,1,0,0,0,381,412,2,17,21,0,0,80,5,0,3,524,9,0,15,49,33,0,1,7,0,2,0,0,0,675,8,844234,Jerdy Schouten,jerdy-schouten,PSV Eindhoven,2952,Champions League,Defender,2025/26,0.0,0.0,0.0053,0.0307,0.1333,0.0,0.0,0.0,50.8,54.9333,0.2667,2.2667,2.8,0.0,0.0,10.6667,0.6667,0.0,0.4,69.8667,1.2,0.0,2.0,6.5333,4.4,0.0,0.1333,0.9333,0.0,0.2667,0.0,0.0,0.0,MC/DM/DC,Central Mid
0,1,0.24,1.54,7,2,2,0,467,552,17,47,76,11,0,163,5,0,2,699,7,0,7,40,18,2,0,5,0,2,0,0,0,720,8,850816,Joey Veerman,joey-veerman,PSV Eindhoven,2952,Champions League,Midfielder,2025/26,0.0,0.125,0.03,0.1925,0.875,0.25,0.25,0.0,58.375,69.0,2.125,5.875,9.5,1.375,0.0,20.375,0.625,0.0,0.25,87.375,0.875,0.0,0.875,5.0,2.25,0.25,0.0,0.625,0.0,0.25,0.0,0.0,0.0,MC/DM,Central Mid
0,2,0.34,1.36,5,1,2,0,323,359,8,13,18,3,0,102,17,0,13,518,7,0,8,51,12,4,0,6,0,1,1,0,0,630,7,893499,Mauro Júnior,mauro-junior,PSV Eindhoven,2952,Champions League,Defender,2025/26,0.0,0.2857,0.0486,0.1943,0.7143,0.1429,0.2857,0.0,46.1429,51.2857,1.1429,1.8571,2.5714,0.4286,0.0,14.5714,2.4286,0.0,1.8571,74.0,1.0,0.0,1.1429,7.2857,1.7143,0.5714,0.0,0.8571,0.0,0.1429,0.1429,0.0,0.0,DL/MC,Full-Back
0,0,0.21,0.62,4,1,0,0,78,101,2,2,4,0,0,28,4,0,2,147,5,0,1,12,1,1,0,1,0,0,0,0,0,280,6,1146018,Paul Wanner,paul-wanner,PSV Eindhoven,2952,Champions League,Midfielder,2025/26,0.0,0.0,0.0675,0.1993,1.2857,0.3214,0.0,0.0,25.0714,32.4643,0.6429,0.6429,1.2857,0.0,0.0,9.0,1.2857,0.0,0.6429,47.25,1.6071,0.0,0.3214,3.8571,0.3214,0.3214,0.0,0.3214,0.0,0.0,0.0,0.0,0.0,AM/MC/DM,Attacking Mid
0,0,0.2,0.09,1,0,0,1,126,145,1,6,14,0,0,23,0,0,1,193,3,0,5,13,17,0,0,9,0,0,0,0,0,221,4,1046960,Ryan Flamingo,ryan-flamingo,PSV Eindhoven,2952,Champions League,Defender,2025/26,0.0,0.0,0.0814,0.0367,0.4072,0.0,0.0,0.4072,51.3122,59.0498,0.4072,2.4434,5.7014,0.0,0.0,9.3665,0.0,0.0,0.4072,78.5973,1.2217,0.0,2.0362,5.2941,6.9231,0.0,0.0,3.6652,0.0,0.0,0.0,0.0,0.0,DC,Centre-Back
0,1,0.09,0.41,3,1,1,0,204,235,5,6,9,1,0,67,12,0,4,394,7,0,3,32,5,0,0,5,0,0,0,0,0,461,6,906021,Sergiño Dest,sergino-dest,PSV Eindhoven,2952,Champions League,Defender,2025/26,0.0,0.1952,0.0176,0.08,0.5857,0.1952,0.1952,0.0,39.8265,45.8785,0.9761,1.1714,1.757,0.1952,0.0,13.0803,2.3427,0.0,0.7809,76.9197,1.3666,0.0,0.5857,6.2473,0.9761,0.0,0.0,0.9761,0.0,0.0,0.0,0.0,0.0,DR/DL,Full-Back
0,0,0.05,0.03,1,0,0,0,251,276,0,10,22,0,0,15,1,0,1,381,8,0,10,23,46,1,2,14,0,3,0,0,0,554,7,1184317,Yarek Gasiorowski,gasiorowski-yarek,PSV Eindhoven,2952,Champions League,Defender,2025/26,0.0,0.0,0.0081,0.0049,0.1625,0.0,0.0,0.0,40.7762,44.8375,0.0,1.6245,3.574,0.0,0.0,2.4368,0.1625,0.0,0.1625,61.8953,1.2996,0.0,1.6245,3.7365,7.4729,0.1625,0.3249,2.2744,0.0,0.4874,0.0,0.0,0.0,DC,Centre-Back
1,0,1.04,0.41,9,2,0,1,38,52,3,2,3,0,0,11,1,0,2,118,2,0,1,5,6,2,0,7,0,0,0,0,0,368,7,892272,Anderson Silva,anderson-silva,Pafos FC,171626,Champions League,Forward,2025/26,0.2446,0.0,0.2543,0.1003,2.2011,0.4891,0.0,0.2446,9.2935,12.7174,0.7337,0.4891,0.7337,0.0,0.0,2.6902,0.2446,0.0,0.4891,28.8587,0.4891,0.0,0.2446,1.2228,1.4674,0.4891,0.0,1.712,0.0,0.0,0.0,0.0,0.0,ST,Striker
1,0,0.49,0.17,4,2,0,1,147,192,2,4,15,2,0,22,6,0,10,372,10,0,8,54,7,1,0,5,0,0,1,0,0,564,7,800106,Bruno,bruno,Pafos FC,171626,Champions League,Defender,2025/26,0.1596,0.0,0.0782,0.0271,0.6383,0.3191,0.0,0.1596,23.4574,30.6383,0.3191,0.6383,2.3936,0.3191,0.0,3.5106,0.9574,0.0,1.5957,59.3617,1.5957,0.0,1.2766,8.617,1.117,0.1596,0.0,0.7979,0.0,0.0,0.1596,0.0,0.0,DR,Full-Back
0,0,0.47,0.02,5,0,0,1,121,143,0,5,14,0,0,7,1,0,1,218,1,0,4,12,27,3,0,10,0,1,0,0,0,417,6,546180,David Goldar,david-goldar,Pafos FC,171626,Champions League,Defender,2025/26,0.0,0.0,0.1014,0.0043,1.0791,0.0,0.0,0.2158,26.1151,30.8633,0.0,1.0791,3.0216,0.0,0.0,1.5108,0.2158,0.0,0.2158,47.0504,0.2158,0.0,0.8633,2.5899,5.8273,0.6475,0.0,2.1583,0.0,0.2158,0.0,0.0,0.0,DC,Centre-Back
1,0,1.1,0.11,9,5,0,2,153,218,2,18,65,0,0,13,5,0,2,334,10,0,7,22,40,3,0,14,0,2,0,0,0,543,7,21300,David Luiz,david-luiz,Pafos FC,171626,Champions League,Defender,2025/26,0.1657,0.0,0.1823,0.0182,1.4917,0.8287,0.0,0.3315,25.3591,36.1326,0.3315,2.9834,10.7735,0.0,0.0,2.1547,0.8287,0.0,0.3315,55.3591,1.6575,0.0,1.1602,3.6464,6.6298,0.4972,0.0,2.3204,0.0,0.3315,0.0,0.0,0.0,DC,Centre-Back
1,0,0.72,0.11,3,1,1,0,264,337,1,17,59,0,0,23,1,0,3,483,2,0,5,23,82,0,0,22,0,1,0,0,0,720,8,363782,Derrick Luckassen,derrick-luckassen,Pafos FC,171626,Champions League,Defender,2025/26,0.125,0.0,0.09,0.0138,0.375,0.125,0.125,0.0,33.0,42.125,0.125,2.125,7.375,0.0,0.0,2.875,0.125,0.0,0.375,60.375,0.25,0.0,0.625,2.875,10.25,0.0,0.0,2.75,0.0,0.125,0.0,0.0,0.0,DC,Centre-Back
0,0,0.25,0.05,6,1,0,0,81,101,0,6,10,0,0,23,3,0,2,180,7,0,2,22,2,2,0,1,0,0,0,0,0,372,7,842582,Domingos Quina,domingos-quina,Pafos FC,171626,Champions League,Midfielder,2025/26,0.0,0.0,0.0605,0.0121,1.4516,0.2419,0.0,0.0,19.5968,24.4355,0.0,1.4516,2.4194,0.0,0.0,5.5645,0.7258,0.0,0.4839,43.5484,1.6935,0.0,0.4839,5.3226,0.4839,0.4839,0.0,0.2419,0.0,0.0,0.0,0.0,0.0,AM/LW,Attacking Mid
0,0,0.23,0.04,2,0,0,0,158,202,1,4,18,0,0,11,3,0,3,290,7,0,6,18,19,0,0,3,0,3,0,0,0,630,7,283833,Ivan Šunjić,ivan-sunjic,Pafos FC,171626,Champions League,Midfielder,2025/26,0.0,0.0,0.0329,0.0057,0.2857,0.0,0.0,0.0,22.5714,28.8571,0.1429,0.5714,2.5714,0.0,0.0,1.5714,0.4286,0.0,0.4286,41.4286,1.0,0.0,0.8571,2.5714,2.7143,0.0,0.0,0.4286,0.0,0.4286,0.0,0.0,0.0,MC/DM,Central Mid
0,0,0.58,0.17,8,2,1,0,63,88,3,1,8,1,0,20,7,0,9,187,6,0,4,26,2,5,0,1,0,0,0,0,0,335,7,1020057,Jajá,jaja,Pafos FC,171626,Champions League,Midfielder,2025/26,0.0,0.0,0.1558,0.0457,2.1493,0.5373,0.2687,0.0,16.9254,23.6418,0.806,0.2687,2.1493,0.2687,0.0,5.3731,1.8806,0.0,2.4179,50.2388,1.6119,0.0,1.0746,6.9851,0.5373,1.3433,0.0,0.2687,0.0,0.0,0.0,0.0,0.0,LW/RW,Winger
0,0,0.1,0.42,2,1,1,0,26,33,2,0,2,0,0,6,1,0,0,58,2,0,1,8,3,0,0,1,0,0,1,0,0,170,3,804272,João Correia,joao-correia,Pafos FC,171626,Champions League,Midfielder,2025/26,0.0,0.0,0.0529,0.2224,1.0588,0.5294,0.5294,0.0,13.7647,17.4706,1.0588,0.0,1.0588,0.0,0.0,3.1765,0.5294,0.0,0.0,30.7059,1.0588,0.0,0.5294,4.2353,1.5882,0.0,0.0,0.5294,0.0,0.0,0.5294,0.0,0.0,RW/DR,Winger
0,1,0.0,0.54,0,0,1,0,39,51,4,3,5,4,0,7,3,0,3,108,7,0,0,7,8,0,0,1,0,1,0,0,0,204,6,319847,Ken Sema,ken-sema,Pafos FC,171626,Champions League,Midfielder,2025/26,0.0,0.4412,0.0,0.2382,0.0,0.0,0.4412,0.0,17.2059,22.5,1.7647,1.3235,2.2059,1.7647,0.0,3.0882,1.3235,0.0,1.3235,47.6471,3.0882,0.0,0.0,3.0882,3.5294,0.0,0.0,0.4412,0.0,0.4412,0.0,0.0,0.0,LW/ML/DL,Winger
0,1,0.02,0.02,1,1,0,0,83,122,1,6,30,0,0,7,1,0,1,199,1,0,3,9,18,0,0,4,0,0,0,0,0,410,7,889002,Kostas Pileas,kostas-pileas,Pafos FC,171626,Champions League,Defender,2025/26,0.0,0.2195,0.0044,0.0044,0.2195,0.2195,0.0,0.0,18.2195,26.7805,0.2195,1.3171,6.5854,0.0,0.0,1.5366,0.2195,0.0,0.2195,43.6829,0.2195,0.0,0.6585,1.9756,3.9512,0.0,0.0,0.878,0.0,0.0,0.0,0.0,0.0,DL,Full-Back
2,2,0.67,1.51,11,4,2,1,159,215,16,9,30,11,0,47,4,0,4,326,4,0,7,29,7,1,0,1,0,2,0,0,0,645,8,88645,Mislav Oršić,mislav-orsic,Pafos FC,171626,Champions League,Midfielder,2025/26,0.2791,0.2791,0.0935,0.2107,1.5349,0.5581,0.2791,0.1395,22.186,30.0,2.2326,1.2558,4.186,1.5349,0.0,6.5581,0.5581,0.0,0.5581,45.4884,0.5581,0.0,0.9767,4.0465,0.9767,0.1395,0.0,0.1395,0.0,0.2791,0.0,0.0,0.0,LW,Winger
0,0,0.15,0.4,3,0,3,0,291,348,12,32,52,5,0,53,6,0,3,449,7,0,3,39,21,0,0,5,0,0,0,0,0,697,8,896354,Pêpê,pepe,Pafos FC,171626,Champions League,Midfielder,2025/26,0.0,0.0,0.0194,0.0516,0.3874,0.0,0.3874,0.0,37.5753,44.9354,1.5495,4.132,6.7145,0.6456,0.0,6.8436,0.7747,0.0,0.3874,57.977,0.9039,0.0,0.3874,5.0359,2.7116,0.0,0.0,0.6456,0.0,0.0,0.0,0.0,0.0,MC/DM,Central Mid
1,0,1.06,0.37,8,7,0,3,131,164,9,4,8,1,0,27,1,0,13,280,6,0,10,19,12,0,0,3,0,0,0,0,0,668,8,559058,Vlad Dragomir,vlad-dragomir,Pafos FC,171626,Champions League,Midfielder,2025/26,0.1347,0.0,0.1428,0.0499,1.0778,0.9431,0.0,0.4042,17.6497,22.0958,1.2126,0.5389,1.0778,0.1347,0.0,3.6377,0.1347,0.0,1.7515,37.7246,0.8084,0.0,1.3473,2.5599,1.6168,0.0,0.0,0.4042,0.0,0.0,0.0,0.0,0.0,AM/MC,Attacking Mid
1,6,0.92,1.48,19,7,3,1,787,880,25,17,37,3,0,282,7,0,6,1120,13,0,8,63,13,6,0,6,0,2,0,0,0,1154,13,814594,Achraf Hakimi,achraf-hakimi,Paris Saint-Germain,1644,Champions League,Defender,2025/26,0.078,0.4679,0.0718,0.1154,1.4818,0.5459,0.234,0.078,61.3778,68.6308,1.9497,1.3258,2.8856,0.234,0.0,21.9931,0.5459,0.0,0.4679,87.3484,1.0139,0.0,0.6239,4.9133,1.0139,0.4679,0.0,0.4679,0.0,0.156,0.0,0.0,0.0,DR,Full-Back
2,4,4.05,1.91,25,11,3,10,317,363,25,1,1,2,0,165,18,0,14,557,10,0,7,28,3,6,0,3,0,0,0,0,0,989,16,996952,Bradley Barcola,barcola-bradley,Paris Saint-Germain,1644,Champions League,Forward,2025/26,0.182,0.364,0.3686,0.1738,2.275,1.001,0.273,0.91,28.8473,33.0334,2.275,0.091,0.091,0.182,0.0,15.0152,1.638,0.0,1.274,50.6876,0.91,0.0,0.637,2.548,0.273,0.546,0.0,0.273,0.0,0.0,0.0,0.0,0.0,LW,Winger
5,4,2.09,3.13,28,11,7,1,435,492,32,11,19,11,0,207,24,0,14,764,10,0,8,53,1,10,1,5,0,0,0,0,0,871,13,1154605,Désiré Doué,desire-doue,Paris Saint-Germain,1644,Champions League,Forward,2025/26,0.5166,0.4133,0.216,0.3234,2.8932,1.1366,0.7233,0.1033,44.9483,50.8381,3.3065,1.1366,1.9633,1.1366,0.0,21.3892,2.4799,0.0,1.4466,78.9437,1.0333,0.0,0.8266,5.4765,0.1033,1.0333,0.1033,0.5166,0.0,0.0,0.0,0.0,0.0,RW/LW,Winger
1,1,1.54,1.29,17,7,3,2,370,418,13,13,24,1,0,123,2,0,6,527,13,0,2,41,10,2,0,2,0,1,0,0,0,650,9,784655,Fabián Ruiz,fabian-ruiz,Paris Saint-Germain,1644,Champions League,Midfielder,2025/26,0.1385,0.1385,0.2132,0.1786,2.3538,0.9692,0.4154,0.2769,51.2308,57.8769,1.8,1.8,3.3231,0.1385,0.0,17.0308,0.2769,0.0,0.8308,72.9692,1.8,0.0,0.2769,5.6769,1.3846,0.2769,0.0,0.2769,0.0,0.1385,0.0,0.0,0.0,MC,Central Mid
2,0,1.43,0.1,8,5,0,4,55,68,2,1,1,0,0,22,1,0,3,104,1,0,0,5,2,0,0,7,0,0,0,0,0,202,11,934510,Gonçalo Ramos,goncalo-ramos,Paris Saint-Germain,1644,Champions League,Forward,2025/26,0.8911,0.0,0.6371,0.0446,3.5644,2.2277,0.0,1.7822,24.505,30.297,0.8911,0.4455,0.4455,0.0,0.0,9.802,0.4455,0.0,1.3366,46.3366,0.4455,0.0,0.0,2.2277,0.8911,0.0,0.0,3.1188,0.0,0.0,0.0,0.0,0.0,ST,Striker
0,0,0.2,0.03,1,0,0,1,158,166,1,5,7,0,0,16,1,0,0,193,5,0,2,7,3,0,0,3,0,1,1,0,2,213,7,1023567,Ilya Zabarnyi,illia-zabarnyi,Paris Saint-Germain,1644,Champions League,Defender,2025/26,0.0,0.0,0.0845,0.0127,0.4225,0.0,0.0,0.4225,66.7606,70.1408,0.4225,2.1127,2.9577,0.0,0.0,6.7606,0.4225,0.0,0.0,81.5493,2.1127,0.0,0.8451,2.9577,1.2676,0.0,0.0,1.2676,0.0,0.4225,0.4225,0.0,0.8451,DC,Centre-Back
2,3,1.55,1.49,17,8,4,4,637,702,13,28,44,0,0,177,6,0,10,919,18,0,19,63,14,2,0,27,0,1,0,0,0,1144,14,1190933,João Neves,joao-neves,Paris Saint-Germain,1644,Champions League,Midfielder,2025/26,0.1573,0.236,0.1219,0.1172,1.3374,0.6294,0.3147,0.3147,50.1136,55.2273,1.0227,2.2028,3.4615,0.0,0.0,13.9248,0.472,0.0,0.7867,72.299,1.4161,0.0,1.4948,4.9563,1.1014,0.1573,0.0,2.1241,0.0,0.0787,0.0,0.0,0.0,MC,Central Mid
0,0,0.43,1.92,9,3,3,0,210,223,17,6,6,11,0,94,6,0,4,295,1,0,1,3,1,2,1,0,0,0,0,0,0,263,10,917087,Kang-in Lee,kang-in-lee,Paris Saint-Germain,1644,Champions League,Midfielder,2025/26,0.0,0.0,0.1471,0.657,3.0798,1.0266,1.0266,0.0,71.8631,76.3118,5.8175,2.0532,2.0532,3.7643,0.0,32.1673,2.0532,0.0,1.3688,100.9506,0.3422,0.0,0.3422,1.0266,0.3422,0.6844,0.3422,0.0,0.0,0.0,0.0,0.0,0.0,RW/MC,Winger
10,6,4.21,2.06,50,18,2,1,510,584,20,11,19,4,0,219,32,0,16,869,11,0,8,35,9,20,0,9,0,3,0,2,0,1140,16,889259,Khvicha Kvaratskhelia,khvicha-kvaratskhelia,Paris Saint-Germain,1644,Champions League,Forward,2025/26,0.7895,0.4737,0.3324,0.1626,3.9474,1.4211,0.1579,0.0789,40.2632,46.1053,1.5789,0.8684,1.5,0.3158,0.0,17.2895,2.5263,0.0,1.2632,68.6053,0.8684,0.0,0.6316,2.7632,0.7105,1.5789,0.0,0.7105,0.0,0.2368,0.0,0.1579,0.0,LW,Winger
0,0,0.0,0.03,0,0,0,0,157,174,0,2,9,0,0,13,0,0,0,223,1,0,3,14,9,0,0,4,0,0,1,0,0,243,10,352370,Lucas Hernández,lucas-hernandez,Paris Saint-Germain,1644,Champions League,Defender,2025/26,0.0,0.0,0.0,0.0111,0.0,0.0,0.0,0.0,58.1481,64.4444,0.0,0.7407,3.3333,0.0,0.0,4.8148,0.0,0.0,0.0,82.5926,0.3704,0.0,1.1111,5.1852,3.3333,0.0,0.0,1.4815,0.0,0.0,0.3704,0.0,0.0,DL/DC,Full-Back
2,0,1.35,0.85,7,2,1,0,889,966,5,50,95,0,0,121,4,0,1,1107,10,0,9,50,44,1,2,36,0,2,0,1,0,1320,15,155995,Marquinhos,marquinhos,Paris Saint-Germain,1644,Champions League,Defender,2025/26,0.1364,0.0,0.092,0.058,0.4773,0.1364,0.0682,0.0,60.6136,65.8636,0.3409,3.4091,6.4773,0.0,0.0,8.25,0.2727,0.0,0.0682,75.4773,0.6818,0.0,0.6136,3.4091,3.0,0.0682,0.1364,2.4545,0.0,0.1364,0.0,0.0682,0.0,DC,Centre-Back
2,2,1.37,2.35,17,6,8,2,871,984,23,44,77,6,0,218,35,0,13,1397,16,0,18,102,35,5,0,13,0,4,0,0,0,1403,17,989768,Nuno Mendes,nuno-mendes,Paris Saint-Germain,1644,Champions League,Defender,2025/26,0.1283,0.1283,0.0879,0.1507,1.0905,0.3849,0.5132,0.1283,55.8731,63.1219,1.4754,2.8225,4.9394,0.3849,0.0,13.9843,2.2452,0.0,0.8339,89.6151,1.0264,0.0,1.1547,6.5431,2.2452,0.3207,0.0,0.8339,0.0,0.2566,0.0,0.0,0.0,DL,Full-Back
8,2,6.55,1.86,34,14,2,7,339,400,21,20,24,10,0,174,5,0,5,533,1,0,3,19,4,7,0,0,0,0,0,0,0,827,13,818244,Ousmane Dembélé,ousmane-dembele,Paris Saint-Germain,1644,Champions League,Forward,2025/26,0.8706,0.2177,0.7128,0.2024,3.7001,1.5236,0.2177,0.7618,36.8924,43.5308,2.2854,2.1765,2.6119,1.0883,0.0,18.9359,0.5441,0.0,0.5441,58.0048,0.1088,0.0,0.3265,2.0677,0.4353,0.7618,0.0,0.0,0.0,0.0,0.0,0.0,0.0,ST/RW,Striker
2,0,2.35,0.33,19,5,0,3,146,162,6,4,6,1,0,69,5,0,6,253,7,0,4,23,2,8,0,3,0,0,0,0,0,461,11,1473491,Senny Mayulu,mayulu-senny,Paris Saint-Germain,1644,Champions League,Midfielder,2025/26,0.3905,0.0,0.4588,0.0644,3.7093,0.9761,0.0,0.5857,28.5033,31.6269,1.1714,0.7809,1.1714,0.1952,0.0,13.4707,0.9761,0.0,1.1714,49.3926,1.3666,0.0,0.7809,4.4902,0.3905,1.5618,0.0,0.5857,0.0,0.0,0.0,0.0,0.0,MC,Central Mid
6,1,3.36,2.8,43,14,4,1,1589,1703,26,80,116,4,0,391,6,0,10,1898,14,0,17,95,19,18,2,3,0,0,0,0,0,1544,17,902029,Vitinha,vitinha,Paris Saint-Germain,1644,Champions League,Midfielder,2025/26,0.3497,0.0583,0.1959,0.1632,2.5065,0.8161,0.2332,0.0583,92.6231,99.2681,1.5155,4.6632,6.7617,0.2332,0.0,22.7915,0.3497,0.0,0.5829,110.6347,0.8161,0.0,0.9909,5.5376,1.1075,1.0492,0.1166,0.1749,0.0,0.0,0.0,0.0,0.0,MC,Central Mid
0,1,1.01,1.49,14,2,5,3,747,819,22,15,28,1,0,245,9,0,19,1019,14,0,14,62,8,6,0,6,0,1,0,0,0,1343,17,1142672,Warren Zaïre-Emery,warren-zaire-emery,Paris Saint-Germain,1644,Champions League,Midfielder,2025/26,0.0,0.067,0.0677,0.0999,0.9382,0.134,0.3351,0.201,50.0596,54.8846,1.4743,1.0052,1.8764,0.067,0.0,16.4185,0.6031,0.0,1.2733,68.2874,0.9382,0.0,0.9382,4.1549,0.5361,0.4021,0.0,0.4021,0.0,0.067,0.0,0.0,0.0,MC/DR,Central Mid
2,1,0.67,0.16,4,2,1,1,953,1040,4,18,52,0,0,44,1,0,1,1242,15,0,15,76,80,0,0,31,0,0,0,0,1,1560,17,979480,Willian Pacho,willian-pacho,Paris Saint-Germain,1644,Champions League,Defender,2025/26,0.1154,0.0577,0.0387,0.0092,0.2308,0.1154,0.0577,0.0577,54.9808,60.0,0.2308,1.0385,3.0,0.0,0.0,2.5385,0.0577,0.0,0.0577,71.6538,0.8654,0.0,0.8654,4.3846,4.6154,0.0,0.0,1.7885,0.0,0.0,0.0,0.0,0.0577,DC,Centre-Back
1,2,1.24,0.87,9,3,0,1,396,440,11,9,13,0,0,141,13,0,13,566,6,0,1,50,2,3,0,2,0,0,0,0,0,859,10,214080,Abdellah Zoubir,abdellah-zoubir,Qarabağ FK,5962,Champions League,Midfielder,2025/26,0.1048,0.2095,0.1299,0.0912,0.943,0.3143,0.0,0.1048,41.4901,46.1001,1.1525,0.943,1.362,0.0,0.0,14.773,1.362,0.0,1.362,59.3015,0.6286,0.0,0.1048,5.2386,0.2095,0.3143,0.0,0.2095,0.0,0.0,0.0,0.0,0.0,LW,Winger
1,0,0.08,0.02,1,1,0,0,279,318,0,11,39,0,0,6,0,0,3,419,2,0,6,14,35,0,1,6,0,0,0,0,1,742,9,865434,Bahlul Mustafazada,bahlul-mustafazada,Qarabağ FK,5962,Champions League,Defender,2025/26,0.1213,0.0,0.0097,0.0024,0.1213,0.1213,0.0,0.0,33.841,38.5714,0.0,1.3342,4.7305,0.0,0.0,0.7278,0.0,0.0,0.3639,50.8221,0.2426,0.0,0.7278,1.6981,4.2453,0.0,0.1213,0.7278,0.0,0.0,0.0,0.0,0.1213,DC,Centre-Back
5,1,3.41,0.2,20,10,0,3,67,86,2,2,3,0,0,16,2,0,11,185,6,0,2,13,1,6,0,6,0,1,0,0,0,755,10,1521132,Camilo Durán,camilo-duran,Qarabağ FK,5962,Champions League,Forward,2025/26,0.596,0.1192,0.4065,0.0238,2.3841,1.1921,0.0,0.3576,7.9868,10.2517,0.2384,0.2384,0.3576,0.0,0.0,1.9073,0.2384,0.0,1.3113,22.053,0.7152,0.0,0.2384,1.5497,0.1192,0.7152,0.0,0.7152,0.0,0.1192,0.0,0.0,0.0,ST/RW,Striker
0,0,0.15,0.11,2,0,0,0,42,60,0,1,2,0,0,12,4,0,1,123,7,0,7,9,4,1,0,2,0,0,0,0,0,228,7,1017697,Dani Bolt,dani-bolt,Qarabağ FK,5962,Champions League,Defender,2025/26,0.0,0.0,0.0592,0.0434,0.7895,0.0,0.0,0.0,16.5789,23.6842,0.0,0.3947,0.7895,0.0,0.0,4.7368,1.5789,0.0,0.3947,48.5526,2.7632,0.0,2.7632,3.5526,1.5789,0.3947,0.0,0.7895,0.0,0.0,0.0,0.0,0.0,DR/MR,Full-Back
2,1,0.41,1.53,7,2,2,1,282,354,4,8,27,2,0,63,9,0,2,547,7,0,10,33,23,3,0,3,0,0,0,0,0,820,10,1017996,Elvin Cafarquliyev,elvin-cafarquliyev,Qarabağ FK,5962,Champions League,Defender,2025/26,0.2195,0.1098,0.045,0.1679,0.7683,0.2195,0.2195,0.1098,30.9512,38.8537,0.439,0.878,2.9634,0.2195,0.0,6.9146,0.9878,0.0,0.2195,60.0366,0.7683,0.0,1.0976,3.622,2.5244,0.3293,0.0,0.3293,0.0,0.0,0.0,0.0,0.0,DL,Full-Back
1,0,0.62,1.06,11,5,1,1,89,114,5,8,12,0,0,40,15,0,10,197,2,0,4,22,1,3,0,3,0,0,0,0,0,358,10,1398529,Emmanuel Addai,addai-emmanuel,Qarabağ FK,5962,Champions League,Midfielder,2025/26,0.2514,0.0,0.1559,0.2665,2.7654,1.257,0.2514,0.2514,22.3743,28.6592,1.257,2.0112,3.0168,0.0,0.0,10.0559,3.7709,0.0,2.514,49.5251,0.5028,0.0,1.0056,5.5307,0.2514,0.7542,0.0,0.7542,0.0,0.0,0.0,0.0,0.0,LW,Winger
0,1,0.1,0.75,4,2,2,0,112,135,5,2,7,2,0,52,7,0,7,201,1,0,2,11,2,1,1,2,0,0,0,0,0,324,5,827491,Joni Montiel,joni-montiel,Qarabağ FK,5962,Champions League,Midfielder,2025/26,0.0,0.2778,0.0278,0.2083,1.1111,0.5556,0.5556,0.0,31.1111,37.5,1.3889,0.5556,1.9444,0.5556,0.0,14.4444,1.9444,0.0,1.9444,55.8333,0.2778,0.0,0.5556,3.0556,0.5556,0.2778,0.2778,0.5556,0.0,0.0,0.0,0.0,0.0,AM/MC,Attacking Mid
0,0,0.12,0.56,3,1,1,0,104,136,9,11,22,3,0,33,3,0,6,223,3,0,11,18,3,1,0,2,0,0,0,0,0,338,6,1194442,Kady Borges,kady-borges,Qarabağ FK,5962,Champions League,Midfielder,2025/26,0.0,0.0,0.032,0.1491,0.7988,0.2663,0.2663,0.0,27.6923,36.213,2.3964,2.929,5.858,0.7988,0.0,8.787,0.7988,0.0,1.5976,59.3787,0.7988,0.0,2.929,4.7929,0.7988,0.2663,0.0,0.5325,0.0,0.0,0.0,0.0,0.0,AM/MC/RW,Attacking Mid
0,0,0.12,0.1,3,0,0,0,437,513,3,27,70,1,0,38,5,0,4,694,15,0,16,53,48,1,1,5,0,2,0,0,0,871,10,939724,Kevin Medina,kevin-medina,Qarabağ FK,5962,Champions League,Defender,2025/26,0.0,0.0,0.0124,0.0103,0.31,0.0,0.0,0.0,45.155,53.008,0.31,2.7899,7.2331,0.1033,0.0,3.9265,0.5166,0.0,0.4133,71.7107,1.5499,0.0,1.6533,5.4765,4.9598,0.1033,0.1033,0.5166,0.0,0.2067,0.0,0.0,0.0,DC,Centre-Back
3,0,0.96,0.23,7,4,0,1,113,142,6,5,9,2,0,50,2,0,5,227,3,0,2,18,6,2,0,1,0,0,0,0,0,578,9,1048905,Leandro Andrade,leandro-andrade,Qarabağ FK,5962,Champions League,Midfielder,2025/26,0.4671,0.0,0.1495,0.0358,1.09,0.6228,0.0,0.1557,17.5952,22.1107,0.9343,0.7785,1.4014,0.3114,0.0,7.7855,0.3114,0.0,0.7785,35.346,0.4671,0.0,0.3114,2.8028,0.9343,0.3114,0.0,0.1557,0.0,0.0,0.0,0.0,0.0,RW/AM,Winger
1,2,1.83,0.72,8,3,1,1,379,446,8,21,46,5,0,94,9,0,12,599,6,0,16,48,10,1,0,3,0,2,0,0,1,730,9,189009,Marko Janković,marko-jankovic,Qarabağ FK,5962,Champions League,Midfielder,2025/26,0.1233,0.2466,0.2256,0.0888,0.9863,0.3699,0.1233,0.1233,46.726,54.9863,0.9863,2.589,5.6712,0.6164,0.0,11.589,1.1096,0.0,1.4795,73.8493,0.7397,0.0,1.9726,5.9178,1.2329,0.1233,0.0,0.3699,0.0,0.2466,0.0,0.0,0.1233,MC/DM,Central Mid
1,1,0.22,0.38,7,3,1,0,249,319,4,7,26,3,0,43,5,0,8,574,15,0,12,46,31,3,1,16,0,2,0,0,1,872,10,931496,Matheus Silva,matheus-silva,Qarabağ FK,5962,Champions League,Defender,2025/26,0.1032,0.1032,0.0227,0.0392,0.7225,0.3096,0.1032,0.0,25.6995,32.9243,0.4128,0.7225,2.6835,0.3096,0.0,4.4381,0.5161,0.0,0.8257,59.2431,1.5482,0.0,1.2385,4.7477,3.1995,0.3096,0.1032,1.6514,0.0,0.2064,0.0,0.0,0.1032,DR/DC,Full-Back
0,1,0.09,0.11,2,1,1,0,18,23,2,1,2,1,0,6,0,0,3,41,0,0,1,2,1,0,0,3,0,1,0,0,0,175,6,1156696,Nariman Akhundzade,nariman-akhundzade,Qarabağ FK,5962,Champions League,Forward,2025/26,0.0,0.5143,0.0463,0.0566,1.0286,0.5143,0.5143,0.0,9.2571,11.8286,1.0286,0.5143,1.0286,0.5143,0.0,3.0857,0.0,0.0,1.5429,21.0857,0.0,0.0,0.5143,1.0286,0.5143,0.0,0.0,1.5429,0.0,0.5143,0.0,0.0,0.0,ST/RW,Striker
1,0,0.68,0.13,6,4,0,2,34,42,3,0,0,1,0,14,3,0,4,89,3,0,2,8,3,2,0,3,0,0,0,0,0,203,8,880229,Olexiy Kashchuk,olexiy-kashchuk,Qarabağ FK,5962,Champions League,Midfielder,2025/26,0.4433,0.0,0.3015,0.0576,2.6601,1.7734,0.0,0.8867,15.0739,18.6207,1.33,0.0,0.0,0.4433,0.0,6.2069,1.33,0.0,1.7734,39.4581,1.33,0.0,0.8867,3.5468,1.33,0.8867,0.0,1.33,0.0,0.0,0.0,0.0,0.0,RW,Winger
0,0,0.28,0.17,7,1,0,0,337,405,3,19,34,0,0,55,3,0,8,538,13,0,19,45,26,2,1,2,0,1,0,0,0,863,10,966133,Pedro Bicalho,pedro-bicalho,Qarabağ FK,5962,Champions League,Midfielder,2025/26,0.0,0.0,0.0292,0.0177,0.73,0.1043,0.0,0.0,35.1448,42.2364,0.3129,1.9815,3.5458,0.0,0.0,5.7358,0.3129,0.0,0.8343,56.1066,1.3557,0.0,1.9815,4.6929,2.7115,0.2086,0.1043,0.2086,0.0,0.1043,0.0,0.0,0.0,MC/DM,Central Mid
0,0,0.1,0.04,2,0,0,0,321,348,1,7,23,0,0,14,0,0,0,412,3,0,5,23,28,1,0,7,0,2,0,0,1,630,7,142622,Antonio Rüdiger,antonio-rudiger,Real Madrid,2829,Champions League,Defender,2025/26,0.0,0.0,0.0143,0.0057,0.2857,0.0,0.0,0.0,45.8571,49.7143,0.1429,1.0,3.2857,0.0,0.0,2.0,0.0,0.0,0.0,58.8571,0.4286,0.0,0.7143,3.2857,4.0,0.1429,0.0,1.0,0.0,0.2857,0.0,0.0,0.1429,DC,Centre-Back
2,4,1.6,2.85,23,9,5,0,529,601,34,40,59,15,0,194,11,0,13,801,12,0,6,71,11,7,1,7,0,1,1,0,0,1030,14,1091116,Arda Güler,arda-guler,Real Madrid,2829,Champions League,Midfielder,2025/26,0.1748,0.3495,0.1398,0.249,2.0097,0.7864,0.4369,0.0,46.2233,52.5146,2.9709,3.4951,5.1553,1.3107,0.0,16.9515,0.9612,0.0,1.1359,69.9903,1.0485,0.0,0.5243,6.2039,0.9612,0.6117,0.0874,0.6117,0.0,0.0874,0.0874,0.0,0.0,AM/MC/RW,Attacking Mid
1,1,0.89,0.81,16,5,2,1,645,698,10,22,33,1,0,132,6,0,6,861,14,0,26,50,24,7,0,20,0,3,0,0,1,1125,13,859025,Aurélien Tchouaméni,aurelien-tchouameni,Real Madrid,2829,Champions League,Midfielder,2025/26,0.08,0.08,0.0712,0.0648,1.28,0.4,0.16,0.08,51.6,55.84,0.8,1.76,2.64,0.08,0.0,10.56,0.48,0.0,0.48,68.88,1.12,0.0,2.08,4.0,1.92,0.56,0.0,1.6,0.0,0.24,0.0,0.0,0.08,MC/DM/DC,Central Mid
1,1,0.97,0.89,11,9,3,1,144,158,10,6,6,1,0,64,3,0,10,247,5,0,0,17,2,1,0,2,0,1,0,0,0,427,12,835485,Brahim Díaz,brahim-diaz,Real Madrid,2829,Champions League,Midfielder,2025/26,0.2108,0.2108,0.2044,0.1876,2.3185,1.897,0.6323,0.2108,30.3513,33.3021,2.1077,1.2646,1.2646,0.2108,0.0,13.4895,0.6323,0.0,2.1077,52.0609,1.0539,0.0,0.0,3.5831,0.4215,0.2108,0.0,0.4215,0.0,0.2108,0.0,0.0,0.0,RW,Winger
0,0,0.0,0.17,0,0,0,0,186,201,2,8,10,0,0,40,1,0,3,242,2,0,3,15,7,0,1,1,0,1,0,0,0,247,4,547838,Dani Ceballos,dani-ceballos,Real Madrid,2829,Champions League,Midfielder,2025/26,0.0,0.0,0.0,0.0619,0.0,0.0,0.0,0.0,67.7733,73.2389,0.7287,2.915,3.6437,0.0,0.0,14.5749,0.3644,0.0,1.0931,88.1781,0.7287,0.0,1.0931,5.4656,2.5506,0.0,0.3644,0.3644,0.0,0.3644,0.0,0.0,0.0,MC/DM,Central Mid
0,0,0.16,0.16,4,1,0,0,521,590,1,17,51,0,0,79,6,0,1,704,13,0,11,30,42,0,0,15,0,2,0,0,0,770,9,1176744,Dean Huijsen,dean-huijsen,Real Madrid,2829,Champions League,Defender,2025/26,0.0,0.0,0.0187,0.0187,0.4675,0.1169,0.0,0.0,60.8961,68.961,0.1169,1.987,5.961,0.0,0.0,9.2338,0.7013,0.0,0.1169,82.2857,1.5195,0.0,1.2857,3.5065,4.9091,0.0,0.0,1.7532,0.0,0.2338,0.0,0.0,0.0,DC,Centre-Back
1,1,0.46,0.48,3,2,1,0,290,315,4,10,15,0,0,66,7,0,6,420,16,0,4,31,10,1,0,6,0,1,1,0,0,478,11,973887,Eduardo Camavinga,eduardo-camavinga,Real Madrid,2829,Champions League,Midfielder,2025/26,0.1883,0.1883,0.0866,0.0904,0.5649,0.3766,0.1883,0.0,54.6025,59.3096,0.7531,1.8828,2.8243,0.0,0.0,12.4268,1.318,0.0,1.1297,79.0795,3.0126,0.0,0.7531,5.8368,1.8828,0.1883,0.0,1.1297,0.0,0.1883,0.1883,0.0,0.0,MC/DM,Central Mid
3,4,1.84,1.28,13,5,2,2,589,665,21,33,52,0,0,178,15,0,5,867,13,0,11,49,29,7,0,12,0,0,0,0,0,1162,13,831808,Federico Valverde,federico-valverde,Real Madrid,2829,Champions League,Midfielder,2025/26,0.2324,0.3098,0.1425,0.0991,1.0069,0.3873,0.1549,0.1549,45.6196,51.506,1.6265,2.5559,4.0275,0.0,0.0,13.7866,1.1618,0.0,0.3873,67.1515,1.0069,0.0,0.852,3.7952,2.2461,0.5422,0.0,0.9294,0.0,0.0,0.0,0.0,0.0,MC/DM/DR,Central Mid
0,0,0.0,0.02,0,0,0,0,87,93,2,2,3,0,0,12,4,0,1,131,0,0,4,15,4,0,0,0,0,0,0,0,0,225,3,792073,Ferland Mendy,ferland-mendy,Real Madrid,2829,Champions League,Defender,2025/26,0.0,0.0,0.0,0.008,0.0,0.0,0.0,0.0,34.8,37.2,0.8,0.8,1.2,0.0,0.0,4.8,1.6,0.0,0.4,52.4,0.0,0.0,1.6,6.0,1.6,0.0,0.0,0.0,0.0,0.0,0.0,0.0,0.0,DL,Full-Back
0,0,0.0,0.12,0,0,0,0,104,115,1,2,6,0,0,25,0,0,1,165,1,0,5,13,6,0,0,2,0,0,0,0,0,260,7,851271,Fran García,fran-garcia,Real Madrid,2829,Champions League,Defender,2025/26,0.0,0.0,0.0,0.0415,0.0,0.0,0.0,0.0,36.0,39.8077,0.3462,0.6923,2.0769,0.0,0.0,8.6538,0.0,0.0,0.3462,57.1154,0.3462,0.0,1.7308,4.5,2.0769,0.0,0.0,0.6923,0.0,0.0,0.0,0.0,0.0,DL,Full-Back
1,0,1.23,0.41,12,5,2,2,86,100,6,2,4,2,0,35,6,0,3,184,2,0,1,13,2,2,0,4,0,0,0,1,0,299,8,1403559,Franco Mastantuono,franco-mastantuono,Real Madrid,2829,Champions League,Forward,2025/26,0.301,0.0,0.3702,0.1234,3.612,1.505,0.602,0.602,25.8863,30.1003,1.806,0.602,1.204,0.602,0.0,10.5351,1.806,0.0,0.903,55.3846,0.602,0.0,0.301,3.913,0.602,0.602,0.0,1.204,0.0,0.0,0.0,0.301,0.0,RW,Winger
0,1,0.02,0.06,1,0,1,0,29,36,2,0,0,0,0,11,0,0,0,47,1,0,0,3,3,1,0,1,0,0,0,0,0,178,5,1402716,Gonzalo García,gonzalo-garcia,Real Madrid,2829,Champions League,Forward,2025/26,0.0,0.5056,0.0101,0.0303,0.5056,0.0,0.5056,0.0,14.6629,18.2022,1.0112,0.0,0.0,0.0,0.0,5.5618,0.0,0.0,0.0,23.764,0.5056,0.0,0.0,1.5169,1.5169,0.5056,0.0,0.5056,0.0,0.0,0.0,0.0,0.0,ST,Striker
2,1,3.44,0.39,17,4,0,5,271,302,13,16,19,1,0,98,14,0,9,442,12,0,6,30,14,7,0,12,0,2,0,0,0,607,9,991011,Jude Bellingham,jude-bellingham,Real Madrid,2829,Champions League,Midfielder,2025/26,0.2965,0.1483,0.51,0.0578,2.5206,0.5931,0.0,0.7414,40.1812,44.7776,1.9275,2.3723,2.8171,0.1483,0.0,14.5305,2.0758,0.0,1.3344,65.5354,1.7792,0.0,0.8896,4.4481,2.0758,1.0379,0.0,1.7792,0.0,0.2965,0.0,0.0,0.0,AM/MC,Attacking Mid
15,1,10.79,2.5,56,30,5,10,282,331,31,8,14,2,0,159,20,0,7,508,1,0,1,19,1,13,0,1,0,2,0,0,0,912,11,826643,Kylian Mbappé,kylian-mbappe,Real Madrid,2829,Champions League,Forward,2025/26,1.4803,0.0987,1.0648,0.2467,5.5263,2.9605,0.4934,0.9868,27.8289,32.6645,3.0592,0.7895,1.3816,0.1974,0.0,15.6908,1.9737,0.0,0.6908,50.1316,0.0987,0.0,0.0987,1.875,0.0987,1.2829,0.0,0.0987,0.0,0.1974,0.0,0.0,0.0,ST,Striker
0,1,0.14,0.14,3,1,1,0,324,346,3,7,15,1,0,34,0,0,2,415,3,0,7,16,16,0,1,9,0,1,1,0,0,559,8,1156645,Raúl Asencio,raul-asencio,Real Madrid,2829,Champions League,Defender,2025/26,0.0,0.161,0.0225,0.0225,0.483,0.161,0.161,0.0,52.1646,55.7066,0.483,1.127,2.415,0.161,0.0,5.4741,0.0,0.0,0.322,66.8157,0.483,0.0,1.127,2.576,2.576,0.0,0.161,1.449,0.0,0.161,0.161,0.0,0.0,DC,Centre-Back
1,1,0.38,1.28,8,5,4,0,84,103,10,0,1,4,0,41,12,0,5,176,1,0,2,14,1,0,0,0,0,2,1,1,0,235,5,910536,Rodrygo,rodrygo,Real Madrid,2829,Champions League,Forward,2025/26,0.383,0.383,0.1455,0.4902,3.0638,1.9149,1.5319,0.0,32.1702,39.4468,3.8298,0.0,0.383,1.5319,0.0,15.7021,4.5957,0.0,1.9149,67.4043,0.383,0.0,0.766,5.3617,0.383,0.0,0.0,0.0,0.0,0.766,0.383,0.383,0.0,ST/RW,Striker
0,0,0.0,0.09,0,0,0,0,98,106,0,4,5,0,0,14,1,0,0,128,1,0,3,10,1,0,0,1,0,0,0,0,0,239,6,2237795,Thiago Pitarch,thiago-pitarch-pinar,Real Madrid,2829,Champions League,Midfielder,2025/26,0.0,0.0,0.0,0.0339,0.0,0.0,0.0,0.0,36.9038,39.9163,0.0,1.5063,1.8828,0.0,0.0,5.272,0.3766,0.0,0.0,48.2008,0.3766,0.0,1.1297,3.7657,0.3766,0.0,0.0,0.3766,0.0,0.0,0.0,0.0,0.0,MC,Central Mid
0,1,0.17,1.55,4,0,5,0,260,320,12,25,51,15,0,47,1,0,1,450,12,0,6,30,14,2,0,2,0,1,0,0,0,629,9,795064,Trent Alexander-Arnold,trent-alexander-arnold,Real Madrid,2829,Champions League,Defender,2025/26,0.0,0.1431,0.0243,0.2218,0.5723,0.0,0.7154,0.0,37.2019,45.787,1.717,3.5771,7.2973,2.1463,0.0,6.725,0.1431,0.0,0.1431,64.3879,1.717,0.0,0.8585,4.2925,2.0032,0.2862,0.0,0.2862,0.0,0.1431,0.0,0.0,0.0,DR,Full-Back
5,5,8.09,3.39,56,20,8,12,334,418,24,13,20,3,0,168,27,0,23,665,1,0,1,38,0,12,0,2,0,2,0,1,0,1170,14,868812,Vinícius Júnior,vinicius-junior,Real Madrid,2829,Champions League,Forward,2025/26,0.3846,0.3846,0.6223,0.2608,4.3077,1.5385,0.6154,0.9231,25.6923,32.1538,1.8462,1.0,1.5385,0.2308,0.0,12.9231,2.0769,0.0,1.7692,51.1538,0.0769,0.0,0.0769,2.9231,0.0,0.9231,0.0,0.1538,0.0,0.1538,0.0,0.0769,0.0,LW/ST,Winger
0,0,0.09,0.43,3,0,0,0,435,500,6,15,30,1,0,103,12,0,3,688,14,0,9,47,29,1,1,10,0,4,0,0,0,797,9,1085081,Álvaro Carreras,alvaro-carreras,Real Madrid,2829,Champions League,Defender,2025/26,0.0,0.0,0.0102,0.0486,0.3388,0.0,0.0,0.0,49.1217,56.4617,0.6775,1.6939,3.3877,0.1129,0.0,11.6311,1.3551,0.0,0.3388,77.6913,1.5809,0.0,1.0163,5.3074,3.2748,0.1129,0.1129,1.1292,0.0,0.4517,0.0,0.0,0.0,DL,Full-Back
0,0,0.43,0.07,8,1,0,0,173,192,2,10,18,0,0,19,1,0,1,270,1,0,8,14,34,3,0,10,0,2,0,0,0,388,5,822519,Éder Militão,eder-militao,Real Madrid,2829,Champions League,Defender,2025/26,0.0,0.0,0.0997,0.0162,1.8557,0.232,0.0,0.0,40.1289,44.5361,0.4639,2.3196,4.1753,0.0,0.0,4.4072,0.232,0.0,0.232,62.6289,0.232,0.0,1.8557,3.2474,7.8866,0.6959,0.0,2.3196,0.0,0.4639,0.0,0.0,0.0,DC,Centre-Back
0,1,0.21,1.05,5,4,1,0,358,413,6,21,33,0,0,85,2,0,4,487,10,0,3,46,7,1,0,4,0,1,0,0,0,673,8,1000472,Adem Zorgane,adem-zorgane,Royale Union Saint-Gilloise,4860,Champions League,Midfielder,2025/26,0.0,0.1337,0.0281,0.1404,0.6686,0.5349,0.1337,0.0,47.8752,55.2303,0.8024,2.8083,4.4131,0.0,0.0,11.367,0.2675,0.0,0.5349,65.1263,1.3373,0.0,0.4012,6.1516,0.9361,0.1337,0.0,0.5349,0.0,0.1337,0.0,0.0,0.0,MC/DM,Central Mid
3,0,0.46,1.01,10,4,2,1,173,235,12,16,33,4,0,41,8,0,3,414,22,0,13,43,26,0,0,11,0,1,0,0,0,703,8,1403362,Anan Khalaili,anan-khalaili,Royale Union Saint-Gilloise,4860,Champions League,Midfielder,2025/26,0.3841,0.0,0.0589,0.1293,1.2802,0.5121,0.256,0.128,22.1479,30.0853,1.5363,2.0484,4.2248,0.5121,0.0,5.2489,1.0242,0.0,0.3841,53.0014,2.8165,0.0,1.6643,5.505,3.3286,0.0,0.0,1.4083,0.0,0.128,0.0,0.0,0.0,MR,Winger
1,1,0.92,0.71,7,3,0,0,130,163,12,8,15,12,0,45,6,0,1,261,5,0,2,25,2,2,0,1,0,0,0,0,0,527,7,964764,Anouar Ait El Hadj,anouar-ait-el-hadj,Royale Union Saint-Gilloise,4860,Champions League,Forward,2025/26,0.1708,0.1708,0.1571,0.1213,1.1954,0.5123,0.0,0.0,22.2011,27.8368,2.0493,1.3662,2.5617,2.0493,0.0,7.685,1.0247,0.0,0.1708,44.5731,0.8539,0.0,0.3416,4.2694,0.3416,0.3416,0.0,0.1708,0.0,0.0,0.0,0.0,0.0,AM,Attacking Mid
0,0,0.1,0.16,2,1,0,0,237,288,0,14,40,0,0,12,1,0,1,397,4,0,9,17,51,0,0,10,0,3,0,1,0,720,8,303634,Christian Burgess,christian-burgess,Royale Union Saint-Gilloise,4860,Champions League,Defender,2025/26,0.0,0.0,0.0125,0.02,0.25,0.125,0.0,0.0,29.625,36.0,0.0,1.75,5.0,0.0,0.0,1.5,0.125,0.0,0.125,49.625,0.5,0.0,1.125,2.125,6.375,0.0,0.0,1.25,0.0,0.375,0.0,0.125,0.0,DC,Centre-Back
0,0,0.13,0.11,2,0,1,0,127,154,1,10,20,0,0,17,1,0,0,241,8,0,4,20,13,1,0,4,0,0,0,0,2,385,7,1088899,Fedde Leysen,fedde-leysen,Royale Union Saint-Gilloise,4860,Champions League,Defender,2025/26,0.0,0.0,0.0304,0.0257,0.4675,0.0,0.2338,0.0,29.6883,36.0,0.2338,2.3377,4.6753,0.0,0.0,3.974,0.2338,0.0,0.0,56.3377,1.8701,0.0,0.9351,4.6753,3.039,0.2338,0.0,0.9351,0.0,0.0,0.0,0.0,0.4675,DC/DL,Centre-Back
0,0,0.07,0.29,2,0,1,0,200,242,4,10,26,1,0,43,4,0,1,350,12,0,7,35,16,0,1,7,0,2,0,0,1,598,8,1146316,Kamiel Van de Perre,van-de-perre-kamiel,Royale Union Saint-Gilloise,4860,Champions League,Midfielder,2025/26,0.0,0.0,0.0105,0.0436,0.301,0.0,0.1505,0.0,30.1003,36.4214,0.602,1.505,3.913,0.1505,0.0,6.4716,0.602,0.0,0.1505,52.6756,1.806,0.0,1.0535,5.2676,2.408,0.0,0.1505,1.0535,0.0,0.301,0.0,0.0,0.1505,MC/DM,Central Mid
1,0,1.67,0.15,4,1,0,1,185,224,4,6,26,0,0,23,0,0,0,378,22,0,9,28,37,0,0,13,0,2,0,0,1,697,8,895327,Kevin Mac Allister,kevin-mac-allister,Royale Union Saint-Gilloise,4860,Champions League,Defender,2025/26,0.1291,0.0,0.2156,0.0194,0.5165,0.1291,0.0,0.1291,23.8881,28.924,0.5165,0.7747,3.3572,0.0,0.0,2.9699,0.0,0.0,0.0,48.8092,2.8407,0.0,1.1621,3.6155,4.7776,0.0,0.0,1.6786,0.0,0.2582,0.0,0.0,0.1291,DC/DR,Centre-Back
0,1,1.3,0.07,10,5,1,2,49,80,3,0,1,1,0,12,9,0,12,176,5,0,0,17,5,1,0,16,0,0,0,0,0,378,6,1431770,Kevin Rodriguez,rodriguez-kevin,Royale Union Saint-Gilloise,4860,Champions League,Forward,2025/26,0.0,0.2381,0.3095,0.0167,2.381,1.1905,0.2381,0.4762,11.6667,19.0476,0.7143,0.0,0.2381,0.2381,0.0,2.8571,2.1429,0.0,2.8571,41.9048,1.1905,0.0,0.0,4.0476,1.1905,0.2381,0.0,3.8095,0.0,0.0,0.0,0.0,0.0,ST,Striker
0,0,0.17,0.44,4,1,0,0,77,89,7,6,11,5,0,19,1,0,1,129,1,0,2,18,5,3,0,2,0,0,0,0,0,198,5,834244,Mathias Rasmussen,mathias-rasmussen,Royale Union Saint-Gilloise,4860,Champions League,Midfielder,2025/26,0.0,0.0,0.0773,0.2,1.8182,0.4545,0.0,0.0,35.0,40.4545,3.1818,2.7273,5.0,2.2727,0.0,8.6364,0.4545,0.0,0.4545,58.6364,0.4545,0.0,0.9091,8.1818,2.2727,1.3636,0.0,0.9091,0.0,0.0,0.0,0.0,0.0,MC/DM,Central Mid
0,0,0.41,0.13,10,2,0,0,86,126,1,1,6,1,0,19,6,0,8,271,8,0,2,36,3,4,0,1,0,2,0,0,0,532,7,880780,Ousseynou Niang,ousseynou-niang,Royale Union Saint-Gilloise,4860,Champions League,Midfielder,2025/26,0.0,0.0,0.0694,0.022,1.6917,0.3383,0.0,0.0,14.5489,21.3158,0.1692,0.1692,1.015,0.1692,0.0,3.2143,1.015,0.0,1.3534,45.8459,1.3534,0.0,0.3383,6.0902,0.5075,0.6767,0.0,0.1692,0.0,0.3383,0.0,0.0,0.0,ML/LW,Winger
2,0,2.96,0.35,16,8,0,3,23,48,3,1,4,2,0,10,2,0,2,107,2,0,1,8,2,2,0,12,0,3,0,0,0,369,7,1119328,Promise David,promise-david,Royale Union Saint-Gilloise,4860,Champions League,Forward,2025/26,0.4878,0.0,0.722,0.0854,3.9024,1.9512,0.0,0.7317,5.6098,11.7073,0.7317,0.2439,0.9756,0.4878,0.0,2.439,0.4878,0.0,0.4878,26.0976,0.4878,0.0,0.2439,1.9512,0.4878,0.4878,0.0,2.9268,0.0,0.7317,0.0,0.0,0.0,ST,Striker
0,0,1.02,0.32,7,3,1,1,41,54,1,1,2,2,0,16,4,0,5,115,2,0,0,9,0,3,0,0,0,0,0,0,0,288,5,1022491,Raul Florucz,raul-florucz,Royale Union Saint-Gilloise,4860,Champions League,Forward,2025/26,0.0,0.0,0.3188,0.1,2.1875,0.9375,0.3125,0.3125,12.8125,16.875,0.3125,0.3125,0.625,0.625,0.0,5.0,1.25,0.0,1.5625,35.9375,0.625,0.0,0.0,2.8125,0.0,0.9375,0.0,0.0,0.0,0.0,0.0,0.0,0.0,RW/ST,Winger
0,1,0.17,0.05,3,0,1,0,60,74,3,2,4,1,0,13,1,0,1,105,2,0,3,13,4,0,0,0,0,1,0,0,0,196,7,133164,Rob Schoofs,rob-schoofs,Royale Union Saint-Gilloise,4860,Champions League,Midfielder,2025/26,0.0,0.4592,0.0781,0.023,1.3776,0.0,0.4592,0.0,27.551,33.9796,1.3776,0.9184,1.8367,0.4592,0.0,5.9694,0.4592,0.0,0.4592,48.2143,0.9184,0.0,1.3776,5.9694,1.8367,0.0,0.0,0.0,0.0,0.4592,0.0,0.0,0.0,MC/DM,Central Mid
1,0,0.13,0.43,3,1,1,0,97,131,1,6,22,0,0,11,2,0,1,215,7,0,11,24,16,1,0,13,0,1,0,0,0,384,6,845558,Ross Sykes,ross-sykes,Royale Union Saint-Gilloise,4860,Champions League,Defender,2025/26,0.2344,0.0,0.0305,0.1008,0.7031,0.2344,0.2344,0.0,22.7344,30.7031,0.2344,1.4062,5.1562,0.0,0.0,2.5781,0.4688,0.0,0.2344,50.3906,1.6406,0.0,2.5781,5.625,3.75,0.2344,0.0,3.0469,0.0,0.2344,0.0,0.0,0.0,DC/DR/DL,Centre-Back
0,0,0.3,0.15,6,0,0,1,105,130,4,12,22,1,0,45,1,0,3,205,7,0,4,12,5,1,0,3,0,1,0,0,0,449,6,1026524,Christos Zafeiris,christos-zafeiris,SK Slavia Praha,2216,Champions League,Midfielder,2025/26,0.0,0.0,0.0601,0.0301,1.2027,0.0,0.0,0.2004,21.0468,26.0579,0.8018,2.4053,4.4098,0.2004,0.0,9.02,0.2004,0.0,0.6013,41.0913,1.4031,0.0,0.8018,2.4053,1.0022,0.2004,0.0,0.6013,0.0,0.2004,0.0,0.0,0.0,MC/DM,Central Mid
0,1,0.31,1.21,4,2,2,0,125,162,12,10,21,15,0,50,4,0,2,296,4,0,2,30,9,0,0,3,0,1,0,0,0,439,7,891442,David Douděra,david-doudera,SK Slavia Praha,2216,Champions League,Midfielder,2025/26,0.0,0.205,0.0636,0.2481,0.82,0.41,0.41,0.0,25.6264,33.2118,2.4601,2.0501,4.3052,3.0752,0.0,10.2506,0.82,0.0,0.41,60.6834,0.82,0.0,0.41,6.1503,1.8451,0.0,0.0,0.615,0.0,0.205,0.0,0.0,0.0,MR,Winger
0,0,0.04,0.19,2,1,0,0,59,87,3,3,6,0,0,29,2,0,8,178,16,0,5,15,6,0,0,1,0,0,0,0,0,367,5,1435367,David Moses,moses-david,SK Slavia Praha,2216,Champions League,Midfielder,2025/26,0.0,0.0,0.0098,0.0466,0.4905,0.2452,0.0,0.0,14.4687,21.3351,0.7357,0.7357,1.4714,0.0,0.0,7.1117,0.4905,0.0,1.9619,43.6512,3.9237,0.0,1.2262,3.6785,1.4714,0.0,0.0,0.2452,0.0,0.0,0.0,0.0,0.0,MC/DM,Central Mid
0,0,0.2,0.09,2,1,0,0,230,264,1,18,29,0,0,27,2,0,2,389,4,0,10,29,44,1,0,19,0,2,0,0,0,690,8,963084,David Zima,david-zima,SK Slavia Praha,2216,Champions League,Defender,2025/26,0.0,0.0,0.0261,0.0117,0.2609,0.1304,0.0,0.0,30.0,34.4348,0.1304,2.3478,3.7826,0.0,0.0,3.5217,0.2609,0.0,0.2609,50.7391,0.5217,0.0,1.3043,3.7826,5.7391,0.1304,0.0,2.4783,0.0,0.2609,0.0,0.0,0.0,DC/DL,Centre-Back
0,2,1.12,1.98,20,5,2,0,253,331,13,15,25,9,0,137,5,0,14,515,10,0,3,38,9,7,0,10,0,1,0,0,1,701,8,846122,Lukáš Provod,lukas-provod,SK Slavia Praha,2216,Champions League,Forward,2025/26,0.0,0.2568,0.1438,0.2542,2.5678,0.6419,0.2568,0.0,32.4822,42.4964,1.669,1.9258,3.2097,1.1555,0.0,17.5892,0.6419,0.0,1.7974,66.1198,1.2839,0.0,0.3852,4.8787,1.1555,0.8987,0.0,1.2839,0.0,0.1284,0.0,0.0,0.1284,AM/LW,Attacking Mid
0,0,0.99,0.61,8,2,0,0,174,216,14,7,17,8,0,60,0,0,1,314,4,0,9,26,11,1,0,6,0,0,0,0,0,599,8,825731,Michal Sadílek,michal-sadilek,SK Slavia Praha,2216,Champions League,Midfielder,2025/26,0.0,0.0,0.1487,0.0917,1.202,0.3005,0.0,0.0,26.1436,32.4541,2.1035,1.0518,2.5543,1.202,0.0,9.015,0.0,0.0,0.1503,47.1786,0.601,0.0,1.3523,3.9065,1.6528,0.1503,0.0,0.9015,0.0,0.0,0.0,0.0,0.0,MC/DM,Central Mid
0,0,0.27,0.1,5,1,0,0,124,155,1,1,7,0,0,35,2,0,1,233,11,0,5,26,8,2,0,4,0,0,0,0,0,450,5,845721,Oscar Dorley,oscar-dorley,SK Slavia Praha,2216,Champions League,Midfielder,2025/26,0.0,0.0,0.054,0.02,1.0,0.2,0.0,0.0,24.8,31.0,0.2,0.2,1.4,0.0,0.0,7.0,0.4,0.0,0.2,46.6,2.2,0.0,1.0,5.2,1.6,0.4,0.0,0.8,0.0,0.0,0.0,0.0,0.0,MC/DM,Central Mid
0,0,0.83,0.1,14,4,0,0,64,108,3,1,1,0,0,29,2,0,5,170,0,0,0,12,6,3,0,24,0,1,0,0,0,451,7,188307,Tomáš Chorý,tomas-chory,SK Slavia Praha,2216,Champions League,Forward,2025/26,0.0,0.0,0.1656,0.02,2.7938,0.7982,0.0,0.0,12.7716,21.5521,0.5987,0.1996,0.1996,0.0,0.0,5.7871,0.3991,0.0,0.9978,33.9246,0.0,0.0,0.0,2.3947,1.1973,0.5987,0.0,4.7894,0.0,0.1996,0.0,0.0,0.0,ST,Striker
0,1,0.02,0.56,1,0,1,0,64,80,3,4,13,1,0,16,0,0,0,125,4,0,2,7,14,0,0,2,0,0,0,0,0,188,4,151440,Tomáš Holeš,tomas-holes,SK Slavia Praha,2216,Champions League,Defender,2025/26,0.0,0.4787,0.0096,0.2681,0.4787,0.0,0.4787,0.0,30.6383,38.2979,1.4362,1.9149,6.2234,0.4787,0.0,7.6596,0.0,0.0,0.0,59.8404,1.9149,0.0,0.9574,3.3511,6.7021,0.0,0.0,0.9574,0.0,0.0,0.0,0.0,0.0,DC/DR,Centre-Back
0,0,0.0,0.29,0,0,0,0,91,120,0,7,17,2,0,12,0,0,1,195,5,0,9,11,8,0,0,3,0,0,0,0,0,323,5,907174,Tomáš Vlček,tomas-vlcek,SK Slavia Praha,2216,Champions League,Defender,2025/26,0.0,0.0,0.0,0.0808,0.0,0.0,0.0,0.0,25.356,33.4365,0.0,1.9505,4.7368,0.5573,0.0,3.3437,0.0,0.0,0.2786,54.3344,1.3932,0.0,2.5077,3.065,2.2291,0.0,0.0,0.8359,0.0,0.0,0.0,0.0,0.0,DC/DR,Centre-Back
1,0,0.72,0.46,4,2,0,0,69,95,11,1,4,3,0,37,5,0,4,182,1,0,3,17,4,1,0,0,0,0,0,0,0,365,7,876947,Vasil Kušej,vasil-kusej,SK Slavia Praha,2216,Champions League,Forward,2025/26,0.2466,0.0,0.1775,0.1134,0.9863,0.4932,0.0,0.0,17.0137,23.4247,2.7123,0.2466,0.9863,0.7397,0.0,9.1233,1.2329,0.0,0.9863,44.8767,0.2466,0.0,0.7397,4.1918,0.9863,0.2466,0.0,0.0,0.0,0.0,0.0,0.0,0.0,LW/ST/AM,Winger
2,0,1.66,0.34,8,4,0,1,53,77,3,1,9,2,0,20,2,0,4,194,7,0,5,17,17,2,0,7,0,2,0,0,1,389,7,2186126,Youssoupha Mbodji,youssoupha-mbodji,SK Slavia Praha,2216,Champions League,Defender,2025/26,0.4627,0.0,0.3841,0.0787,1.8509,0.9254,0.0,0.2314,12.2622,17.8149,0.6941,0.2314,2.0823,0.4627,0.0,4.6272,0.4627,0.0,0.9254,44.8843,1.6195,0.0,1.1568,3.9332,3.9332,0.4627,0.0,1.6195,0.0,0.4627,0.0,0.0,0.2314,DL,Full-Back
0,0,0.55,0.12,8,1,0,0,56,91,4,3,10,0,0,23,6,0,3,193,10,0,4,27,11,3,0,8,0,1,0,0,1,328,6,1923332,Youssoupha Sanyang,youssoupha-sanyang,SK Slavia Praha,2216,Champions League,Midfielder,2025/26,0.0,0.0,0.1509,0.0329,2.1951,0.2744,0.0,0.0,15.3659,24.9695,1.0976,0.8232,2.7439,0.0,0.0,6.311,1.6463,0.0,0.8232,52.9573,2.7439,0.0,1.0976,7.4085,3.0183,0.8232,0.0,2.1951,0.0,0.2744,0.0,0.0,0.2744,LW,Winger
1,0,0.72,0.11,3,1,0,1,184,227,1,20,44,1,0,18,1,0,2,360,7,0,4,34,49,0,0,8,0,1,0,0,0,559,8,1144329,Štěpán Chaloupek,stepan-chaloupek,SK Slavia Praha,2216,Champions League,Defender,2025/26,0.161,0.0,0.1159,0.0177,0.483,0.161,0.0,0.161,29.6243,36.5474,0.161,3.22,7.0841,0.161,0.0,2.898,0.161,0.0,0.322,57.9606,1.127,0.0,0.644,5.4741,7.8891,0.0,0.0,1.288,0.0,0.161,0.0,0.0,0.0,DC/DL,Centre-Back
0,0,0.26,0.51,5,2,1,0,391,433,2,7,18,0,0,47,0,0,2,503,6,0,9,27,15,1,0,16,0,0,0,0,1,598,7,870263,Alessandro Buongiorno,alessandro-buongiorno,SSC Napoli,2714,Champions League,Defender,2025/26,0.0,0.0,0.0391,0.0768,0.7525,0.301,0.1505,0.0,58.8462,65.1672,0.301,1.0535,2.709,0.0,0.0,7.0736,0.0,0.0,0.301,75.7023,0.903,0.0,1.3545,4.0635,2.2575,0.1505,0.0,2.408,0.0,0.0,0.0,0.0,0.1505,DC/DL,Centre-Back
0,0,0.13,0.12,2,0,0,0,230,246,1,5,14,0,0,37,1,0,0,273,2,0,3,11,12,2,0,8,0,2,0,0,0,270,3,332155,Amir Rrahmani,amir-rrahmani,SSC Napoli,2714,Champions League,Defender,2025/26,0.0,0.0,0.0433,0.04,0.6667,0.0,0.0,0.0,76.6667,82.0,0.3333,1.6667,4.6667,0.0,0.0,12.3333,0.3333,0.0,0.0,91.0,0.6667,0.0,1.0,3.6667,4.0,0.6667,0.0,2.6667,0.0,0.6667,0.0,0.0,0.0,DC,Centre-Back
1,0,0.77,0.41,6,3,0,0,30,43,4,1,2,3,0,15,4,0,6,107,5,0,1,7,1,0,0,2,0,1,0,0,0,162,4,1069560,Antonio Vergara,antonio-vergara,SSC Napoli,2714,Champions League,Forward,2025/26,0.5556,0.0,0.4278,0.2278,3.3333,1.6667,0.0,0.0,16.6667,23.8889,2.2222,0.5556,1.1111,1.6667,0.0,8.3333,2.2222,0.0,3.3333,59.4444,2.7778,0.0,0.5556,3.8889,0.5556,0.0,0.0,1.1111,0.0,0.5556,0.0,0.0,0.0,AM/RW,Attacking Mid
0,1,0.3,0.62,3,3,1,0,76,91,6,0,0,4,0,36,5,0,8,152,2,0,1,15,0,0,0,2,0,0,0,0,0,260,6,850993,David Neres,david-neres,SSC Napoli,2714,Champions League,Forward,2025/26,0.0,0.3462,0.1038,0.2146,1.0385,1.0385,0.3462,0.0,26.3077,31.5,2.0769,0.0,0.0,1.3846,0.0,12.4615,1.7308,0.0,2.7692,52.6154,0.6923,0.0,0.3462,5.1923,0.0,0.0,0.0,0.6923,0.0,0.0,0.0,0.0,0.0,RW/LW,Winger
0,1,0.21,0.71,4,2,2,0,167,186,7,2,5,5,0,57,8,0,3,259,3,0,3,11,2,1,0,0,0,1,0,0,0,378,7,838232,Eljif Elmas,eljif-elmas,SSC Napoli,2714,Champions League,Midfielder,2025/26,0.0,0.2381,0.05,0.169,0.9524,0.4762,0.4762,0.0,39.7619,44.2857,1.6667,0.4762,1.1905,1.1905,0.0,13.5714,1.9048,0.0,0.7143,61.6667,0.7143,0.0,0.7143,2.619,0.4762,0.2381,0.0,0.0,0.0,0.2381,0.0,0.0,0.0,MC/AM/LW,Central Mid
0,0,0.69,0.25,7,0,1,1,113,148,3,3,6,0,0,28,4,0,4,206,3,0,1,22,4,2,0,12,0,0,0,0,0,341,4,787941,Frank Anguissa,frank-anguissa,SSC Napoli,2714,Champions League,Midfielder,2025/26,0.0,0.0,0.1821,0.066,1.8475,0.0,0.2639,0.2639,29.824,39.0616,0.7918,0.7918,1.5836,0.0,0.0,7.39,1.0557,0.0,1.0557,54.3695,0.7918,0.0,0.2639,5.8065,1.0557,0.5279,0.0,3.1672,0.0,0.0,0.0,0.0,0.0,MC/DM,Central Mid
0,0,0.74,0.74,9,1,1,1,345,390,5,10,17,1,0,106,1,0,4,491,3,0,3,17,7,5,0,6,0,1,1,1,0,561,7,153257,Giovanni Di Lorenzo,giovanni-di-lorenzo,SSC Napoli,2714,Champions League,Defender,2025/26,0.0,0.0,0.1187,0.1187,1.4439,0.1604,0.1604,0.1604,55.3476,62.5668,0.8021,1.6043,2.7273,0.1604,0.0,17.0053,0.1604,0.0,0.6417,78.7701,0.4813,0.0,0.4813,2.7273,1.123,0.8021,0.0,0.9626,0.0,0.1604,0.1604,0.1604,0.0,DR/DC,Full-Back
0,0,0.0,0.05,0,0,0,0,235,265,0,6,20,0,0,27,0,0,0,309,4,0,7,16,11,0,0,2,0,1,0,0,1,347,7,108484,Juan Jesus,juan-jesus,SSC Napoli,2714,Champions League,Defender,2025/26,0.0,0.0,0.0,0.013,0.0,0.0,0.0,0.0,60.951,68.732,0.0,1.5562,5.1873,0.0,0.0,7.0029,0.0,0.0,0.0,80.1441,1.0375,0.0,1.8156,4.1499,2.853,0.0,0.0,0.5187,0.0,0.2594,0.0,0.0,0.2594,DC,Centre-Back
0,2,0.08,0.6,3,0,2,0,68,79,4,4,5,2,0,19,4,0,2,107,1,0,1,9,1,1,0,1,0,0,0,0,0,191,3,70996,Kevin De Bruyne,kevin-de-bruyne,SSC Napoli,2714,Champions League,Midfielder,2025/26,0.0,0.9424,0.0377,0.2827,1.4136,0.0,0.9424,0.0,32.0419,37.2251,1.8848,1.8848,2.356,0.9424,0.0,8.9529,1.8848,0.0,0.9424,50.4188,0.4712,0.0,0.4712,4.2408,0.4712,0.4712,0.0,0.4712,0.0,0.0,0.0,0.0,0.0,AM/MC,Attacking Mid
0,1,0.03,0.49,2,0,1,0,154,190,4,11,17,5,0,40,2,0,2,267,4,0,2,20,5,0,0,2,0,1,0,0,0,427,6,148899,Leonardo Spinazzola,leonardo-spinazzola,SSC Napoli,2714,Champions League,Defender,2025/26,0.0,0.2108,0.0063,0.1033,0.4215,0.0,0.2108,0.0,32.459,40.0468,0.8431,2.3185,3.5831,1.0539,0.0,8.4309,0.4215,0.0,0.4215,56.2763,0.8431,0.0,0.4215,4.2155,1.0539,0.0,0.0,0.4215,0.0,0.2108,0.0,0.0,0.0,ML/DL,Winger
0,2,0.47,0.65,5,3,1,0,145,159,5,10,12,1,0,44,1,0,2,227,7,0,6,16,4,2,0,2,0,0,0,0,0,325,6,805078,Mathías Olivera,mathias-olivera,SSC Napoli,2714,Champions League,Defender,2025/26,0.0,0.5538,0.1302,0.18,1.3846,0.8308,0.2769,0.0,40.1538,44.0308,1.3846,2.7692,3.3231,0.2769,0.0,12.1846,0.2769,0.0,0.5538,62.8615,1.9385,0.0,1.6615,4.4308,1.1077,0.5538,0.0,0.5538,0.0,0.0,0.0,0.0,0.0,DL/DC,Full-Back
0,0,0.09,0.9,3,1,3,0,119,143,10,5,10,9,0,40,1,0,4,230,1,0,2,18,3,0,0,0,0,1,0,0,1,333,6,235672,Matteo Politano,matteo-politano,SSC Napoli,2714,Champions League,Midfielder,2025/26,0.0,0.0,0.0243,0.2432,0.8108,0.2703,0.8108,0.0,32.1622,38.6486,2.7027,1.3514,2.7027,2.4324,0.0,10.8108,0.2703,0.0,1.0811,62.1622,0.2703,0.0,0.5405,4.8649,0.8108,0.0,0.0,0.0,0.0,0.2703,0.0,0.0,0.2703,RW/MR,Winger
0,0,0.04,0.37,2,0,0,0,164,176,4,4,9,2,0,52,0,0,2,242,2,0,3,19,5,1,0,1,0,1,0,0,0,302,5,908716,Miguel Gutiérrez,miguel-gutierrez,SSC Napoli,2714,Champions League,Defender,2025/26,0.0,0.0,0.0119,0.1103,0.596,0.0,0.0,0.0,48.8742,52.4503,1.1921,1.1921,2.6821,0.596,0.0,15.4967,0.0,0.0,0.596,72.1192,0.596,0.0,0.894,5.6623,1.4901,0.298,0.0,0.298,0.0,0.298,0.0,0.0,0.0,DL/ML,Full-Back
3,0,2.63,0.29,13,5,0,3,93,115,2,1,1,0,0,41,5,0,12,197,1,0,1,5,2,5,0,8,0,1,0,0,0,596,7,1086417,Rasmus Højlund,rasmus-hojlund,SSC Napoli,2714,Champions League,Forward,2025/26,0.453,0.0,0.3971,0.0438,1.9631,0.755,0.0,0.453,14.0436,17.3658,0.302,0.151,0.151,0.0,0.0,6.1913,0.755,0.0,1.8121,29.7483,0.151,0.0,0.151,0.755,0.302,0.755,0.0,1.2081,0.0,0.151,0.0,0.0,0.0,ST,Striker
0,0,0.17,0.05,1,1,0,1,238,259,0,10,14,0,0,32,0,0,0,300,2,0,2,14,17,0,0,5,0,0,0,0,0,354,6,898815,Sam Beukema,sam-beukema,SSC Napoli,2714,Champions League,Defender,2025/26,0.0,0.0,0.0432,0.0127,0.2542,0.2542,0.0,0.2542,60.5085,65.8475,0.0,2.5424,3.5593,0.0,0.0,8.1356,0.0,0.0,0.0,76.2712,0.5085,0.0,0.5085,3.5593,4.322,0.0,0.0,1.2712,0.0,0.0,0.0,0.0,0.0,DC/DR,Centre-Back
4,0,3.05,0.83,16,6,1,2,299,335,12,13,17,0,0,75,9,0,11,452,5,0,4,26,8,4,0,9,0,0,0,0,0,699,8,879346,Scott McTominay,scott-mctominay,SSC Napoli,2714,Champions League,Midfielder,2025/26,0.515,0.0,0.3927,0.1069,2.0601,0.7725,0.1288,0.2575,38.4979,43.133,1.5451,1.6738,2.1888,0.0,0.0,9.6567,1.1588,0.0,1.4163,58.1974,0.6438,0.0,0.515,3.3476,1.03,0.515,0.0,1.1588,0.0,0.0,0.0,0.0,0.0,MC/DM/AM,Central Mid
0,0,0.01,0.53,1,0,0,0,356,374,2,14,16,0,0,81,1,0,2,421,4,0,5,20,3,0,0,4,0,0,0,0,0,505,6,150383,Stanislav Lobotka,stanislav-lobotka,SSC Napoli,2714,Champions League,Midfielder,2025/26,0.0,0.0,0.0018,0.0945,0.1782,0.0,0.0,0.0,63.4455,66.6535,0.3564,2.495,2.8515,0.0,0.0,14.4356,0.1782,0.0,0.3564,75.0297,0.7129,0.0,0.8911,3.5644,0.5347,0.0,0.0,0.7129,0.0,0.0,0.0,0.0,0.0,MC/DM,Central Mid
3,0,0.37,0.08,4,3,0,0,43,59,2,0,1,0,0,12,12,0,6,123,1,0,4,14,1,0,0,0,0,0,0,0,0,170,8,1122835,Alisson Santos,alisson-santos,Sporting CP,3001,Champions League,Forward,2025/26,1.5882,0.0,0.1959,0.0424,2.1176,1.5882,0.0,0.0,22.7647,31.2353,1.0588,0.0,0.5294,0.0,0.0,6.3529,6.3529,0.0,3.1765,65.1176,0.5294,0.0,2.1176,7.4118,0.5294,0.0,0.0,0.0,0.0,0.0,0.0,0.0,0.0,LW,Winger
0,1,0.24,0.08,2,0,1,0,40,56,1,1,1,0,0,18,3,0,1,91,1,0,4,8,3,2,0,2,0,0,0,0,0,173,6,861979,Daniel Bragança,daniel-braganca,Sporting CP,3001,Champions League,Midfielder,2025/26,0.0,0.5202,0.1249,0.0416,1.0405,0.0,0.5202,0.0,20.8092,29.1329,0.5202,0.5202,0.5202,0.0,0.0,9.3642,1.5607,0.0,0.5202,47.341,0.5202,0.0,2.0809,4.1618,1.5607,1.0405,0.0,1.0405,0.0,0.0,0.0,0.0,0.0,MC/DM,Central Mid
0,0,0.0,0.07,0,0,0,0,307,333,0,11,15,0,0,20,3,0,2,421,10,0,6,14,27,0,0,7,0,1,0,0,0,445,7,989841,Eduardo Quaresma,quaresma,Sporting CP,3001,Champions League,Defender,2025/26,0.0,0.0,0.0,0.0142,0.0,0.0,0.0,0.0,62.0899,67.3483,0.0,2.2247,3.0337,0.0,0.0,4.0449,0.6067,0.0,0.4045,85.1461,2.0225,0.0,1.2135,2.8315,5.4607,0.0,0.0,1.4157,0.0,0.2022,0.0,0.0,0.0,DC/DR,Centre-Back
0,1,0.13,0.02,1,0,0,0,32,39,2,3,3,0,0,13,0,0,3,72,1,0,0,2,1,1,0,5,0,0,0,0,0,203,5,903679,Fotis Ioannidis,fotis-ioannidis,Sporting CP,3001,Champions League,Forward,2025/26,0.0,0.4433,0.0576,0.0089,0.4433,0.0,0.0,0.0,14.1872,17.2906,0.8867,1.33,1.33,0.0,0.0,5.7635,0.0,0.0,1.33,31.9212,0.4433,0.0,0.0,0.8867,0.4433,0.4433,0.0,2.2167,0.0,0.0,0.0,0.0,0.0,ST,Striker
4,3,3.15,0.87,27,7,2,3,311,374,16,6,14,4,0,123,19,0,11,566,10,0,8,35,5,9,0,3,0,0,0,0,0,956,11,830431,Francisco Trincão,francisco-trincao,Sporting CP,3001,Champions League,Midfielder,2025/26,0.3766,0.2824,0.2965,0.0819,2.5418,0.659,0.1883,0.2824,29.2782,35.2092,1.5063,0.5649,1.318,0.3766,0.0,11.5795,1.7887,0.0,1.0356,53.2845,0.9414,0.0,0.7531,3.295,0.4707,0.8473,0.0,0.2824,0.0,0.0,0.0,0.0,0.0,AM/RW,Attacking Mid
1,1,1.39,1.92,23,8,2,3,248,292,14,8,12,3,0,102,12,0,21,481,4,0,3,42,13,5,0,2,0,0,0,0,0,772,11,1001140,Geny Catamo,geny-catamo,Sporting CP,3001,Champions League,Midfielder,2025/26,0.1166,0.1166,0.162,0.2238,2.6813,0.9326,0.2332,0.3497,28.9119,34.0415,1.6321,0.9326,1.399,0.3497,0.0,11.8912,1.399,0.0,2.4482,56.0751,0.4663,0.0,0.3497,4.8964,1.5155,0.5829,0.0,0.2332,0.0,0.0,0.0,0.0,0.0,RW/MR,Winger
0,1,0.0,0.08,0,0,2,0,85,94,3,1,4,0,0,22,0,0,0,137,5,0,2,5,5,0,0,1,0,0,0,0,1,177,5,1166952,Georgios Vagiannidis,georgios-vagiannidis,Sporting CP,3001,Champions League,Defender,2025/26,0.0,0.5085,0.0,0.0407,0.0,0.0,1.0169,0.0,43.2203,47.7966,1.5254,0.5085,2.0339,0.0,0.0,11.1864,0.0,0.0,0.0,69.661,2.5424,0.0,1.0169,2.5424,2.5424,0.0,0.0,0.5085,0.0,0.0,0.0,0.0,0.5085,DR,Full-Back
2,2,0.76,0.89,9,5,1,0,126,154,8,5,7,5,0,42,4,0,2,239,4,0,2,15,2,2,0,1,0,1,0,0,0,406,6,1403165,Geovany Quenda,geovany-quenda,Sporting CP,3001,Champions League,Midfielder,2025/26,0.4433,0.4433,0.1685,0.1973,1.9951,1.1084,0.2217,0.0,27.931,34.1379,1.7734,1.1084,1.5517,1.1084,0.0,9.3103,0.8867,0.0,0.4433,52.9803,0.8867,0.0,0.4433,3.3251,0.4433,0.4433,0.0,0.2217,0.0,0.2217,0.0,0.0,0.0,RW/MR,Winger
1,0,0.35,0.28,3,1,0,1,692,795,2,58,110,0,0,82,0,0,4,914,5,0,10,36,33,0,0,20,0,0,0,0,0,956,11,1001196,Gonçalo Inácio,goncalo-inacio,Sporting CP,3001,Champions League,Defender,2025/26,0.0941,0.0,0.0329,0.0264,0.2824,0.0941,0.0,0.0941,65.1464,74.8431,0.1883,5.4603,10.3556,0.0,0.0,7.7197,0.0,0.0,0.3766,86.046,0.4707,0.0,0.9414,3.3891,3.1067,0.0,0.0,1.8828,0.0,0.0,0.0,0.0,0.0,DC/DL,Centre-Back
0,1,0.27,0.4,3,0,0,0,241,285,5,14,20,2,0,43,0,0,3,338,5,0,3,32,8,0,0,10,0,1,0,0,0,466,11,926560,Hidemasa Morita,hidemasa-morita,Sporting CP,3001,Champions League,Midfielder,2025/26,0.0,0.1931,0.0521,0.0773,0.5794,0.0,0.0,0.0,46.5451,55.0429,0.9657,2.7039,3.8627,0.3863,0.0,8.3047,0.0,0.0,0.5794,65.279,0.9657,0.0,0.5794,6.1803,1.5451,0.0,0.0,1.9313,0.0,0.1931,0.0,0.0,0.0,MC/DM,Central Mid
0,0,0.29,0.8,4,1,3,0,384,432,6,7,14,1,0,74,10,0,4,646,11,0,9,27,26,0,0,8,0,1,0,0,0,920,10,1167818,Iván Fresneda,ivan-fresneda,Sporting CP,3001,Champions League,Defender,2025/26,0.0,0.0,0.0284,0.0783,0.3913,0.0978,0.2935,0.0,37.5652,42.2609,0.587,0.6848,1.3696,0.0978,0.0,7.2391,0.9783,0.0,0.3913,63.1957,1.0761,0.0,0.8804,2.6413,2.5435,0.0,0.0,0.7826,0.0,0.0978,0.0,0.0,0.0,DR,Full-Back
0,0,0.37,0.19,4,2,0,0,256,284,3,6,13,0,0,35,5,0,10,392,5,0,4,34,7,1,0,0,0,1,0,0,0,654,10,1410209,João Simões,joao-simoes,Sporting CP,3001,Champions League,Midfielder,2025/26,0.0,0.0,0.0509,0.0261,0.5505,0.2752,0.0,0.0,35.2294,39.0826,0.4128,0.8257,1.789,0.0,0.0,4.8165,0.6881,0.0,1.3761,53.945,0.6881,0.0,0.5505,4.6789,0.9633,0.1376,0.0,0.0,0.0,0.1376,0.0,0.0,0.0,MC/DM,Central Mid
5,2,5.28,0.62,31,15,4,7,151,202,13,4,10,1,0,48,8,0,12,363,5,0,0,27,2,8,0,22,0,2,0,1,0,956,12,914213,Luis Javier Suárez,luis-javier-suarez,Sporting CP,3001,Champions League,Forward,2025/26,0.4707,0.1883,0.4971,0.0584,2.9184,1.4121,0.3766,0.659,14.2155,19.0167,1.2238,0.3766,0.9414,0.0941,0.0,4.5188,0.7531,0.0,1.1297,34.1736,0.4707,0.0,0.0,2.5418,0.1883,0.7531,0.0,2.0711,0.0,0.1883,0.0,0.0941,0.0,ST,Striker
0,0,0.06,0.15,2,0,0,0,157,174,1,7,13,0,0,9,0,0,0,224,2,0,4,17,19,1,0,1,0,1,0,0,0,278,6,797648,Matheus Reis,matheus-reis,Sporting CP,3001,Champions League,Defender,2025/26,0.0,0.0,0.0194,0.0486,0.6475,0.0,0.0,0.0,50.8273,56.3309,0.3237,2.2662,4.2086,0.0,0.0,2.9137,0.0,0.0,0.0,72.518,0.6475,0.0,1.295,5.5036,6.1511,0.3237,0.0,0.3237,0.0,0.3237,0.0,0.0,0.0,DL/DC/ML,Full-Back
2,1,0.44,1.01,8,4,4,1,298,353,15,9,21,8,0,75,6,0,8,635,29,0,14,53,27,1,0,8,0,4,0,1,0,980,11,929193,Maximiliano Araújo,maximiliano-araujo,Sporting CP,3001,Champions League,Defender,2025/26,0.1837,0.0918,0.0404,0.0928,0.7347,0.3673,0.3673,0.0918,27.3673,32.4184,1.3776,0.8265,1.9286,0.7347,0.0,6.8878,0.551,0.0,0.7347,58.3163,2.6633,0.0,1.2857,4.8673,2.4796,0.0918,0.0,0.7347,0.0,0.3673,0.0,0.0918,0.0,DL/ML,Full-Back
0,0,1.31,0.48,8,4,0,1,613,661,13,17,28,0,0,107,4,0,10,815,15,0,19,59,13,1,1,13,0,5,0,0,0,910,10,859917,Morten Hjulmand,morten-hjulmand,Sporting CP,3001,Champions League,Midfielder,2025/26,0.0,0.0,0.1296,0.0475,0.7912,0.3956,0.0,0.0989,60.6264,65.3736,1.2857,1.6813,2.7692,0.0,0.0,10.5824,0.3956,0.0,0.989,80.6044,1.4835,0.0,1.8791,5.8352,1.2857,0.0989,0.0989,1.2857,0.0,0.4945,0.0,0.0,0.0,MC/DM,Central Mid
1,0,0.15,0.27,3,1,1,0,431,461,1,15,31,0,0,26,0,0,2,526,5,0,7,13,32,0,0,14,0,0,0,0,0,614,9,1394342,Ousmane Diomande,ousmane-diomande,Sporting CP,3001,Champions League,Defender,2025/26,0.1466,0.0,0.022,0.0396,0.4397,0.1466,0.1466,0.0,63.1759,67.5733,0.1466,2.1987,4.544,0.0,0.0,3.8111,0.0,0.0,0.2932,77.101,0.7329,0.0,1.0261,1.9055,4.6906,0.0,0.0,2.0521,0.0,0.0,0.0,0.0,0.0,DC,Centre-Back
1,1,1.5,0.55,14,6,2,2,159,213,8,11,14,6,0,46,12,0,6,311,2,0,5,18,2,3,0,1,0,3,0,0,0,532,8,895764,Pedro Gonçalves,pedro-goncalves,Sporting CP,3001,Champions League,Midfielder,2025/26,0.1692,0.1692,0.2538,0.093,2.3684,1.015,0.3383,0.3383,26.8985,36.0338,1.3534,1.8609,2.3684,1.015,0.0,7.782,2.0301,0.0,1.015,52.6128,0.3383,0.0,0.8459,3.0451,0.3383,0.5075,0.0,0.1692,0.0,0.5075,0.0,0.0,0.0,LW/AM,Winger
0,0,0.15,0.42,4,1,0,0,127,138,0,9,17,0,0,25,0,0,2,160,1,0,0,10,5,2,0,2,0,1,0,0,0,179,4,1126512,Zeno Debast,zeno-debast,Sporting CP,3001,Champions League,Defender,2025/26,0.0,0.0,0.0754,0.2112,2.0112,0.5028,0.0,0.0,63.8547,69.3855,0.0,4.5251,8.5475,0.0,0.0,12.5698,0.0,0.0,1.0056,80.4469,0.5028,0.0,0.0,5.0279,2.514,1.0056,0.0,1.0056,0.0,0.5028,0.0,0.0,0.0,DC/MC,Centre-Back
0,1,0.71,0.43,5,2,1,1,209,233,7,4,7,4,0,54,5,0,6,323,7,0,6,29,11,2,0,4,0,2,0,0,0,584,8,1142335,Archie Gray,archie-gray,Tottenham Hotspur,33,Champions League,Midfielder,2025/26,0.0,0.1541,0.1094,0.0663,0.7705,0.3082,0.1541,0.1541,32.2089,35.9075,1.0788,0.6164,1.0788,0.6164,0.0,8.3219,0.7705,0.0,0.9247,49.7774,1.0788,0.0,0.9247,4.4692,1.6952,0.3082,0.0,0.6164,0.0,0.3082,0.0,0.0,0.0,MC/DR/DM/DC,Central Mid
1,0,0.25,0.24,4,2,0,0,160,171,2,3,3,0,0,30,1,0,8,241,5,0,7,20,6,1,0,3,0,0,0,0,0,340,8,904970,Conor Gallagher,conor-gallagher,Tottenham Hotspur,33,Champions League,Midfielder,2025/26,0.2647,0.0,0.0662,0.0635,1.0588,0.5294,0.0,0.0,42.3529,45.2647,0.5294,0.7941,0.7941,0.0,0.0,7.9412,0.2647,0.0,2.1176,63.7941,1.3235,0.0,1.8529,5.2941,1.5882,0.2647,0.0,0.7941,0.0,0.0,0.0,0.0,0.0,MC/AM/DM,Central Mid
1,2,0.35,1.75,7,2,3,1,396,431,8,13,29,0,0,38,2,0,1,524,7,0,8,36,30,2,0,15,0,2,0,0,1,694,8,829932,Cristian Romero,cristian-romero,Tottenham Hotspur,33,Champions League,Defender,2025/26,0.1297,0.2594,0.0454,0.2269,0.9078,0.2594,0.389,0.1297,51.3545,55.8934,1.0375,1.6859,3.7608,0.0,0.0,4.928,0.2594,0.0,0.1297,67.9539,0.9078,0.0,1.0375,4.6686,3.8905,0.2594,0.0,1.9452,0.0,0.2594,0.0,0.0,0.1297,DC,Centre-Back
0,0,0.02,0.12,1,1,0,1,154,170,3,8,10,0,0,43,0,0,0,237,8,0,6,20,3,0,0,0,0,1,0,0,0,318,7,983572,Destiny Udogie,destiny-udogie,Tottenham Hotspur,33,Champions League,Defender,2025/26,0.0,0.0,0.0057,0.034,0.283,0.283,0.0,0.283,43.5849,48.1132,0.8491,2.2642,2.8302,0.0,0.0,12.1698,0.0,0.0,0.0,67.0755,2.2642,0.0,1.6981,5.6604,0.8491,0.0,0.0,0.0,0.0,0.283,0.0,0.0,0.0,DL,Full-Back
0,0,0.09,0.47,3,1,0,0,247,299,8,12,19,2,0,74,17,0,10,519,8,0,8,29,12,1,0,8,0,1,0,0,0,706,10,945798,Djed Spence,djed-spence,Tottenham Hotspur,33,Champions League,Defender,2025/26,0.0,0.0,0.0115,0.0599,0.3824,0.1275,0.0,0.0,31.4873,38.1161,1.0198,1.5297,2.4221,0.255,0.0,9.4334,2.1671,0.0,1.2748,66.1615,1.0198,0.0,1.0198,3.6969,1.5297,0.1275,0.0,1.0198,0.0,0.1275,0.0,0.0,0.0,DL/DR,Full-Back
1,1,0.88,0.09,3,2,0,0,217,249,1,9,15,0,0,48,2,0,4,312,12,0,3,19,9,0,0,7,0,2,0,0,0,377,8,364612,João Palhinha,joao-palhinha,Tottenham Hotspur,33,Champions League,Midfielder,2025/26,0.2387,0.2387,0.2101,0.0215,0.7162,0.4775,0.0,0.0,51.8037,59.443,0.2387,2.1485,3.5809,0.0,0.0,11.4589,0.4775,0.0,0.9549,74.4828,2.8647,0.0,0.7162,4.5358,2.1485,0.0,0.0,1.6711,0.0,0.4775,0.0,0.0,0.0,MC/DM,Central Mid
0,0,0.16,0.3,1,0,0,1,270,308,4,18,33,3,0,32,1,0,4,400,1,0,5,17,20,0,0,17,0,1,0,0,0,477,8,794953,Kevin Danso,kevin-danso,Tottenham Hotspur,33,Champions League,Defender,2025/26,0.0,0.0,0.0302,0.0566,0.1887,0.0,0.0,0.1887,50.9434,58.1132,0.7547,3.3962,6.2264,0.566,0.0,6.0377,0.1887,0.0,0.7547,75.4717,0.1887,0.0,0.9434,3.2075,3.7736,0.0,0.0,3.2075,0.0,0.1887,0.0,0.0,0.0,DC,Centre-Back
0,0,0.13,0.38,3,0,1,0,75,92,3,1,2,0,0,35,2,0,2,160,2,0,5,12,3,1,0,5,0,1,0,0,0,377,7,1391251,Lucas Bergvall,lucas-bergvall,Tottenham Hotspur,33,Champions League,Midfielder,2025/26,0.0,0.0,0.031,0.0907,0.7162,0.0,0.2387,0.0,17.9045,21.9629,0.7162,0.2387,0.4775,0.0,0.0,8.3554,0.4775,0.0,0.4775,38.1963,0.4775,0.0,1.1936,2.8647,0.7162,0.2387,0.0,1.1936,0.0,0.2387,0.0,0.0,0.0,MC/AM,Central Mid
0,1,0.62,0.24,8,8,1,1,25,33,3,0,2,4,0,14,8,0,9,94,0,0,1,7,0,0,0,2,0,0,0,0,0,158,3,1048888,Mathys Tel,mathys-tel,Tottenham Hotspur,33,Champions League,Forward,2025/26,0.0,0.5696,0.3532,0.1367,4.557,4.557,0.5696,0.5696,14.2405,18.7975,1.7089,0.0,1.1392,2.2785,0.0,7.9747,4.557,0.0,5.1266,53.5443,0.0,0.0,0.5696,3.9873,0.0,0.0,0.0,1.1392,0.0,0.0,0.0,0.0,0.0,ST/LW,Striker
2,0,0.8,0.14,6,3,0,0,364,394,3,34,53,0,0,32,4,0,1,492,8,0,8,36,26,1,1,8,0,3,0,0,0,720,8,998247,Micky van de Ven,micky-van-de-ven,Tottenham Hotspur,33,Champions League,Defender,2025/26,0.25,0.0,0.1,0.0175,0.75,0.375,0.0,0.0,45.5,49.25,0.375,4.25,6.625,0.0,0.0,4.0,0.5,0.0,0.125,61.5,1.0,0.0,1.0,4.5,3.25,0.125,0.125,1.0,0.0,0.375,0.0,0.0,0.0,DC/DL,Centre-Back
1,0,1.01,0.9,4,3,2,1,97,114,5,6,8,6,0,32,12,0,12,208,6,0,0,23,1,1,0,1,0,0,0,0,0,271,5,905163,Mohammed Kudus,mohammed-kudus,Tottenham Hotspur,33,Champions League,Midfielder,2025/26,0.3321,0.0,0.3354,0.2989,1.3284,0.9963,0.6642,0.3321,32.214,37.8598,1.6605,1.9926,2.6568,1.9926,0.0,10.6273,3.9852,0.0,3.9852,69.0775,1.9926,0.0,0.0,7.6384,0.3321,0.3321,0.0,0.3321,0.0,0.0,0.0,0.0,0.0,RW/AM/LW,Winger
0,0,0.69,0.25,12,3,1,1,264,307,2,10,18,0,0,58,4,0,5,417,10,0,12,42,14,4,3,8,0,0,0,0,0,643,9,1002711,Pape Matar Sarr,pape-matar-sarr,Tottenham Hotspur,33,Champions League,Midfielder,2025/26,0.0,0.0,0.0966,0.035,1.6796,0.4199,0.14,0.14,36.9518,42.9705,0.2799,1.3997,2.5194,0.0,0.0,8.1182,0.5599,0.0,0.6998,58.367,1.3997,0.0,1.6796,5.8787,1.9596,0.5599,0.4199,1.1198,0.0,0.0,0.0,0.0,0.0,MC/DM,Central Mid
1,2,0.87,1.27,13,4,4,0,299,393,12,33,72,16,0,90,7,0,3,624,5,0,13,42,19,4,0,0,0,2,0,1,0,772,9,913654,Pedro Porro,pedro-porro,Tottenham Hotspur,33,Champions League,Defender,2025/26,0.1166,0.2332,0.1014,0.1481,1.5155,0.4663,0.4663,0.0,34.8575,45.8161,1.399,3.8472,8.3938,1.8653,0.0,10.4922,0.8161,0.0,0.3497,72.7461,0.5829,0.0,1.5155,4.8964,2.215,0.4663,0.0,0.0,0.0,0.2332,0.0,0.1166,0.0,DR,Full-Back
4,2,2.67,1.07,11,6,3,4,50,78,7,1,1,1,0,28,5,0,6,154,2,0,1,13,2,1,0,6,0,2,0,0,0,449,9,871706,Randal Kolo Muani,randal-kolo-muani,Tottenham Hotspur,33,Champions League,Forward,2025/26,0.8018,0.4009,0.5352,0.2145,2.2049,1.2027,0.6013,0.8018,10.0223,15.6347,1.4031,0.2004,0.2004,0.2004,0.0,5.6125,1.0022,0.0,1.2027,30.8686,0.4009,0.0,0.2004,2.6058,0.4009,0.2004,0.0,1.2027,0.0,0.4009,0.0,0.0,0.0,ST,Striker
1,1,3.46,0.28,12,5,0,5,43,68,3,0,0,1,0,15,1,0,7,138,4,0,0,6,8,2,0,16,0,3,0,0,0,481,7,840217,Richarlison,richarlison,Tottenham Hotspur,33,Champions League,Forward,2025/26,0.1871,0.1871,0.6474,0.0524,2.2453,0.9356,0.0,0.9356,8.0457,12.7235,0.5613,0.0,0.0,0.1871,0.0,2.8067,0.1871,0.0,1.3098,25.8212,0.7484,0.0,0.0,1.1227,1.4969,0.3742,0.0,2.9938,0.0,0.5613,0.0,0.0,0.0,ST,Striker
0,0,0.16,0.27,3,0,0,0,177,203,2,5,7,1,0,28,3,0,4,261,6,0,8,26,6,1,0,10,0,0,0,0,1,412,5,791190,Rodrigo Bentancur,rodrigo-bentancur,Tottenham Hotspur,33,Champions League,Midfielder,2025/26,0.0,0.0,0.035,0.059,0.6553,0.0,0.0,0.0,38.665,44.3447,0.4369,1.0922,1.5291,0.2184,0.0,6.1165,0.6553,0.0,0.8738,57.0146,1.3107,0.0,1.7476,5.6796,1.3107,0.2184,0.0,2.1845,0.0,0.0,0.0,0.0,0.2184,MC/DM,Central Mid
1,2,0.74,1.65,9,3,2,2,145,162,9,1,2,2,0,80,18,0,6,273,3,0,2,19,2,3,0,2,0,0,0,0,0,491,7,1142679,Wilson Odobert,wilson-odobert,Tottenham Hotspur,33,Champions League,Forward,2025/26,0.1833,0.3666,0.1356,0.3024,1.6497,0.5499,0.3666,0.3666,26.5784,29.6945,1.6497,0.1833,0.3666,0.3666,0.0,14.664,3.2994,0.0,1.0998,50.0407,0.5499,0.0,0.3666,3.4827,0.3666,0.5499,0.0,0.3666,0.0,0.0,0.0,0.0,0.0,RW/LW,Winger
3,1,2.63,1.57,18,5,5,1,280,321,15,18,24,4,0,113,14,0,16,485,6,0,8,33,3,6,0,2,0,1,0,2,0,585,10,997183,Xavi Simons,xavi-simons,Tottenham Hotspur,33,Champions League,Midfielder,2025/26,0.4615,0.1538,0.4046,0.2415,2.7692,0.7692,0.7692,0.1538,43.0769,49.3846,2.3077,2.7692,3.6923,0.6154,0.0,17.3846,2.1538,0.0,2.4615,74.6154,0.9231,0.0,1.2308,5.0769,0.4615,0.9231,0.0,0.3077,0.0,0.1538,0.0,0.3077,0.0,AM/MC,Attacking Mid
0,0,0.19,0.93,4,1,2,0,57,75,6,3,6,4,0,27,6,0,1,119,0,0,2,11,1,2,0,0,0,1,0,0,0,247,7,1012444,Alberto Moleiro,alberto-moleiro,Villarreal,2819,Champions League,Midfielder,2025/26,0.0,0.0,0.0692,0.3389,1.4575,0.3644,0.7287,0.0,20.7692,27.3279,2.1862,1.0931,2.1862,1.4575,0.0,9.8381,2.1862,0.0,0.3644,43.3603,0.0,0.0,0.7287,4.0081,0.3644,0.7287,0.0,0.0,0.0,0.3644,0.0,0.0,0.0,ML/LW,Winger
0,1,0.2,0.38,3,1,0,0,88,101,7,4,9,5,0,23,3,0,1,175,3,0,4,8,5,0,0,0,0,2,0,0,0,246,5,797290,Alfonso Pedraza,alfonso-pedraza,Villarreal,2819,Champions League,Defender,2025/26,0.0,0.3659,0.0732,0.139,1.0976,0.3659,0.0,0.0,32.1951,36.9512,2.561,1.4634,3.2927,1.8293,0.0,8.4146,1.0976,0.0,0.3659,64.0244,1.0976,0.0,1.4634,2.9268,1.8293,0.0,0.0,0.0,0.0,0.7317,0.0,0.0,0.0,DL,Full-Back
0,0,0.75,0.38,7,1,2,1,44,57,5,0,4,1,0,18,5,0,2,109,1,0,0,7,0,2,0,3,0,0,0,0,0,273,5,345195,Ayoze Pérez,ayoze-perez,Villarreal,2819,Champions League,Forward,2025/26,0.0,0.0,0.2473,0.1253,2.3077,0.3297,0.6593,0.3297,14.5055,18.7912,1.6484,0.0,1.3187,0.3297,0.0,5.9341,1.6484,0.0,0.6593,35.9341,0.3297,0.0,0.0,2.3077,0.0,0.6593,0.0,0.989,0.0,0.0,0.0,0.0,0.0,ST/LW,Striker
0,0,0.18,0.4,3,0,0,0,117,126,3,13,14,1,0,30,0,0,0,148,1,0,2,11,1,2,1,0,0,0,0,0,0,205,7,39182,Dani Parejo,dani-parejo,Villarreal,2819,Champions League,Midfielder,2025/26,0.0,0.0,0.079,0.1756,1.3171,0.0,0.0,0.0,51.3659,55.3171,1.3171,5.7073,6.1463,0.439,0.0,13.1707,0.0,0.0,0.0,64.9756,0.439,0.0,0.878,4.8293,0.439,0.878,0.439,0.0,0.0,0.0,0.0,0.0,0.0,MC,Central Mid
1,0,0.89,0.1,6,1,0,1,50,60,1,3,3,0,0,20,4,0,4,110,3,0,1,10,1,1,0,0,0,0,0,0,0,396,7,1009372,Georges Mikautadze,georges-mikautadze,Villarreal,2819,Champions League,Forward,2025/26,0.2273,0.0,0.2023,0.0227,1.3636,0.2273,0.0,0.2273,11.3636,13.6364,0.2273,0.6818,0.6818,0.0,0.0,4.5455,0.9091,0.0,0.9091,25.0,0.6818,0.0,0.2273,2.2727,0.2273,0.2273,0.0,0.0,0.0,0.0,0.0,0.0,0.0,ST,Striker
0,0,0.09,0.06,4,0,0,0,183,203,0,10,20,0,0,20,2,0,1,252,2,0,3,23,16,0,0,3,0,0,1,0,1,322,4,873189,Juan Foyth,juan-foyth,Villarreal,2819,Champions League,Defender,2025/26,0.0,0.0,0.0252,0.0168,1.118,0.0,0.0,0.0,51.1491,56.7391,0.0,2.795,5.5901,0.0,0.0,5.5901,0.559,0.0,0.2795,70.4348,0.559,0.0,0.8385,6.4286,4.472,0.0,0.0,0.8385,0.0,0.0,0.2795,0.0,0.2795,DR/DC,Full-Back
0,1,1.57,1.4,19,6,2,2,147,190,19,0,0,6,0,73,14,0,16,351,6,0,6,36,3,5,0,1,0,1,0,0,0,611,8,593526,Nicolas Pépé,nicolas-pepe,Villarreal,2819,Champions League,Forward,2025/26,0.0,0.1473,0.2313,0.2062,2.7987,0.8838,0.2946,0.2946,21.653,27.9869,2.7987,0.0,0.0,0.8838,0.0,10.7529,2.0622,0.0,2.3568,51.7021,0.8838,0.0,0.8838,5.3028,0.4419,0.7365,0.0,0.1473,0.0,0.1473,0.0,0.0,0.0,MR/ST/RW,Winger
0,0,1.19,0.49,14,4,1,1,205,259,6,26,45,2,0,81,3,0,5,355,8,0,8,29,4,5,0,6,0,3,0,0,0,530,7,879694,Pape Gueye,pape-gueye,Villarreal,2819,Champions League,Midfielder,2025/26,0.0,0.0,0.2021,0.0832,2.3774,0.6792,0.1698,0.1698,34.8113,43.9811,1.0189,4.4151,7.6415,0.3396,0.0,13.7547,0.5094,0.0,0.8491,60.283,1.3585,0.0,1.3585,4.9245,0.6792,0.8491,0.0,1.0189,0.0,0.5094,0.0,0.0,0.0,MC,Central Mid
0,0,0.14,0.02,1,0,0,0,93,106,0,6,11,0,0,13,1,0,0,149,6,0,4,4,5,0,0,1,0,1,0,0,0,193,3,1525863,Pau Navarro,pau-navarro,Villarreal,2819,Champions League,Defender,2025/26,0.0,0.0,0.0653,0.0093,0.4663,0.0,0.0,0.0,43.3679,49.4301,0.0,2.7979,5.1295,0.0,0.0,6.0622,0.4663,0.0,0.0,69.4819,2.7979,0.0,1.8653,1.8653,2.3316,0.0,0.0,0.4663,0.0,0.4663,0.0,0.0,0.0,DC/DR,Centre-Back
0,1,0.06,0.33,2,2,1,0,225,253,2,12,32,0,0,14,0,0,0,319,4,0,10,14,22,0,0,8,0,2,0,0,0,385,5,984623,Rafa Marín,rafa-marin,Villarreal,2819,Champions League,Defender,2025/26,0.0,0.2338,0.014,0.0771,0.4675,0.4675,0.2338,0.0,52.5974,59.1429,0.4675,2.8052,7.4805,0.0,0.0,3.2727,0.0,0.0,0.0,74.5714,0.9351,0.0,2.3377,3.2727,5.1429,0.0,0.0,1.8701,0.0,0.4675,0.0,0.0,0.0,DC,Centre-Back
1,0,0.62,0.13,6,2,0,1,420,472,0,31,62,1,0,55,1,0,2,561,3,0,9,25,35,1,0,10,0,2,0,0,0,720,8,1087359,Renato Veiga,renato-veiga,Villarreal,2819,Champions League,Defender,2025/26,0.125,0.0,0.0775,0.0162,0.75,0.25,0.0,0.125,52.5,59.0,0.0,3.875,7.75,0.125,0.0,6.875,0.125,0.0,0.25,70.125,0.375,0.0,1.125,3.125,4.375,0.125,0.0,1.25,0.0,0.25,0.0,0.0,0.0,DC,Centre-Back
1,0,1.48,0.64,9,3,2,1,197,244,5,8,18,0,0,60,5,0,6,322,4,0,4,22,8,3,0,6,0,1,0,0,0,604,8,843678,Santi Comesaña,santi-comesana,Villarreal,2819,Champions League,Midfielder,2025/26,0.149,0.0,0.2205,0.0954,1.3411,0.447,0.298,0.149,29.3543,36.3576,0.745,1.1921,2.6821,0.0,0.0,8.9404,0.745,0.0,0.894,47.9801,0.596,0.0,0.596,3.2781,1.1921,0.447,0.0,0.894,0.0,0.149,0.0,0.0,0.0,MC,Central Mid
0,0,0.15,0.19,2,0,0,0,216,261,3,7,24,0,0,46,1,0,3,425,20,0,6,33,24,0,0,6,0,3,0,0,0,533,6,1468046,Santiago Mouriño,santiago-mourino,Villarreal,2819,Champions League,Defender,2025/26,0.0,0.0,0.0253,0.0321,0.3377,0.0,0.0,0.0,36.4728,44.0713,0.5066,1.182,4.0525,0.0,0.0,7.7674,0.1689,0.0,0.5066,71.7636,3.3771,0.0,1.0131,5.5722,4.0525,0.0,0.0,1.0131,0.0,0.5066,0.0,0.0,0.0,DR/DC,Full-Back
0,0,0.18,0.43,4,2,0,0,155,180,5,10,16,8,0,46,2,0,1,305,10,0,3,18,16,2,0,2,0,0,0,0,1,479,8,986245,Sergi Cardona,sergi-cardona,Villarreal,2819,Champions League,Defender,2025/26,0.0,0.0,0.0338,0.0808,0.7516,0.3758,0.0,0.0,29.1232,33.8205,0.9395,1.8789,3.0063,1.5031,0.0,8.643,0.3758,0.0,0.1879,57.3069,1.8789,0.0,0.5637,3.382,3.0063,0.3758,0.0,0.3758,0.0,0.0,0.0,0.0,0.1879,DL,Full-Back
0,0,0.94,0.21,9,1,0,2,69,87,3,2,3,2,0,16,6,0,5,176,3,0,2,22,3,2,0,1,0,0,0,0,0,430,7,973290,Tajon Buchanan,tajon-buchanan,Villarreal,2819,Champions League,Midfielder,2025/26,0.0,0.0,0.1967,0.044,1.8837,0.2093,0.0,0.4186,14.4419,18.2093,0.6279,0.4186,0.6279,0.4186,0.0,3.3488,1.2558,0.0,1.0465,36.8372,0.6279,0.0,0.4186,4.6047,0.6279,0.4186,0.0,0.2093,0.0,0.0,0.0,0.0,0.0,MR,Winger
2,0,0.9,0.12,10,4,0,2,31,49,3,0,0,0,0,15,2,0,4,102,1,0,1,5,3,3,0,10,0,0,0,0,0,399,7,1172477,Tani Oluwaseyi,oluwaseyi-tani,Villarreal,2819,Champions League,Forward,2025/26,0.4511,0.0,0.203,0.0271,2.2556,0.9023,0.0,0.4511,6.9925,11.0526,0.6767,0.0,0.0,0.0,0.0,3.3835,0.4511,0.0,0.9023,23.0075,0.2256,0.0,0.2256,1.1278,0.6767,0.6767,0.0,2.2556,0.0,0.0,0.0,0.0,0.0,ST,Striker
0,0,0.12,0.08,2,1,0,0,101,122,5,4,10,0,0,26,0,0,2,152,4,0,5,7,2,1,0,1,0,1,0,0,0,286,5,316148,Thomas Partey,thomas-partey,Villarreal,2819,Champions League,Midfielder,2025/26,0.0,0.0,0.0378,0.0252,0.6294,0.3147,0.0,0.0,31.7832,38.3916,1.5734,1.2587,3.1469,0.0,0.0,8.1818,0.0,0.0,0.6294,47.8322,1.2587,0.0,1.5734,2.2028,0.6294,0.3147,0.0,0.3147,0.0,0.3147,0.0,0.0,0.0,MC,Central Mid
0,0,0.04,0.42,2,0,0,0,296,340,3,8,21,6,0,88,8,0,3,548,13,0,17,35,22,1,1,11,0,1,0,0,0,819,14,1398511,Adama Boiro,adama-boiro,Athletic Club,2825,La Liga,Defender,2025/26,0.0,0.0,0.0044,0.0462,0.2198,0.0,0.0,0.0,32.5275,37.3626,0.3297,0.8791,2.3077,0.6593,0.0,9.6703,0.8791,0.0,0.3297,60.2198,1.4286,0.0,1.8681,3.8462,2.4176,0.1099,0.1099,1.2088,0.0,0.1099,0.0,0.0,0.0,DL,Full-Back
2,0,1.11,0.52,13,4,1,1,826,943,4,60,121,0,0,77,3,0,1,1143,12,0,28,69,76,2,0,30,0,4,0,0,0,1629,19,959872,Aitor Paredes,aitor-paredes,Athletic Club,2825,La Liga,Defender,2025/26,0.1105,0.0,0.0613,0.0287,0.7182,0.221,0.0552,0.0552,45.6354,52.0994,0.221,3.3149,6.6851,0.0,0.0,4.2541,0.1657,0.0,0.0552,63.1492,0.663,0.0,1.547,3.8122,4.1989,0.1105,0.0,1.6575,0.0,0.221,0.0,0.0,0.0,DC,Centre-Back
1,1,0.58,1.34,12,3,1,0,443,539,11,25,38,3,0,104,9,0,6,738,20,0,25,72,16,6,0,14,0,6,0,0,1,1266,29,2110897,Alejandro Rego Mora,alejandro-rego-mora,Athletic Club,2825,La Liga,Midfielder,2025/26,0.0711,0.0711,0.0412,0.0953,0.8531,0.2133,0.0711,0.0,31.4929,38.3175,0.782,1.7773,2.7014,0.2133,0.0,7.3934,0.6398,0.0,0.4265,52.4645,1.4218,0.0,1.7773,5.1185,1.1374,0.4265,0.0,0.9953,0.0,0.4265,0.0,0.0,0.0711,MC/DM,Central Mid
0,1,0.25,1.45,5,1,2,0,475,555,16,5,24,13,0,135,12,0,11,983,25,0,16,46,39,0,0,13,0,3,0,0,0,1359,24,866810,Andoni Gorosabel,andoni-gorosabel,Athletic Club,2825,La Liga,Defender,2025/26,0.0,0.0662,0.0166,0.096,0.3311,0.0662,0.1325,0.0,31.457,36.755,1.0596,0.3311,1.5894,0.8609,0.0,8.9404,0.7947,0.0,0.7285,65.0993,1.6556,0.0,1.0596,3.0464,2.5828,0.0,0.0,0.8609,0.0,0.1987,0.0,0.0,0.0,DR,Full-Back
0,1,1.62,0.33,15,5,1,2,1103,1237,7,66,129,1,0,109,2,0,1,1525,17,0,25,87,127,6,0,60,0,4,0,1,0,2060,25,149734,Aymeric Laporte,aymeric-laporte,Athletic Club,2825,La Liga,Defender,2025/26,0.0,0.0437,0.0708,0.0144,0.6553,0.2184,0.0437,0.0874,48.1893,54.0437,0.3058,2.8835,5.6359,0.0437,0.0,4.7621,0.0874,0.0,0.0437,66.6262,0.7427,0.0,1.0922,3.801,5.5485,0.2621,0.0,2.6214,0.0,0.1748,0.0,0.0437,0.0,DC,Centre-Back
1,0,1.23,0.78,17,6,3,2,1154,1349,6,93,191,3,0,139,5,0,15,1764,36,0,32,130,143,4,2,31,0,8,1,0,1,2563,31,910978,Dani Vivian,dani-vivian,Athletic Club,2825,La Liga,Defender,2025/26,0.0351,0.0,0.0432,0.0274,0.597,0.2107,0.1053,0.0702,40.5228,47.3703,0.2107,3.2657,6.707,0.1053,0.0,4.881,0.1756,0.0,0.5267,61.943,1.2641,0.0,1.1237,4.565,5.0215,0.1405,0.0702,1.0886,0.0,0.2809,0.0351,0.0,0.0351,DC,Centre-Back
10,3,10.46,1.87,84,32,7,10,351,522,26,16,28,1,0,150,7,0,15,921,6,0,12,59,18,19,0,78,0,4,1,0,0,2371,35,605672,Gorka Guruzeta,gorka-guruzeta,Athletic Club,2825,La Liga,Forward,2025/26,0.3796,0.1139,0.397,0.071,3.1885,1.2147,0.2657,0.3796,13.3235,19.8144,0.9869,0.6073,1.0628,0.038,0.0,5.6938,0.2657,0.0,0.5694,34.9599,0.2278,0.0,0.4555,2.2396,0.6833,0.7212,0.0,2.9608,0.0,0.1518,0.038,0.0,0.0,ST,Striker
3,6,6.39,3.45,57,20,7,12,344,496,26,6,18,11,0,174,12,0,34,912,9,0,8,67,14,18,0,30,0,2,0,2,0,2168,30,783374,Iñaki Williams,inaki-williams,Athletic Club,2825,La Liga,Midfielder,2025/26,0.1245,0.2491,0.2653,0.1432,2.3662,0.8303,0.2906,0.4982,14.2804,20.5904,1.0793,0.2491,0.7472,0.4566,0.0,7.2232,0.4982,0.0,1.4114,37.8598,0.3736,0.0,0.3321,2.7814,0.5812,0.7472,0.0,1.2454,0.0,0.083,0.0,0.083,0.0,RW/ST,Winger
1,2,0.71,3.63,20,2,6,0,1023,1240,31,62,138,18,0,344,34,0,24,1681,34,0,23,188,21,10,0,25,0,9,0,0,0,2231,34,96365,Iñigo Ruiz de Galarreta,inigo-ruiz-de-galarreta,Athletic Club,2825,La Liga,Midfielder,2025/26,0.0403,0.0807,0.0286,0.1464,0.8068,0.0807,0.242,0.0,41.2685,50.0224,1.2506,2.5011,5.567,0.7261,0.0,13.8772,1.3716,0.0,0.9682,67.8126,1.3716,0.0,0.9278,7.584,0.8472,0.4034,0.0,1.0085,0.0,0.3631,0.0,0.0,0.0,MC/DM,Central Mid
0,1,0.12,1.31,3,0,3,0,485,581,23,18,38,17,0,142,14,0,8,1062,16,0,18,56,51,2,0,33,0,3,0,0,0,1513,26,910267,Jesús Areso,jesus-areso,Athletic Club,2825,La Liga,Defender,2025/26,0.0,0.0595,0.0071,0.0779,0.1785,0.0,0.1785,0.0,28.85,34.5605,1.3681,1.0707,2.2604,1.0112,0.0,8.4468,0.8328,0.0,0.4759,63.1725,0.9518,0.0,1.0707,3.3311,3.0337,0.119,0.0,1.963,0.0,0.1785,0.0,0.0,0.0,DR,Full-Back
2,0,1.79,2.51,39,11,1,0,1081,1344,28,54,110,12,0,351,10,0,30,1848,46,0,46,172,27,19,1,46,0,4,1,0,0,2843,36,1495844,Mikel Jauregizar,mikel-jauregizar,Athletic Club,2825,La Liga,Midfielder,2025/26,0.0633,0.0,0.0567,0.0795,1.2346,0.3482,0.0317,0.0,34.2209,42.5466,0.8864,1.7095,3.4822,0.3799,0.0,11.1115,0.3166,0.0,0.9497,58.5016,1.4562,0.0,1.4562,5.445,0.8547,0.6015,0.0317,1.4562,0.0,0.1266,0.0317,0.0,0.0,MC/DM,Central Mid
0,0,0.15,0.19,3,0,0,1,217,283,4,18,28,0,0,63,7,0,6,384,11,0,9,38,10,0,0,14,0,0,0,0,0,459,23,359742,Mikel Vesga,mikel-vesga,Athletic Club,2825,La Liga,Midfielder,2025/26,0.0,0.0,0.0294,0.0373,0.5882,0.0,0.0,0.1961,42.549,55.4902,0.7843,3.5294,5.4902,0.0,0.0,12.3529,1.3725,0.0,1.1765,75.2941,2.1569,0.0,1.7647,7.451,1.9608,0.0,0.0,2.7451,0.0,0.0,0.0,0.0,0.0,MC/DM,Central Mid
1,0,0.67,1.06,16,4,1,0,99,123,10,7,10,12,0,53,7,0,4,261,5,0,2,19,2,8,0,2,0,0,0,0,0,365,16,1019318,Nico Serrano,nico-serrano,Athletic Club,2825,La Liga,Midfielder,2025/26,0.2466,0.0,0.1652,0.2614,3.9452,0.9863,0.2466,0.0,24.411,30.3288,2.4658,1.726,2.4658,2.9589,0.0,13.0685,1.726,0.0,0.9863,64.3562,1.2329,0.0,0.4932,4.6849,0.4932,1.9726,0.0,0.4932,0.0,0.0,0.0,0.0,0.0,LW,Winger
6,3,5.37,4.98,46,16,5,4,439,567,34,8,21,17,0,193,67,0,32,1104,9,0,7,90,9,12,0,8,0,2,0,1,0,1687,25,1085400,Nico Williams,nico-williams,Athletic Club,2825,La Liga,Midfielder,2025/26,0.3201,0.16,0.2865,0.2657,2.4541,0.8536,0.2667,0.2134,23.4203,30.249,1.8139,0.4268,1.1203,0.9069,0.0,10.2964,3.5744,0.0,1.7072,58.8975,0.4801,0.0,0.3734,4.8014,0.4801,0.6402,0.0,0.4268,0.0,0.1067,0.0,0.0533,0.0,LW,Winger
4,0,6.47,1.57,48,15,0,7,484,595,27,22,34,4,0,199,16,0,31,904,15,0,4,66,9,11,0,19,0,4,1,1,0,1803,28,966801,Oihan Sancet,oihan-sancet,Athletic Club,2825,La Liga,Midfielder,2025/26,0.1997,0.0,0.323,0.0784,2.396,0.7488,0.0,0.3494,24.1597,29.7005,1.3478,1.0982,1.6972,0.1997,0.0,9.9334,0.7987,0.0,1.5474,45.1248,0.7488,0.0,0.1997,3.2945,0.4493,0.5491,0.0,0.9484,0.0,0.1997,0.0499,0.0499,0.0,AM,Attacking Mid
6,1,3.94,2.1,21,10,4,0,336,416,24,6,12,11,0,166,23,0,31,758,9,0,7,56,9,2,0,9,0,1,0,0,0,1311,32,944165,Robert Navarro,robert-navarro,Athletic Club,2825,La Liga,Midfielder,2025/26,0.4119,0.0686,0.2705,0.1442,1.4416,0.6865,0.2746,0.0,23.0664,28.5584,1.6476,0.4119,0.8238,0.7551,0.0,11.3959,1.5789,0.0,2.1281,52.0366,0.6178,0.0,0.4805,3.8444,0.6178,0.1373,0.0,0.6178,0.0,0.0686,0.0,0.0,0.0,RW/LW,Winger
1,1,2.14,0.97,23,7,0,3,168,222,8,5,13,4,0,63,6,0,9,383,8,0,1,29,6,5,0,17,0,1,0,0,0,949,26,1391375,Unai Gómez,unai-gomez,Athletic Club,2825,La Liga,Midfielder,2025/26,0.0948,0.0948,0.203,0.092,2.1812,0.6639,0.0,0.2845,15.9326,21.0537,0.7587,0.4742,1.2329,0.3793,0.0,5.9747,0.569,0.0,0.8535,36.3224,0.7587,0.0,0.0948,2.7503,0.569,0.4742,0.0,1.6122,0.0,0.0948,0.0,0.0,0.0,AM/MC,Attacking Mid
0,0,0.12,0.19,1,0,0,0,237,285,3,23,61,0,0,39,0,0,0,361,1,0,13,28,33,0,0,7,0,0,0,0,1,514,7,807648,Yeray Álvarez,yeray-alvarez,Athletic Club,2825,La Liga,Defender,2025/26,0.0,0.0,0.021,0.0333,0.1751,0.0,0.0,0.0,41.4981,49.9027,0.5253,4.0272,10.6809,0.0,0.0,6.8288,0.0,0.0,0.0,63.2101,0.1751,0.0,2.2763,4.9027,5.7782,0.0,0.0,1.2257,0.0,0.0,0.0,0.0,0.1751,DC,Centre-Back
0,6,0.56,4.7,24,5,7,0,1292,1476,30,58,102,14,0,349,10,0,16,2186,28,0,35,144,101,5,0,59,0,5,0,0,2,2709,32,84531,Yuri Berchiche,yuri-berchiche,Athletic Club,2825,La Liga,Defender,2025/26,0.0,0.1993,0.0186,0.1561,0.7973,0.1661,0.2326,0.0,42.9236,49.0365,0.9967,1.9269,3.3887,0.4651,0.0,11.5947,0.3322,0.0,0.5316,72.6246,0.9302,0.0,1.1628,4.7841,3.3555,0.1661,0.0,1.9601,0.0,0.1661,0.0,0.0,0.0664,DL,Full-Back
2,3,4.47,5.56,44,20,7,7,591,768,49,27,61,47,0,285,23,0,45,1375,17,0,13,96,18,12,1,31,0,4,0,0,0,2164,31,592012,Álex Berenguer,alex-berenguer,Athletic Club,2825,La Liga,Midfielder,2025/26,0.0832,0.1248,0.1859,0.2312,1.8299,0.8318,0.2911,0.2911,24.5795,31.9409,2.0379,1.1229,2.537,1.9547,0.0,11.853,0.9566,0.0,1.8715,57.1858,0.707,0.0,0.5407,3.9926,0.7486,0.4991,0.0416,1.2893,0.0,0.1664,0.0,0.0,0.0,LW/RW,Winger
0,0,0.13,0.17,3,1,0,0,194,252,1,17,40,3,0,39,6,0,5,431,10,0,4,37,17,2,1,1,0,2,2,0,1,600,11,801837,Íñigo Lekue,inigo-lekue,Athletic Club,2825,La Liga,Defender,2025/26,0.0,0.0,0.0195,0.0255,0.45,0.15,0.0,0.0,29.1,37.8,0.15,2.55,6.0,0.45,0.0,5.85,0.9,0.0,0.75,64.65,1.5,0.0,0.6,5.55,2.55,0.3,0.15,0.15,0.0,0.3,0.3,0.0,0.15,DR/DL,Full-Back
4,0,4.17,1.11,21,5,2,2,152,183,10,1,3,2,0,69,7,0,14,288,3,0,1,25,0,6,0,2,0,1,0,0,0,622,12,824200,Ademola Lookman,ademola-lookman,Atlético Madrid,2836,La Liga,Forward,2025/26,0.5788,0.0,0.6034,0.1606,3.0386,0.7235,0.2894,0.2894,21.9936,26.4791,1.4469,0.1447,0.4341,0.2894,0.0,9.9839,1.0129,0.0,2.0257,41.672,0.4341,0.0,0.1447,3.6174,0.0,0.8682,0.0,0.2894,0.0,0.1447,0.0,0.0,0.0,AM/ST,Attacking Mid
2,3,2.0,6.08,29,7,13,1,590,728,46,24,41,34,0,238,14,0,24,1107,10,0,16,63,12,7,0,7,0,5,0,0,0,1572,27,910031,Alex Baena,alex-baena,Atlético Madrid,2836,La Liga,Midfielder,2025/26,0.1145,0.1718,0.1145,0.3481,1.6603,0.4008,0.7443,0.0573,33.7786,41.6794,2.6336,1.374,2.3473,1.9466,0.0,13.626,0.8015,0.0,1.374,63.3779,0.5725,0.0,0.916,3.6069,0.687,0.4008,0.0,0.4008,0.0,0.2863,0.0,0.0,0.0,ML/LW,Winger
13,0,10.16,1.13,68,35,2,18,289,425,10,5,9,2,0,126,10,0,29,732,7,0,0,34,25,13,0,94,0,4,1,0,1,1981,35,309078,Alexander Sørloth,alexander-srloth,Atlético Madrid,2836,La Liga,Forward,2025/26,0.5906,0.0,0.4616,0.0513,3.0893,1.5901,0.0909,0.8178,13.1297,19.3084,0.4543,0.2272,0.4089,0.0909,0.0,5.7244,0.4543,0.0,1.3175,33.2559,0.318,0.0,0.0,1.5447,1.1358,0.5906,0.0,4.2706,0.0,0.1817,0.0454,0.0,0.0454,ST,Striker
7,4,7.61,4.15,47,25,9,9,602,730,32,32,49,22,0,211,9,0,9,1052,9,0,8,64,13,2,0,11,0,1,0,0,0,1475,34,85859,Antoine Griezmann,antoine-griezmann,Atlético Madrid,2836,La Liga,Forward,2025/26,0.4271,0.2441,0.4643,0.2532,2.8678,1.5254,0.5492,0.5492,36.7322,44.5424,1.9525,1.9525,2.9898,1.3424,0.0,12.8746,0.5492,0.0,0.5492,64.1898,0.5492,0.0,0.4881,3.9051,0.7932,0.122,0.0,0.6712,0.0,0.061,0.0,0.0,0.0,ST,Striker
0,1,0.42,0.43,5,0,2,0,811,924,4,97,160,0,0,101,3,0,1,1097,10,0,22,50,73,1,1,30,0,4,1,0,0,1393,19,580550,Clément Lenglet,clement-lenglet,Atlético Madrid,2836,La Liga,Defender,2025/26,0.0,0.0646,0.0271,0.0278,0.323,0.0,0.1292,0.0,52.3977,59.6985,0.2584,6.267,10.3374,0.0,0.0,6.5255,0.1938,0.0,0.0646,70.8758,0.6461,0.0,1.4214,3.2304,4.7164,0.0646,0.0646,1.9383,0.0,0.2584,0.0646,0.0,0.0,DC,Centre-Back
2,0,1.11,0.54,13,5,1,1,324,359,4,6,12,1,0,91,3,0,9,508,12,0,11,35,5,1,0,10,0,2,0,0,0,665,19,904970,Conor Gallagher,conor-gallagher,Atlético Madrid,2836,La Liga,Midfielder,2025/26,0.2707,0.0,0.1502,0.0731,1.7594,0.6767,0.1353,0.1353,43.8496,48.5865,0.5414,0.812,1.6241,0.1353,0.0,12.3158,0.406,0.0,1.218,68.7519,1.6241,0.0,1.4887,4.7368,0.6767,0.1353,0.0,1.3534,0.0,0.2707,0.0,0.0,0.0,MC/AM/DM,Central Mid
0,2,1.33,2.1,21,5,4,2,1270,1449,13,67,132,3,0,245,8,0,9,1855,27,0,19,86,101,3,0,42,0,2,0,0,1,2434,30,807771,Dávid Hancko,david-hancko,Atlético Madrid,2836,La Liga,Defender,2025/26,0.0,0.074,0.0492,0.0776,0.7765,0.1849,0.1479,0.074,46.9597,53.5785,0.4807,2.4774,4.8809,0.1109,0.0,9.0592,0.2958,0.0,0.3328,68.5908,0.9984,0.0,0.7025,3.18,3.7346,0.1109,0.0,1.553,0.0,0.074,0.0,0.0,0.037,DC/DL,Centre-Back
4,6,5.17,4.99,36,14,9,8,774,946,31,10,18,10,0,282,29,0,28,1413,26,0,18,111,11,6,0,26,0,3,0,0,0,2109,31,1099352,Giuliano Simeone,giuliano-simeone,Atlético Madrid,2836,La Liga,Midfielder,2025/26,0.1707,0.256,0.2206,0.2129,1.5363,0.5974,0.3841,0.3414,33.0299,40.3698,1.3229,0.4267,0.7681,0.4267,0.0,12.0341,1.2376,0.0,1.1949,60.2987,1.1095,0.0,0.7681,4.7368,0.4694,0.256,0.0,1.1095,0.0,0.128,0.0,0.0,0.0,MR,Winger
0,0,0.08,0.45,2,0,1,0,441,499,3,27,36,1,0,99,5,0,15,682,21,0,16,41,22,1,0,12,0,5,0,0,0,892,15,990169,Johnny Cardoso,johnny-cardoso,Atlético Madrid,2836,La Liga,Midfielder,2025/26,0.0,0.0,0.0081,0.0454,0.2018,0.0,0.1009,0.0,44.4955,50.3475,0.3027,2.7242,3.6323,0.1009,0.0,9.9888,0.5045,0.0,1.5135,68.8117,2.1188,0.0,1.6143,4.1368,2.2197,0.1009,0.0,1.2108,0.0,0.5045,0.0,0.0,0.0,MC/DM,Central Mid
0,1,1.74,0.45,13,3,1,3,723,802,1,44,77,0,0,81,2,0,2,984,12,0,16,47,64,1,1,37,0,4,0,1,0,1177,16,325355,José María Giménez,jose-maria-gimenez,Atlético Madrid,2836,La Liga,Defender,2025/26,0.0,0.0765,0.1331,0.0344,0.9941,0.2294,0.0765,0.2294,55.2846,61.3254,0.0765,3.3645,5.8879,0.0,0.0,6.1937,0.1529,0.0,0.1529,75.2421,0.9176,0.0,1.2234,3.5939,4.8938,0.0765,0.0765,2.8292,0.0,0.3059,0.0,0.0765,0.0,DC,Centre-Back
8,4,7.7,5.13,54,26,10,8,575,689,47,25,34,27,0,271,26,0,33,1078,13,0,3,51,5,10,0,5,0,2,0,0,0,1902,29,944656,Julián Alvarez,julian-alvarez,Atlético Madrid,2836,La Liga,Forward,2025/26,0.3785,0.1893,0.3644,0.2427,2.5552,1.2303,0.4732,0.3785,27.2082,32.6025,2.224,1.183,1.6088,1.2776,0.0,12.8233,1.2303,0.0,1.5615,51.0095,0.6151,0.0,0.142,2.4132,0.2366,0.4732,0.0,0.2366,0.0,0.0946,0.0,0.0,0.0,ST,Striker
2,2,0.72,4.49,14,4,5,0,1753,1907,35,102,150,13,0,455,3,0,18,2204,27,0,18,131,25,5,0,13,0,6,0,0,0,2236,34,84539,Koke,koke,Atlético Madrid,2836,La Liga,Midfielder,2025/26,0.0805,0.0805,0.029,0.1807,0.5635,0.161,0.2013,0.0,70.559,76.7576,1.4088,4.1055,6.0376,0.5233,0.0,18.314,0.1208,0.0,0.7245,88.712,1.0868,0.0,0.7245,5.2728,1.0063,0.2013,0.0,0.5233,0.0,0.2415,0.0,0.0,0.0,MC/DM,Central Mid
1,1,0.92,0.6,11,4,1,0,805,914,3,24,63,2,0,79,4,0,5,1174,15,0,20,60,85,1,0,59,0,2,0,0,0,1382,19,1094106,Marc Pubill,marc-pubill,Atlético Madrid,2836,La Liga,Defender,2025/26,0.0651,0.0651,0.0599,0.0391,0.7164,0.2605,0.0651,0.0,52.424,59.5224,0.1954,1.563,4.1027,0.1302,0.0,5.1447,0.2605,0.0,0.3256,76.4544,0.9768,0.0,1.3025,3.9074,5.5355,0.0651,0.0,3.8423,0.0,0.1302,0.0,0.0,0.0,DR/DC,Full-Back
0,4,1.98,3.8,18,6,9,2,1281,1432,20,54,93,11,0,350,13,0,8,1893,40,0,12,124,53,7,0,10,0,5,1,0,0,2184,29,353138,Marcos Llorente,marcos-llorente,Atlético Madrid,2836,La Liga,Defender,2025/26,0.0,0.1648,0.0816,0.1566,0.7418,0.2473,0.3709,0.0824,52.7885,59.011,0.8242,2.2253,3.8324,0.4533,0.0,14.4231,0.5357,0.0,0.3297,78.0082,1.6484,0.0,0.4945,5.1099,2.1841,0.2885,0.0,0.4121,0.0,0.206,0.0412,0.0,0.0,DR,Full-Back
0,3,0.14,3.84,5,2,5,0,773,891,26,34,61,29,0,256,5,0,5,1361,24,0,20,98,65,1,0,26,0,4,0,0,0,1775,26,965011,Matteo Ruggeri,matteo-ruggeri,Atlético Madrid,2836,La Liga,Defender,2025/26,0.0,0.1521,0.0071,0.1947,0.2535,0.1014,0.2535,0.0,39.1944,45.1775,1.3183,1.7239,3.093,1.4704,0.0,12.9803,0.2535,0.0,0.2535,69.0085,1.2169,0.0,1.0141,4.969,3.2958,0.0507,0.0,1.3183,0.0,0.2028,0.0,0.0,0.0,DL/ML,Full-Back
2,2,0.48,1.57,14,4,6,1,563,699,21,25,60,12,0,154,15,0,8,1081,22,0,13,80,32,3,0,7,0,4,0,0,0,1332,26,831799,Nahuel Molina,nahuel-molina,Atlético Madrid,2836,La Liga,Defender,2025/26,0.1351,0.1351,0.0324,0.1061,0.9459,0.2703,0.4054,0.0676,38.0405,47.2297,1.4189,1.6892,4.0541,0.8108,0.0,10.4054,1.0135,0.0,0.5405,73.0405,1.4865,0.0,0.8784,5.4054,2.1622,0.2027,0.0,0.473,0.0,0.2703,0.0,0.0,0.0,DR/MR,Full-Back
5,0,4.21,2.0,43,20,3,6,406,534,12,22,42,3,0,128,24,0,20,887,16,0,12,61,27,6,1,50,0,4,1,1,0,1460,24,901325,Nicolás González,nicolas-gonzalez,Atlético Madrid,2836,La Liga,Midfielder,2025/26,0.3082,0.0,0.2595,0.1233,2.6507,1.2329,0.1849,0.3699,25.0274,32.9178,0.7397,1.3562,2.589,0.1849,0.0,7.8904,1.4795,0.0,1.2329,54.6781,0.9863,0.0,0.7397,3.7603,1.6644,0.3699,0.0616,3.0822,0.0,0.2466,0.0616,0.0616,0.0,RW/LW,Winger
0,1,0.18,0.4,5,0,0,0,260,316,4,14,30,1,0,68,10,0,2,451,16,0,7,26,9,1,0,2,0,2,0,0,0,739,12,1119345,Obed Vargas,obed-vargas,Atlético Madrid,2836,La Liga,Midfielder,2025/26,0.0,0.1218,0.0219,0.0487,0.6089,0.0,0.0,0.0,31.6644,38.4844,0.4871,1.705,3.6536,0.1218,0.0,8.2815,1.2179,0.0,0.2436,54.9256,1.9486,0.0,0.8525,3.1664,1.0961,0.1218,0.0,0.2436,0.0,0.2436,0.0,0.0,0.0,MC/DM,Central Mid
1,1,1.79,2.08,23,6,3,1,936,1052,20,45,71,10,0,317,33,0,25,1394,16,0,27,114,12,10,0,18,0,0,0,0,1,1666,23,1142588,Pablo Barrios,pablo-barrios,Atlético Madrid,2836,La Liga,Midfielder,2025/26,0.054,0.054,0.0967,0.1124,1.2425,0.3241,0.1621,0.054,50.5642,56.8307,1.0804,2.431,3.8355,0.5402,0.0,17.1248,1.7827,0.0,1.3505,75.3061,0.8643,0.0,1.4586,6.1585,0.6483,0.5402,0.0,0.9724,0.0,0.0,0.0,0.0,0.054,MC,Central Mid
1,1,0.62,0.33,6,1,1,1,937,1047,2,36,90,1,0,81,1,0,1,1285,19,0,20,56,98,2,1,51,0,5,0,0,0,1789,28,787751,Robin Le Normand,robin-le-normand,Atlético Madrid,2836,La Liga,Defender,2025/26,0.0503,0.0503,0.0312,0.0166,0.3018,0.0503,0.0503,0.0503,47.1381,52.6719,0.1006,1.8111,4.5277,0.0503,0.0,4.0749,0.0503,0.0,0.0503,64.6451,0.9558,0.0,1.0061,2.8172,4.9301,0.1006,0.0503,2.5657,0.0,0.2515,0.0,0.0,0.0,DC,Centre-Back
1,1,1.62,1.11,17,4,2,1,549,643,15,25,42,6,0,167,20,0,22,888,11,0,4,60,13,7,0,7,0,6,0,0,0,1231,24,1391752,Rodrigo Mendoza,rodrigo-mendoza,Atlético Madrid,2836,La Liga,Midfielder,2025/26,0.0731,0.0731,0.1184,0.0812,1.2429,0.2924,0.1462,0.0731,40.1381,47.0106,1.0967,1.8278,3.0707,0.4387,0.0,12.2096,1.4622,0.0,1.6084,64.9228,0.8042,0.0,0.2924,4.3867,0.9504,0.5118,0.0,0.5118,0.0,0.4387,0.0,0.0,0.0,MC,Central Mid
3,1,3.72,2.75,21,10,4,5,597,689,28,27,43,8,0,239,21,0,20,961,18,0,8,72,6,4,0,5,0,2,1,0,1,1312,27,944660,Thiago Almada,thiago-almada,Atlético Madrid,2836,La Liga,Midfielder,2025/26,0.2058,0.0686,0.2552,0.1886,1.4405,0.686,0.2744,0.343,40.9527,47.2637,1.9207,1.8521,2.9497,0.5488,0.0,16.3948,1.4405,0.0,1.372,65.9223,1.2348,0.0,0.5488,4.939,0.4116,0.2744,0.0,0.343,0.0,0.1372,0.0686,0.0,0.0686,LW/AM,Winger
14,2,10.45,1.58,46,26,3,8,333,456,17,18,33,0,0,111,12,0,34,737,6,0,1,48,17,8,0,19,0,7,0,3,0,1902,35,785989,Borja Iglesias,borja-iglesias,Celta Vigo,2821,La Liga,Forward,2025/26,0.6625,0.0946,0.4945,0.0748,2.1767,1.2303,0.142,0.3785,15.7571,21.5773,0.8044,0.8517,1.5615,0.0,0.0,5.2524,0.5678,0.0,1.6088,34.8738,0.2839,0.0,0.0473,2.2713,0.8044,0.3785,0.0,0.8991,0.0,0.3312,0.0,0.142,0.0,ST,Striker
1,1,2.01,2.9,26,12,4,0,259,334,18,13,23,15,0,126,27,0,5,608,5,0,2,32,5,6,0,1,0,1,0,1,0,1135,19,1084730,Bryan Zaragoza,bryan-zaragoza,Celta Vigo,2821,La Liga,Forward,2025/26,0.0793,0.0793,0.1594,0.23,2.0617,0.9515,0.3172,0.0,20.5374,26.4846,1.4273,1.0308,1.8238,1.1894,0.0,9.9912,2.141,0.0,0.3965,48.2115,0.3965,0.0,0.1586,2.5374,0.3965,0.4758,0.0,0.0793,0.0,0.0793,0.0,0.0793,0.0,LW,Winger
0,0,0.55,0.11,4,1,0,2,973,1015,1,31,43,0,0,37,1,0,2,1221,14,0,17,50,108,0,0,31,0,1,1,0,0,1493,19,360718,Carl Starfelt,carl-starfelt,Celta Vigo,2821,La Liga,Defender,2025/26,0.0,0.0,0.0332,0.0066,0.2411,0.0603,0.0,0.1206,58.6537,61.1855,0.0603,1.8687,2.5921,0.0,0.0,2.2304,0.0603,0.0,0.1206,73.6035,0.8439,0.0,1.0248,3.0141,6.5104,0.0,0.0,1.8687,0.0,0.0603,0.0603,0.0,0.0,DC,Centre-Back
0,0,0.52,0.07,2,1,0,1,404,442,1,16,37,0,0,33,0,0,4,538,8,0,5,25,43,0,1,14,0,1,0,0,1,610,8,1069703,Carlos Domínguez,carlos-dominguez,Celta Vigo,2821,La Liga,Defender,2025/26,0.0,0.0,0.0767,0.0103,0.2951,0.1475,0.0,0.1475,59.6066,65.2131,0.1475,2.3607,5.459,0.0,0.0,4.8689,0.0,0.0,0.5902,79.377,1.1803,0.0,0.7377,3.6885,6.3443,0.0,0.1475,2.0656,0.0,0.1475,0.0,0.0,0.1475,DC/DL,Centre-Back
1,1,1.57,1.49,13,5,3,3,504,585,13,27,44,5,0,157,22,0,17,800,10,0,8,73,9,4,1,5,0,3,0,0,0,1174,17,1526628,Fer López,fer-lopez,Celta Vigo,2821,La Liga,Midfielder,2025/26,0.0767,0.0767,0.1204,0.1142,0.9966,0.3833,0.23,0.23,38.6371,44.8467,0.9966,2.0698,3.3731,0.3833,0.0,12.0358,1.6865,0.0,1.3032,61.3288,0.7666,0.0,0.6133,5.5963,0.6899,0.3066,0.0767,0.3833,0.0,0.23,0.0,0.0,0.0,AM/MC,Attacking Mid
9,3,6.73,1.28,45,26,2,8,324,416,16,12,18,4,0,112,21,0,20,742,4,0,8,51,20,4,0,17,0,4,0,0,0,1669,30,949962,Ferrán Jutglà,ferran-jutgla,Celta Vigo,2821,La Liga,Forward,2025/26,0.4853,0.1618,0.3629,0.069,2.4266,1.402,0.1078,0.4314,17.4715,22.4326,0.8628,0.6471,0.9706,0.2157,0.0,6.0395,1.1324,0.0,1.0785,40.012,0.2157,0.0,0.4314,2.7501,1.0785,0.2157,0.0,0.9167,0.0,0.2157,0.0,0.0,0.0,ST/LW,Striker
0,2,0.09,2.24,2,1,5,0,918,995,26,42,65,15,0,266,2,0,10,1179,15,0,13,89,17,0,0,4,0,3,0,0,0,1342,20,1120669,Hugo Sotelo,hugo-sotelo,Celta Vigo,2821,La Liga,Midfielder,2025/26,0.0,0.1341,0.006,0.1502,0.1341,0.0671,0.3353,0.0,61.5648,66.7288,1.7437,2.8167,4.3592,1.006,0.0,17.839,0.1341,0.0,0.6706,79.0686,1.006,0.0,0.8718,5.9687,1.1401,0.0,0.0,0.2683,0.0,0.2012,0.0,0.0,0.0,MC/DM,Central Mid
4,2,2.74,1.88,14,8,5,3,522,610,25,14,21,4,0,228,16,0,14,873,9,0,10,44,9,3,0,1,0,2,0,0,0,1343,28,1154935,Hugo Álvarez,hugo-alvarez,Celta Vigo,2821,La Liga,Midfielder,2025/26,0.2681,0.134,0.1836,0.126,0.9382,0.5361,0.3351,0.201,34.9814,40.8786,1.6754,0.9382,1.4073,0.2681,0.0,15.2792,1.0722,0.0,0.9382,58.5034,0.6031,0.0,0.6701,2.9486,0.6031,0.201,0.0,0.067,0.0,0.134,0.0,0.0,0.0,ML,Winger
5,3,4.48,3.86,28,12,9,2,499,635,31,34,56,6,0,247,12,0,17,838,11,0,12,48,2,5,0,3,0,4,0,1,0,1155,32,19356,Iago Aspas,iago-aspas,Celta Vigo,2821,La Liga,Forward,2025/26,0.3896,0.2338,0.3491,0.3008,2.1818,0.9351,0.7013,0.1558,38.8831,49.4805,2.4156,2.6494,4.3636,0.4675,0.0,19.2468,0.9351,0.0,1.3247,65.2987,0.8571,0.0,0.9351,3.7403,0.1558,0.3896,0.0,0.2338,0.0,0.3117,0.0,0.0779,0.0,ST/RW,Striker
2,3,1.39,1.73,18,5,5,2,924,1045,17,35,51,0,0,223,13,0,23,1470,43,0,26,101,32,4,2,15,0,8,0,1,0,2495,36,962890,Ilaix Moriba,ilaix-moriba,Celta Vigo,2821,La Liga,Midfielder,2025/26,0.0721,0.1082,0.0501,0.0624,0.6493,0.1804,0.1804,0.0721,33.3307,37.6954,0.6132,1.2625,1.8397,0.0,0.0,8.0441,0.4689,0.0,0.8297,53.0261,1.5511,0.0,0.9379,3.6433,1.1543,0.1443,0.0721,0.5411,0.0,0.2886,0.0,0.0361,0.0,MC/DM,Central Mid
0,1,0.68,0.8,13,2,2,1,1664,1842,10,58,127,0,0,271,8,0,10,2228,24,0,26,71,97,3,1,27,0,5,0,0,1,2561,33,1526627,Javi Rodríguez,javi-rodriguez,Celta Vigo,2821,La Liga,Defender,2025/26,0.0,0.0351,0.0239,0.0281,0.4569,0.0703,0.0703,0.0351,58.4772,64.7325,0.3514,2.0383,4.4631,0.0,0.0,9.5236,0.2811,0.0,0.3514,78.2975,0.8434,0.0,0.9137,2.4951,3.4088,0.1054,0.0351,0.9488,0.0,0.1757,0.0,0.0,0.0351,DR/DC,Full-Back
2,6,1.3,2.84,11,3,7,2,407,532,14,21,52,5,0,144,21,0,6,916,13,0,21,53,33,2,0,8,0,6,0,1,0,1410,26,1008259,Javier Rueda,javier-rueda,Celta Vigo,2821,La Liga,Midfielder,2025/26,0.1277,0.383,0.083,0.1813,0.7021,0.1915,0.4468,0.1277,25.9787,33.9574,0.8936,1.3404,3.3191,0.3191,0.0,9.1915,1.3404,0.0,0.383,58.4681,0.8298,0.0,1.3404,3.383,2.1064,0.1277,0.0,0.5106,0.0,0.383,0.0,0.0638,0.0,MR/DR,Winger
2,0,2.59,0.62,17,4,0,3,119,143,9,1,2,6,0,56,11,0,14,306,4,0,3,25,12,6,0,6,0,0,0,0,0,683,22,1173575,Jones El-Abdellaoui,jones-el-abdellaoui,Celta Vigo,2821,La Liga,Forward,2025/26,0.2635,0.0,0.3413,0.0817,2.2401,0.5271,0.0,0.3953,15.6808,18.8433,1.1859,0.1318,0.2635,0.7906,0.0,7.3792,1.4495,0.0,1.8448,40.3221,0.5271,0.0,0.3953,3.2943,1.5813,0.7906,0.0,0.7906,0.0,0.0,0.0,0.0,0.0,RW,Winger
0,0,0.24,0.06,2,0,0,2,364,391,0,10,18,0,0,19,1,0,1,473,3,0,9,26,42,0,1,12,0,0,0,0,2,639,8,796320,Joseph Aidoo,joseph-aidoo,Celta Vigo,2821,La Liga,Defender,2025/26,0.0,0.0,0.0338,0.0085,0.2817,0.0,0.0,0.2817,51.2676,55.0704,0.0,1.4085,2.5352,0.0,0.0,2.6761,0.1408,0.0,0.1408,66.6197,0.4225,0.0,1.2676,3.662,5.9155,0.0,0.1408,1.6901,0.0,0.0,0.0,0.0,0.2817,DC,Centre-Back
0,0,0.05,0.09,2,0,0,0,454,504,3,24,53,0,0,43,1,0,6,603,9,0,8,32,34,0,0,7,0,2,0,0,2,765,14,1630975,Manu Fernández,manu-fernandez,Celta Vigo,2821,La Liga,Defender,2025/26,0.0,0.0,0.0059,0.0106,0.2353,0.0,0.0,0.0,53.4118,59.2941,0.3529,2.8235,6.2353,0.0,0.0,5.0588,0.1176,0.0,0.7059,70.9412,1.0588,0.0,0.9412,3.7647,4.0,0.0,0.0,0.8235,0.0,0.2353,0.0,0.0,0.2353,DC,Centre-Back
1,0,2.2,1.96,24,3,3,1,2145,2378,13,137,246,6,0,381,17,0,13,2846,23,0,28,154,161,11,0,48,0,5,0,0,2,2770,32,69408,Marcos Alonso,marcos-alonso,Celta Vigo,2821,La Liga,Defender,2025/26,0.0325,0.0,0.0715,0.0637,0.7798,0.0975,0.0975,0.0325,69.6931,77.2635,0.4224,4.4513,7.9928,0.1949,0.0,12.3791,0.5523,0.0,0.4224,92.4693,0.7473,0.0,0.9097,5.0036,5.231,0.3574,0.0,1.5596,0.0,0.1625,0.0,0.0,0.065,DL/DC,Full-Back
1,0,0.91,1.39,8,1,4,1,656,748,17,42,79,8,0,136,3,0,2,921,17,0,12,69,23,3,0,10,0,3,0,0,0,1310,19,1398526,Miguel Román,miguel-roman,Celta Vigo,2821,La Liga,Midfielder,2025/26,0.0687,0.0,0.0625,0.0955,0.5496,0.0687,0.2748,0.0687,45.0687,51.3893,1.1679,2.8855,5.4275,0.5496,0.0,9.3435,0.2061,0.0,0.1374,63.2748,1.1679,0.0,0.8244,4.7405,1.5802,0.2061,0.0,0.687,0.0,0.2061,0.0,0.0,0.0,MC/DM,Central Mid
2,2,4.26,1.52,37,15,3,5,261,362,10,16,28,0,0,107,7,0,14,577,11,0,6,49,15,12,0,13,0,1,0,0,0,1431,30,1398524,Pablo Durán,pablo-duran,Celta Vigo,2821,La Liga,Forward,2025/26,0.1258,0.1258,0.2679,0.0956,2.327,0.9434,0.1887,0.3145,16.4151,22.7673,0.6289,1.0063,1.761,0.0,0.0,6.7296,0.4403,0.0,0.8805,36.2893,0.6918,0.0,0.3774,3.0818,0.9434,0.7547,0.0,0.8176,0.0,0.0629,0.0,0.0,0.0,ST,Striker
2,1,1.58,2.03,16,7,1,2,1289,1510,19,57,119,5,0,339,26,0,14,2122,18,0,25,107,65,5,0,11,0,2,0,0,1,2693,34,1002764,Sergio Carreira,sergio-carreira,Celta Vigo,2821,La Liga,Midfielder,2025/26,0.0668,0.0334,0.0528,0.0678,0.5347,0.2339,0.0334,0.0668,43.0784,50.4642,0.635,1.9049,3.977,0.1671,0.0,11.3294,0.8689,0.0,0.4679,70.9172,0.6016,0.0,0.8355,3.5759,2.1723,0.1671,0.0,0.3676,0.0,0.0668,0.0,0.0,0.0334,ML/MR/DR,Winger
5,5,4.25,1.33,23,12,4,4,228,294,10,4,8,2,0,88,10,0,18,513,19,0,4,31,7,6,0,2,0,2,0,0,0,1268,29,1126779,Williot Swedberg,williot-swedberg,Celta Vigo,2821,La Liga,Forward,2025/26,0.3549,0.3549,0.3017,0.0944,1.6325,0.8517,0.2839,0.2839,16.183,20.8675,0.7098,0.2839,0.5678,0.142,0.0,6.2461,0.7098,0.0,1.2776,36.4117,1.3486,0.0,0.2839,2.2003,0.4968,0.4259,0.0,0.142,0.0,0.142,0.0,0.0,0.0,LW,Winger
0,0,0.03,0.1,1,0,0,0,495,540,2,16,36,0,0,21,2,0,1,683,10,0,7,28,68,0,0,10,0,4,0,0,2,947,12,1145100,Yoel Lago,yoel-lago,Celta Vigo,2821,La Liga,Defender,2025/26,0.0,0.0,0.0029,0.0095,0.095,0.0,0.0,0.0,47.0433,51.32,0.1901,1.5206,3.4213,0.0,0.0,1.9958,0.1901,0.0,0.095,64.9102,0.9504,0.0,0.6653,2.661,6.4625,0.0,0.0,0.9504,0.0,0.3801,0.0,0.0,0.1901,DC,Centre-Back
0,2,0.29,2.82,6,1,6,0,1117,1222,22,49,81,21,0,277,15,0,6,1596,17,0,16,92,34,4,0,11,0,2,0,0,1,1984,25,1012410,Álvaro Núñez,nunez-alvaro,Celta Vigo,2821,La Liga,Defender,2025/26,0.0,0.0907,0.0132,0.1279,0.2722,0.0454,0.2722,0.0,50.6704,55.4335,0.998,2.2228,3.6744,0.9526,0.0,12.5655,0.6804,0.0,0.2722,72.3992,0.7712,0.0,0.7258,4.1734,1.5423,0.1815,0.0,0.499,0.0,0.0907,0.0,0.0,0.0454,DR/MR,Full-Back
1,4,0.63,4.42,14,5,7,0,1051,1237,32,55,108,13,0,370,15,0,15,1741,20,0,9,79,38,4,0,15,0,4,0,0,0,1967,34,859773,Óscar Mingueza,oscar-mingueza,Celta Vigo,2821,La Liga,Midfielder,2025/26,0.0458,0.183,0.0288,0.2022,0.6406,0.2288,0.3203,0.0,48.0885,56.5989,1.4642,2.5165,4.9415,0.5948,0.0,16.9293,0.6863,0.0,0.6863,79.6594,0.9151,0.0,0.4118,3.6146,1.7387,0.183,0.0,0.6863,0.0,0.183,0.0,0.0,0.0,MR/ML,Winger
1,4,2.31,3.43,34,12,9,3,367,461,30,20,41,22,0,135,18,0,19,943,20,0,15,80,23,9,0,9,0,8,0,0,0,1508,30,1082968,Abderrahman Rebbach,abderrahman-rebbach,Deportivo Alavés,2885,La Liga,Midfielder,2025/26,0.0597,0.2387,0.1379,0.2047,2.0292,0.7162,0.5371,0.179,21.9032,27.5133,1.7905,1.1936,2.4469,1.313,0.0,8.057,1.0743,0.0,1.134,56.2798,1.1936,0.0,0.8952,4.7745,1.3727,0.5371,0.0,0.5371,0.0,0.4775,0.0,0.0,0.0,LW,Winger
1,1,0.24,0.46,5,1,2,0,376,455,6,21,39,3,0,85,5,0,12,580,8,0,7,42,27,1,0,15,0,2,1,0,0,680,25,891931,Ander Guevara,ander-guevara,Deportivo Alavés,2885,La Liga,Midfielder,2025/26,0.1324,0.1324,0.0318,0.0609,0.6618,0.1324,0.2647,0.0,49.7647,60.2206,0.7941,2.7794,5.1618,0.3971,0.0,11.25,0.6618,0.0,1.5882,76.7647,1.0588,0.0,0.9265,5.5588,3.5735,0.1324,0.0,1.9853,0.0,0.2647,0.1324,0.0,0.0,MC/DM,Central Mid
2,3,1.37,1.92,40,13,2,0,1570,1836,22,106,182,8,0,299,24,0,37,2389,50,0,54,206,41,16,0,35,0,9,0,0,0,3116,36,855832,Antonio Blanco,antonio-blanco,Deportivo Alavés,2885,La Liga,Midfielder,2025/26,0.0578,0.0866,0.0396,0.0555,1.1553,0.3755,0.0578,0.0,45.3466,53.0295,0.6354,3.0616,5.2567,0.2311,0.0,8.6361,0.6932,0.0,1.0687,69.0019,1.4442,0.0,1.5597,5.9499,1.1842,0.4621,0.0,1.0109,0.0,0.2599,0.0,0.0,0.0,MC/DM,Central Mid
0,0,0.13,0.42,5,1,1,0,275,313,13,6,10,2,0,86,16,0,8,496,14,0,9,52,4,3,0,2,0,2,0,0,0,764,19,1046796,Calebe Gonçalves,calebe,Deportivo Alavés,2885,La Liga,Midfielder,2025/26,0.0,0.0,0.0153,0.0495,0.589,0.1178,0.1178,0.0,32.3953,36.8717,1.5314,0.7068,1.178,0.2356,0.0,10.1309,1.8848,0.0,0.9424,58.4293,1.6492,0.0,1.0602,6.1257,0.4712,0.3534,0.0,0.2356,0.0,0.2356,0.0,0.0,0.0,MR/MC,Winger
0,4,2.71,3.41,30,5,6,2,725,850,38,22,52,39,0,274,13,0,36,1290,24,0,10,83,22,11,1,14,0,5,0,0,0,1995,34,794937,Carles Aleñá,carles-alena,Deportivo Alavés,2885,La Liga,Midfielder,2025/26,0.0,0.1805,0.1223,0.1538,1.3534,0.2256,0.2707,0.0902,32.7068,38.3459,1.7143,0.9925,2.3459,1.7594,0.0,12.3609,0.5865,0.0,1.6241,58.1955,1.0827,0.0,0.4511,3.7444,0.9925,0.4962,0.0451,0.6316,0.0,0.2256,0.0,0.0,0.0,MC/ML,Central Mid
0,0,0.23,0.27,3,2,0,0,112,136,3,11,19,1,0,26,0,0,2,195,6,0,3,6,14,1,0,6,0,0,1,0,0,338,13,873717,Carlos Benavídez,carlos-benavidez,Deportivo Alavés,2885,La Liga,Defender,2025/26,0.0,0.0,0.0612,0.0719,0.7988,0.5325,0.0,0.0,29.8225,36.213,0.7988,2.929,5.0592,0.2663,0.0,6.9231,0.0,0.0,0.5325,51.9231,1.5976,0.0,0.7988,1.5976,3.7278,0.2663,0.0,1.5976,0.0,0.0,0.2663,0.0,0.0,MC/DM,Central Mid
5,0,3.56,2.63,12,6,7,1,378,472,27,7,16,29,0,121,11,0,6,851,17,0,7,63,14,2,0,11,0,1,0,1,0,1256,21,1084399,Carlos Vicente,vicente-carlos,Deportivo Alavés,2885,La Liga,Midfielder,2025/26,0.3583,0.0,0.2551,0.1885,0.8599,0.4299,0.5016,0.0717,27.086,33.8217,1.9347,0.5016,1.1465,2.078,0.0,8.6704,0.7882,0.0,0.4299,60.9793,1.2182,0.0,0.5016,4.5143,1.0032,0.1433,0.0,0.7882,0.0,0.0717,0.0,0.0717,0.0,RW,Winger
1,2,0.98,1.67,9,4,2,2,684,797,22,27,60,11,0,214,25,0,25,1071,12,0,6,92,12,3,0,4,0,6,0,0,0,1432,30,138383,Denis Suárez,denis-suarez,Deportivo Alavés,2885,La Liga,Midfielder,2025/26,0.0628,0.1257,0.0616,0.105,0.5656,0.2514,0.1257,0.1257,42.9888,50.0908,1.3827,1.6969,3.7709,0.6913,0.0,13.4497,1.5712,0.0,1.5712,67.3115,0.7542,0.0,0.3771,5.7821,0.7542,0.1885,0.0,0.2514,0.0,0.3771,0.0,0.0,0.0,MC,Central Mid
0,0,0.35,0.07,8,4,0,1,299,354,0,11,44,0,0,13,0,0,0,480,8,0,7,25,68,1,0,24,0,3,0,0,0,792,10,879875,Facundo Garcés,facundo-garces,Deportivo Alavés,2885,La Liga,Defender,2025/26,0.0,0.0,0.0398,0.008,0.9091,0.4545,0.0,0.1136,33.9773,40.2273,0.0,1.25,5.0,0.0,0.0,1.4773,0.0,0.0,0.0,54.5455,0.9091,0.0,0.7955,2.8409,7.7273,0.1136,0.0,2.7273,0.0,0.3409,0.0,0.0,0.0,DC,Centre-Back
2,0,1.8,0.07,15,5,0,3,56,90,2,0,3,0,0,23,1,0,5,161,1,0,2,5,6,4,0,15,0,1,0,0,0,587,10,1084043,Ibrahim Diabaté,ibrahim-diabate,Deportivo Alavés,2885,La Liga,Forward,2025/26,0.3066,0.0,0.276,0.0107,2.2998,0.7666,0.0,0.46,8.586,13.799,0.3066,0.0,0.46,0.0,0.0,3.5264,0.1533,0.0,0.7666,24.6848,0.1533,0.0,0.3066,0.7666,0.9199,0.6133,0.0,2.2998,0.0,0.1533,0.0,0.0,0.0,ST,Striker
0,0,1.76,0.43,15,4,0,3,365,444,11,9,15,2,0,114,9,0,7,647,18,0,10,64,19,4,0,22,0,1,0,1,0,1259,28,788141,Jon Guridi,jon-guridi,Deportivo Alavés,2885,La Liga,Midfielder,2025/26,0.0,0.0,0.1258,0.0307,1.0723,0.2859,0.0,0.2145,26.0921,31.7395,0.7863,0.6434,1.0723,0.143,0.0,8.1493,0.6434,0.0,0.5004,46.251,1.2867,0.0,0.7149,4.5751,1.3582,0.2859,0.0,1.5727,0.0,0.0715,0.0,0.0715,0.0,AM/MC,Attacking Mid
0,0,0.3,0.3,4,1,1,0,812,939,5,63,134,1,0,93,3,0,3,1185,16,0,11,70,103,0,0,42,0,4,1,0,2,1734,22,934383,Jon Pacheco,jon-pacheco,Deportivo Alavés,2885,La Liga,Defender,2025/26,0.0,0.0,0.0156,0.0156,0.2076,0.0519,0.0519,0.0,42.1453,48.737,0.2595,3.2699,6.955,0.0519,0.0,4.827,0.1557,0.0,0.1557,61.5052,0.8304,0.0,0.5709,3.6332,5.346,0.0,0.0,2.1799,0.0,0.2076,0.0519,0.0,0.1038,DC,Centre-Back
0,0,0.55,1.85,9,3,2,2,1522,1757,17,63,124,7,0,303,25,0,31,2482,39,0,41,156,63,1,0,26,0,7,0,0,0,2998,34,235648,Jonny Otto,jonny-otto,Deportivo Alavés,2885,La Liga,Defender,2025/26,0.0,0.0,0.0165,0.0555,0.2702,0.0901,0.06,0.06,45.6905,52.7452,0.5103,1.8913,3.7225,0.2101,0.0,9.0961,0.7505,0.0,0.9306,74.5097,1.1708,0.0,1.2308,4.6831,1.8913,0.03,0.0,0.7805,0.0,0.2101,0.0,0.0,0.0,DR,Full-Back
11,1,9.48,1.68,63,21,5,8,305,417,28,5,13,1,0,134,37,0,70,969,23,0,7,64,19,16,0,32,0,2,1,0,0,1959,29,814385,Lucas Boyé,lucas-boye,Deportivo Alavés,2885,La Liga,Forward,2025/26,0.5054,0.0459,0.4355,0.0772,2.8943,0.9648,0.2297,0.3675,14.0123,19.1577,1.2864,0.2297,0.5972,0.0459,0.0,6.1562,1.6998,0.0,3.2159,44.5176,1.0567,0.0,0.3216,2.9403,0.8729,0.7351,0.0,1.4701,0.0,0.0919,0.0459,0.0,0.0,ST,Striker
2,0,1.59,0.46,24,8,1,1,1177,1362,7,82,179,3,0,125,10,0,9,1980,45,0,46,116,180,5,2,48,0,3,0,1,1,3239,36,896073,Nahuel Tenaglia,nahuel-tenaglia,Deportivo Alavés,2885,La Liga,Defender,2025/26,0.0556,0.0,0.0442,0.0128,0.6669,0.2223,0.0278,0.0278,32.7045,37.845,0.1945,2.2785,4.9738,0.0834,0.0,3.4733,0.2779,0.0,0.2501,55.017,1.2504,0.0,1.2782,3.2232,5.0015,0.1389,0.0556,1.3337,0.0,0.0834,0.0,0.0278,0.0278,DC/DR,Centre-Back
1,1,4.39,1.29,47,13,1,3,867,1011,19,25,59,7,0,253,31,0,47,1578,37,0,21,125,26,15,0,26,0,7,0,0,0,2253,37,1084381,Pablo Ibáñez,pablo-ibanez-lumbreras,Deportivo Alavés,2885,La Liga,Midfielder,2025/26,0.0399,0.0399,0.1754,0.0515,1.8775,0.5193,0.0399,0.1198,34.6338,40.3862,0.759,0.9987,2.3569,0.2796,0.0,10.1065,1.2383,0.0,1.8775,63.036,1.478,0.0,0.8389,4.9933,1.0386,0.5992,0.0,1.0386,0.0,0.2796,0.0,0.0,0.0,MC,Central Mid
14,3,11.23,2.22,93,36,6,10,392,670,24,10,31,4,0,144,17,0,36,1116,16,0,4,85,37,17,0,179,0,2,0,2,0,2725,37,831253,Toni Martínez,toni-martinez,Deportivo Alavés,2885,La Liga,Forward,2025/26,0.4624,0.0991,0.3709,0.0733,3.0716,1.189,0.1982,0.3303,12.9468,22.1284,0.7927,0.3303,1.0239,0.1321,0.0,4.756,0.5615,0.0,1.189,36.8587,0.5284,0.0,0.1321,2.8073,1.222,0.5615,0.0,5.9119,0.0,0.0661,0.0,0.0661,0.0,ST,Striker
0,3,1.0,1.53,12,2,3,2,626,761,14,29,79,8,0,107,8,0,8,1131,16,0,11,64,81,2,0,33,0,7,1,0,1,2165,30,985726,Victor Parada,victor-parada,Deportivo Alavés,2885,La Liga,Defender,2025/26,0.0,0.1247,0.0416,0.0636,0.4988,0.0831,0.1247,0.0831,26.0231,31.6351,0.582,1.2055,3.2841,0.3326,0.0,4.448,0.3326,0.0,0.3326,47.0162,0.6651,0.0,0.4573,2.6605,3.3672,0.0831,0.0,1.3718,0.0,0.291,0.0416,0.0,0.0416,DL/DC,Full-Back
0,1,0.79,2.48,11,3,4,1,424,535,17,26,54,20,0,101,8,0,8,906,11,0,10,65,37,4,0,16,0,7,0,0,0,1347,25,1403364,Youssef Enriquez,youssef-enriquez,Deportivo Alavés,2885,La Liga,Defender,2025/26,0.0,0.0668,0.0528,0.1657,0.735,0.2004,0.2673,0.0668,28.3296,35.7461,1.1359,1.7372,3.608,1.3363,0.0,6.7483,0.5345,0.0,0.5345,60.5345,0.735,0.0,0.6682,4.343,2.4722,0.2673,0.0,1.069,0.0,0.4677,0.0,0.0,0.0,DL/ML,Full-Back
1,3,0.98,2.14,14,4,2,1,351,469,24,16,59,20,0,128,20,0,7,829,12,0,10,70,26,8,0,1,0,4,0,0,0,1290,16,1513222,Ángel Pérez,angel-perez,Deportivo Alavés,2885,La Liga,Midfielder,2025/26,0.0698,0.2093,0.0684,0.1493,0.9767,0.2791,0.1395,0.0698,24.4884,32.7209,1.6744,1.1163,4.1163,1.3953,0.0,8.9302,1.3953,0.0,0.4884,57.8372,0.8372,0.0,0.6977,4.8837,1.814,0.5581,0.0,0.0698,0.0,0.2791,0.0,0.0,0.0,MR,Winger
1,1,0.56,1.75,12,3,4,1,353,421,23,12,36,17,0,98,5,0,5,759,18,0,14,37,40,5,1,7,0,4,0,0,0,1092,27,928672,Adrià Pedrosa,adria-pedrosa,Elche,2846,La Liga,Defender,2025/26,0.0824,0.0824,0.0462,0.1442,0.989,0.2473,0.3297,0.0824,29.0934,34.6978,1.8956,0.989,2.967,1.4011,0.0,8.0769,0.4121,0.0,0.4121,62.5549,1.4835,0.0,1.1538,3.0495,3.2967,0.4121,0.0824,0.5769,0.0,0.3297,0.0,0.0,0.0,DL,Full-Back
2,2,2.21,3.12,23,8,3,1,1753,1958,27,45,69,3,0,594,52,0,47,2563,47,0,27,174,22,9,0,6,0,10,0,0,1,3166,36,286167,Aleix Febas,aleix-febas,Elche,2846,La Liga,Midfielder,2025/26,0.0569,0.0569,0.0628,0.0887,0.6538,0.2274,0.0853,0.0284,49.8326,55.6601,0.7675,1.2792,1.9615,0.0853,0.0,16.8857,1.4782,0.0,1.3361,72.8585,1.3361,0.0,0.7675,4.9463,0.6254,0.2558,0.0,0.1706,0.0,0.2843,0.0,0.0,0.0284,MC/DM,Central Mid
10,0,10.55,1.32,57,29,1,8,389,496,22,7,14,0,0,170,14,0,38,827,7,0,5,56,19,15,0,25,0,3,0,1,0,1858,31,190159,André Silva,andre-silva,Elche,2846,La Liga,Forward,2025/26,0.4844,0.0,0.511,0.0639,2.761,1.4047,0.0484,0.3875,18.8428,24.0258,1.0657,0.3391,0.6781,0.0,0.0,8.2347,0.6781,0.0,1.8407,40.0592,0.3391,0.0,0.2422,2.7126,0.9203,0.7266,0.0,1.211,0.0,0.1453,0.0,0.0484,0.0,ST,Striker
0,0,0.1,0.11,1,0,1,0,208,245,1,7,17,1,0,43,4,0,3,405,12,0,8,20,13,0,0,10,0,3,0,0,0,557,12,1542721,Buba Sangaré,sangare-buba,Elche,2846,La Liga,Defender,2025/26,0.0,0.0,0.0162,0.0178,0.1616,0.0,0.1616,0.0,33.6086,39.5871,0.1616,1.1311,2.7469,0.1616,0.0,6.9479,0.6463,0.0,0.4847,65.4399,1.939,0.0,1.2926,3.2316,2.1005,0.0,0.0,1.6158,0.0,0.4847,0.0,0.0,0.0,DR,Full-Back
1,1,0.86,1.64,14,4,2,2,1813,2073,8,73,203,1,0,186,12,0,6,2598,52,0,51,158,178,1,2,65,0,7,1,1,1,2953,36,988672,David Affengruber,david-affengruber,Elche,2846,La Liga,Defender,2025/26,0.0305,0.0305,0.0262,0.05,0.4267,0.1219,0.061,0.061,55.2557,63.1798,0.2438,2.2249,6.1869,0.0305,0.0,5.6688,0.3657,0.0,0.1829,79.1805,1.5848,0.0,1.5544,4.8154,5.425,0.0305,0.061,1.981,0.0,0.2133,0.0305,0.0305,0.0305,DC,Centre-Back
4,5,2.65,5.29,28,8,13,3,1007,1151,46,25,50,27,0,416,38,0,30,1876,40,0,23,130,44,7,0,12,0,5,1,1,0,2874,36,962710,Germán Valera,german-valera,Elche,2846,La Liga,Midfielder,2025/26,0.1253,0.1566,0.083,0.1657,0.8768,0.2505,0.4071,0.0939,31.5344,36.0438,1.4405,0.7829,1.5658,0.8455,0.0,13.0271,1.19,0.0,0.9395,58.7474,1.2526,0.0,0.7203,4.071,1.3779,0.2192,0.0,0.3758,0.0,0.1566,0.0313,0.0313,0.0,ML/RW/LW,Winger
1,0,0.22,0.53,4,1,0,0,352,394,2,8,15,2,0,146,9,0,10,515,9,0,2,33,7,2,0,11,0,3,0,0,0,718,12,914765,Gonzalo Villar,gonzalo-villar,Elche,2846,La Liga,Midfielder,2025/26,0.1253,0.0,0.0276,0.0664,0.5014,0.1253,0.0,0.0,44.1226,49.3872,0.2507,1.0028,1.8802,0.2507,0.0,18.3008,1.1281,0.0,1.2535,64.5543,1.1281,0.0,0.2507,4.1365,0.8774,0.2507,0.0,1.3788,0.0,0.376,0.0,0.0,0.0,MC/DM,Central Mid
1,0,1.18,0.63,16,2,2,2,246,294,10,3,7,2,0,87,10,0,18,508,4,0,4,27,9,9,0,7,0,3,0,0,1,929,20,848512,Grady Diangana,grady-diangana,Elche,2846,La Liga,Midfielder,2025/26,0.0969,0.0,0.1143,0.061,1.5501,0.1938,0.1938,0.1938,23.8321,28.4822,0.9688,0.2906,0.6781,0.1938,0.0,8.4284,0.9688,0.0,1.7438,49.2142,0.3875,0.0,0.3875,2.6157,0.8719,0.8719,0.0,0.6781,0.0,0.2906,0.0,0.0,0.0969,AM/LW,Attacking Mid
2,2,0.62,0.2,12,5,0,1,135,162,4,8,14,2,0,37,8,0,8,289,3,0,6,19,10,5,0,6,0,0,0,0,0,500,14,1402908,Héctor Fort,fort-hector,Elche,2846,La Liga,Defender,2025/26,0.36,0.36,0.1116,0.036,2.16,0.9,0.0,0.18,24.3,29.16,0.72,1.44,2.52,0.36,0.0,6.66,1.44,0.0,1.44,52.02,0.54,0.0,1.08,3.42,1.8,0.9,0.0,1.08,0.0,0.0,0.0,0.0,0.0,DR,Full-Back
1,0,0.73,0.13,6,2,0,1,257,291,1,8,13,0,0,56,2,0,6,440,12,0,7,32,18,1,0,14,0,3,0,0,0,683,21,1094758,John Donald,john-nwankwo,Elche,2846,La Liga,Defender,2025/26,0.1318,0.0,0.0962,0.0171,0.7906,0.2635,0.0,0.1318,33.8653,38.3455,0.1318,1.0542,1.713,0.0,0.0,7.3792,0.2635,0.0,0.7906,57.9795,1.5813,0.0,0.9224,4.2167,2.3719,0.1318,0.0,1.8448,0.0,0.3953,0.0,0.0,0.0,DC/MC,Centre-Back
0,3,0.26,2.65,3,1,4,0,221,247,21,10,11,21,0,99,7,0,3,411,8,0,5,24,5,1,0,1,0,2,0,0,0,572,19,808955,Josan,josan,Elche,2846,La Liga,Midfielder,2025/26,0.0,0.472,0.0409,0.417,0.472,0.1573,0.6294,0.0,34.7727,38.8636,3.3042,1.5734,1.7308,3.3042,0.0,15.5769,1.1014,0.0,0.472,64.6678,1.2587,0.0,0.7867,3.7762,0.7867,0.1573,0.0,0.1573,0.0,0.3147,0.0,0.0,0.0,DR/MR,Full-Back
1,0,0.89,0.73,13,5,0,1,132,157,6,4,5,8,0,61,5,0,3,258,7,0,1,18,0,3,0,1,0,1,0,0,0,405,10,1126447,Lucas Cepeda,lucas-cepeda,Elche,2846,La Liga,Midfielder,2025/26,0.2222,0.0,0.1978,0.1622,2.8889,1.1111,0.0,0.2222,29.3333,34.8889,1.3333,0.8889,1.1111,1.7778,0.0,13.5556,1.1111,0.0,0.6667,57.3333,1.5556,0.0,0.2222,4.0,0.0,0.6667,0.0,0.2222,0.0,0.2222,0.0,0.0,0.0,LW/RW,Winger
0,0,0.64,0.31,8,0,1,0,825,951,2,31,61,2,0,123,3,0,5,1274,22,0,15,69,72,4,0,34,0,2,1,0,0,1614,32,827504,Léo Pétrot,leo-petrot,Elche,2846,La Liga,Defender,2025/26,0.0,0.0,0.0357,0.0173,0.4461,0.0,0.0558,0.0,46.0037,53.0297,0.1115,1.7286,3.4015,0.1115,0.0,6.8587,0.1673,0.0,0.2788,71.0409,1.2268,0.0,0.8364,3.8476,4.0149,0.223,0.0,1.8959,0.0,0.1115,0.0558,0.0,0.0,DL/DC,Full-Back
1,2,0.21,0.58,3,2,1,0,1205,1327,11,30,66,2,0,222,0,0,6,1616,29,0,43,97,55,1,0,9,0,3,0,0,0,2522,35,1014595,Marc Aguado,marc-aguado,Elche,2846,La Liga,Midfielder,2025/26,0.0357,0.0714,0.0075,0.0207,0.1071,0.0714,0.0357,0.0,43.0016,47.3553,0.3925,1.0706,2.3553,0.0714,0.0,7.9223,0.0,0.0,0.2141,57.6685,1.0349,0.0,1.5345,3.4615,1.9627,0.0357,0.0,0.3212,0.0,0.1071,0.0,0.0,0.0,MC/DM,Central Mid
2,5,0.84,2.67,12,4,4,1,529,602,25,11,21,10,0,215,21,0,16,836,12,0,2,58,13,2,1,5,0,3,0,0,0,1352,25,1100646,Martim Neto,martim-neto,Elche,2846,La Liga,Midfielder,2025/26,0.1331,0.3328,0.0559,0.1777,0.7988,0.2663,0.2663,0.0666,35.2145,40.074,1.6642,0.7322,1.3979,0.6657,0.0,14.3121,1.3979,0.0,1.0651,55.6509,0.7988,0.0,0.1331,3.8609,0.8654,0.1331,0.0666,0.3328,0.0,0.1997,0.0,0.0,0.0,MC/DM,Central Mid
1,3,0.67,1.31,10,3,4,1,1333,1502,15,79,173,8,0,250,4,0,7,1914,21,0,29,76,107,2,0,50,0,3,1,0,2,2068,28,141832,Pedro Bigas,pedro-bigas,Elche,2846,La Liga,Defender,2025/26,0.0435,0.1306,0.0292,0.057,0.4352,0.1306,0.1741,0.0435,58.0126,65.3675,0.6528,3.4381,7.529,0.3482,0.0,10.8801,0.1741,0.0,0.3046,83.2979,0.9139,0.0,1.2621,3.3075,4.6567,0.087,0.0,2.176,0.0,0.1306,0.0435,0.0,0.087,DC,Centre-Back
8,0,8.08,1.13,69,36,3,13,332,415,9,15,20,3,0,134,5,0,25,693,9,0,5,37,19,6,0,19,0,4,0,0,0,1815,27,825754,Rafa Mir,rafa-mir,Elche,2846,La Liga,Forward,2025/26,0.3967,0.0,0.4007,0.056,3.4215,1.7851,0.1488,0.6446,16.4628,20.5785,0.4463,0.7438,0.9917,0.1488,0.0,6.6446,0.2479,0.0,1.2397,34.3636,0.4463,0.0,0.2479,1.8347,0.9421,0.2975,0.0,0.9421,0.0,0.1983,0.0,0.0,0.0,ST,Striker
1,1,0.52,0.91,8,1,3,0,234,312,11,6,27,6,0,114,9,0,12,559,13,0,10,45,20,3,0,12,0,1,0,0,0,933,13,605374,Tete Morente,tete-morente,Elche,2846,La Liga,Midfielder,2025/26,0.0965,0.0965,0.0502,0.0878,0.7717,0.0965,0.2894,0.0,22.5723,30.0965,1.0611,0.5788,2.6045,0.5788,0.0,10.9968,0.8682,0.0,1.1576,53.9228,1.254,0.0,0.9646,4.3408,1.9293,0.2894,0.0,1.1576,0.0,0.0965,0.0,0.0,0.0,ML/LW,Winger
1,0,0.48,0.94,9,3,0,1,1369,1518,5,63,140,9,0,218,8,0,4,1899,34,0,20,91,86,0,0,29,0,6,1,0,0,2165,31,855831,Víctor Chust,victor-chust,Elche,2846,La Liga,Defender,2025/26,0.0416,0.0,0.02,0.0391,0.3741,0.1247,0.0,0.0416,56.9099,63.1039,0.2079,2.6189,5.8199,0.3741,0.0,9.0624,0.3326,0.0,0.1663,78.9423,1.4134,0.0,0.8314,3.7829,3.5751,0.0,0.0,1.2055,0.0,0.2494,0.0416,0.0,0.0,DC,Centre-Back
7,5,8.85,2.69,76,24,7,17,346,537,33,13,20,4,0,154,39,0,45,1070,16,0,3,53,26,12,0,133,0,2,0,0,1,2200,34,1154587,Álvaro Rodriguez,alvaro-rodriguez,Elche,2846,La Liga,Forward,2025/26,0.2864,0.2045,0.362,0.11,3.1091,0.9818,0.2864,0.6955,14.1545,21.9682,1.35,0.5318,0.8182,0.1636,0.0,6.3,1.5955,0.0,1.8409,43.7727,0.6545,0.0,0.1227,2.1682,1.0636,0.4909,0.0,5.4409,0.0,0.0818,0.0,0.0,0.0409,ST,Striker
6,3,2.8,3.44,42,12,6,2,802,1011,27,50,101,17,0,210,49,0,29,1943,60,0,40,173,73,16,0,14,0,4,0,0,1,3195,36,1396048,Carlos Romero,carlos-romero,Espanyol,2814,La Liga,Defender,2025/26,0.169,0.0845,0.0789,0.0969,1.1831,0.338,0.169,0.0563,22.5915,28.4789,0.7606,1.4085,2.8451,0.4789,0.0,5.9155,1.3803,0.0,0.8169,54.7324,1.6901,0.0,1.1268,4.8732,2.0563,0.4507,0.0,0.3944,0.0,0.1127,0.0,0.0,0.0282,DL,Full-Back
1,0,0.82,0.1,10,4,0,1,201,251,2,6,12,0,0,51,5,0,8,352,6,0,6,29,12,4,0,19,0,2,2,0,0,712,24,758664,Charles Pickel,charles-pickel,Espanyol,2814,La Liga,Midfielder,2025/26,0.1264,0.0,0.1037,0.0126,1.264,0.5056,0.0,0.1264,25.4073,31.7275,0.2528,0.7584,1.5169,0.0,0.0,6.4466,0.632,0.0,1.0112,44.4944,0.7584,0.0,0.7584,3.6657,1.5169,0.5056,0.0,2.4017,0.0,0.2528,0.2528,0.0,0.0,MC/DM,Central Mid
0,1,0.13,0.2,3,1,0,0,717,812,4,46,99,1,0,48,1,0,2,1025,13,0,11,53,100,1,0,35,0,5,0,0,0,1402,20,1129360,Clemens Riedel,clemens-riedel,Espanyol,2814,La Liga,Defender,2025/26,0.0,0.0642,0.0083,0.0128,0.1926,0.0642,0.0,0.0,46.0271,52.1255,0.2568,2.9529,6.3552,0.0642,0.0,3.0813,0.0642,0.0,0.1284,65.7989,0.8345,0.0,0.7061,3.4023,6.4194,0.0642,0.0,2.2468,0.0,0.321,0.0,0.0,0.0,DC/DR,Centre-Back
0,2,0.47,0.96,11,4,4,1,91,122,8,6,14,6,0,34,5,0,8,241,4,0,4,23,2,0,0,8,0,4,0,0,0,426,9,877037,Cyril Ngonge,cyril-ngonge,Espanyol,2814,La Liga,Forward,2025/26,0.0,0.4225,0.0993,0.2028,2.3239,0.8451,0.8451,0.2113,19.2254,25.7746,1.6901,1.2676,2.9577,1.2676,0.0,7.1831,1.0563,0.0,1.6901,50.9155,0.8451,0.0,0.8451,4.8592,0.4225,0.0,0.0,1.6901,0.0,0.8451,0.0,0.0,0.0,RW/AM,Winger
1,6,2.35,6.79,44,13,11,3,775,1016,83,63,150,63,0,275,34,0,40,1669,29,0,23,119,36,12,0,18,0,9,0,0,0,2542,36,877262,Edu Expósito,edu-exposito,Espanyol,2814,La Liga,Midfielder,2025/26,0.0354,0.2124,0.0832,0.2404,1.5578,0.4603,0.3895,0.1062,27.439,35.9717,2.9386,2.2305,5.3108,2.2305,0.0,9.7364,1.2038,0.0,1.4162,59.0913,1.0268,0.0,0.8143,4.2132,1.2746,0.4249,0.0,0.6373,0.0,0.3186,0.0,0.0,0.0,MC/DM/AM,Central Mid
0,0,1.76,0.16,12,1,1,4,1083,1224,3,71,153,0,0,50,2,0,1,1536,19,0,28,85,124,1,0,37,0,5,0,0,0,2150,28,857205,Fernando Calero,fernando-calero,Espanyol,2814,La Liga,Defender,2025/26,0.0,0.0,0.0737,0.0067,0.5023,0.0419,0.0419,0.1674,45.3349,51.2372,0.1256,2.9721,6.4047,0.0,0.0,2.093,0.0837,0.0,0.0419,64.2977,0.7953,0.0,1.1721,3.5581,5.1907,0.0419,0.0,1.5488,0.0,0.2093,0.0,0.0,0.0,DC,Centre-Back
2,0,3.47,0.83,15,9,2,6,167,199,10,6,9,5,0,68,5,0,5,311,2,0,3,33,3,0,0,2,0,2,0,0,0,678,10,891511,Javi Puado,javi-puado,Espanyol,2814,La Liga,Midfielder,2025/26,0.2655,0.0,0.4606,0.1102,1.9912,1.1947,0.2655,0.7965,22.1681,26.4159,1.3274,0.7965,1.1947,0.6637,0.0,9.0265,0.6637,0.0,0.6637,41.2832,0.2655,0.0,0.3982,4.3805,0.3982,0.0,0.0,0.2655,0.0,0.2655,0.0,0.0,0.0,ST/LW,Striker
1,0,2.34,1.36,23,7,2,1,160,214,15,2,9,9,0,49,16,0,6,436,6,0,6,41,8,8,0,3,0,1,0,0,0,921,26,1019236,Jofre Carreras,jofre,Espanyol,2814,La Liga,Midfielder,2025/26,0.0977,0.0,0.2287,0.1329,2.2476,0.684,0.1954,0.0977,15.6352,20.9121,1.4658,0.1954,0.8795,0.8795,0.0,4.7883,1.5635,0.0,0.5863,42.6059,0.5863,0.0,0.5863,4.0065,0.7818,0.7818,0.0,0.2932,0.0,0.0977,0.0,0.0,0.0,MR/RW,Winger
8,1,8.8,2.25,60,27,4,11,252,389,20,11,20,1,0,92,9,0,21,740,7,0,6,48,20,10,1,90,0,3,0,0,0,1749,37,84972,Kike García,kike-garcia,Espanyol,2814,La Liga,Forward,2025/26,0.4117,0.0515,0.4528,0.1158,3.0875,1.3894,0.2058,0.566,12.9674,20.0172,1.0292,0.566,1.0292,0.0515,0.0,4.7341,0.4631,0.0,1.0806,38.0789,0.3602,0.0,0.3087,2.47,1.0292,0.5146,0.0515,4.6312,0.0,0.1544,0.0,0.0,0.0,ST,Striker
3,0,2.78,1.62,40,12,1,5,1215,1511,11,107,266,3,0,145,6,0,5,1984,21,0,26,85,218,12,1,106,0,4,0,1,0,3330,37,81992,Leandro Cabrera,leandro-cabrera,Espanyol,2814,La Liga,Defender,2025/26,0.0811,0.0,0.0751,0.0438,1.0811,0.3243,0.027,0.1351,32.8378,40.8378,0.2973,2.8919,7.1892,0.0811,0.0,3.9189,0.1622,0.0,0.1351,53.6216,0.5676,0.0,0.7027,2.2973,5.8919,0.3243,0.027,2.8649,0.0,0.1081,0.0,0.027,0.0,DC,Centre-Back
0,2,0.01,2.04,1,0,3,0,1002,1244,17,64,176,18,0,167,7,0,5,1950,55,0,40,96,95,0,1,28,0,9,0,0,1,2828,36,1064026,Omar El Hilali,omar-el-hilali,Espanyol,2814,La Liga,Defender,2025/26,0.0,0.0636,0.0003,0.0649,0.0318,0.0,0.0955,0.0,31.8883,39.5898,0.541,2.0368,5.6011,0.5728,0.0,5.3147,0.2228,0.0,0.1591,62.058,1.7504,0.0,1.273,3.0552,3.0233,0.0,0.0318,0.8911,0.0,0.2864,0.0,0.0,0.0318,DR,Full-Back
7,1,7.07,2.67,59,21,5,8,382,534,34,19,41,8,0,141,11,0,28,927,23,0,18,76,21,11,0,23,0,6,1,0,0,1989,33,175185,Pere Milla,pere-milla,Espanyol,2814,La Liga,Midfielder,2025/26,0.3167,0.0452,0.3199,0.1208,2.6697,0.9502,0.2262,0.362,17.2851,24.1629,1.5385,0.8597,1.8552,0.362,0.0,6.3801,0.4977,0.0,1.267,41.9457,1.0407,0.0,0.8145,3.4389,0.9502,0.4977,0.0,1.0407,0.0,0.2715,0.0452,0.0,0.0,ST/ML,Striker
2,1,0.78,2.21,17,5,2,0,822,946,23,36,61,8,0,217,3,0,14,1236,19,0,22,83,26,8,0,11,0,10,1,0,1,2182,33,826010,Pol Lozano,pol-lozano,Espanyol,2814,La Liga,Midfielder,2025/26,0.0825,0.0412,0.0322,0.0912,0.7012,0.2062,0.0825,0.0,33.9047,39.0192,0.9487,1.4849,2.516,0.33,0.0,8.9505,0.1237,0.0,0.5775,50.9808,0.7837,0.0,0.9074,3.4235,1.0724,0.33,0.0,0.4537,0.0,0.4125,0.0412,0.0,0.0412,MC/DM,Central Mid
1,2,1.5,1.06,15,3,4,0,197,256,16,11,22,7,0,77,9,0,24,512,9,0,11,35,7,3,0,9,0,0,0,0,0,1062,29,1088565,Ramón Terrats,ramon-terrats,Espanyol,2814,La Liga,Midfielder,2025/26,0.0847,0.1695,0.1271,0.0898,1.2712,0.2542,0.339,0.0,16.6949,21.6949,1.3559,0.9322,1.8644,0.5932,0.0,6.5254,0.7627,0.0,2.0339,43.3898,0.7627,0.0,0.9322,2.9661,0.5932,0.2542,0.0,0.7627,0.0,0.0,0.0,0.0,0.0,MC,Central Mid
7,3,9.31,2.71,59,23,6,8,254,364,18,4,8,1,0,86,9,0,35,752,6,0,7,57,26,13,0,59,0,3,0,1,0,2387,38,1392592,Roberto Fernández,roberto-fernandez,Espanyol,2814,La Liga,Forward,2025/26,0.2639,0.1131,0.351,0.1022,2.2245,0.8672,0.2262,0.3016,9.5769,13.7243,0.6787,0.1508,0.3016,0.0377,0.0,3.2426,0.3393,0.0,1.3196,28.3536,0.2262,0.0,0.2639,2.1491,0.9803,0.4902,0.0,2.2245,0.0,0.1131,0.0,0.0377,0.0,ST,Striker
0,1,0.22,1.2,8,1,2,0,244,324,9,17,46,9,0,59,15,0,9,582,10,0,10,44,24,0,1,14,0,2,0,0,2,830,21,1021165,Rubén Sánchez,sanchez-saez-ruben,Espanyol,2814,La Liga,Defender,2025/26,0.0,0.1084,0.0239,0.1301,0.8675,0.1084,0.2169,0.0,26.4578,35.1325,0.9759,1.8434,4.988,0.9759,0.0,6.3976,1.6265,0.0,0.9759,63.1084,1.0843,0.0,1.0843,4.7711,2.6024,0.0,0.1084,1.5181,0.0,0.2169,0.0,0.0,0.2169,DR,Full-Back
2,5,2.54,4.28,34,12,7,2,463,555,32,4,15,22,0,178,35,0,34,1154,35,0,18,108,14,12,0,10,0,5,1,2,0,2431,36,1063015,Tyrhys Dolan,tyrhys-dolan,Espanyol,2814,La Liga,Midfielder,2025/26,0.074,0.1851,0.094,0.1585,1.2587,0.4443,0.2592,0.074,17.1411,20.5471,1.1847,0.1481,0.5553,0.8145,0.0,6.5899,1.2958,0.0,1.2587,42.7232,1.2958,0.0,0.6664,3.9984,0.5183,0.4443,0.0,0.3702,0.0,0.1851,0.037,0.074,0.0,RW/AM,Winger
0,1,0.73,0.73,18,1,0,0,794,981,11,29,83,1,0,165,14,0,28,1378,35,0,32,142,59,6,0,25,0,7,0,0,0,2629,36,1064009,Urko González,urko-gonzalez,Espanyol,2814,La Liga,Midfielder,2025/26,0.0,0.0342,0.025,0.025,0.6162,0.0342,0.0,0.0,27.1814,33.5831,0.3766,0.9928,2.8414,0.0342,0.0,5.6485,0.4793,0.0,0.9585,47.1738,1.1982,0.0,1.0955,4.8612,2.0198,0.2054,0.0,0.8558,0.0,0.2396,0.0,0.0,0.0,MC/DM,Central Mid
0,2,0.62,2.1,10,1,4,1,1096,1194,24,15,28,6,0,336,23,0,19,1615,23,0,5,92,25,1,0,10,0,2,0,1,1,1874,28,997035,Alejandro Balde,alejandro-balde,FC Barcelona,2817,La Liga,Defender,2025/26,0.0,0.0961,0.0298,0.1009,0.4803,0.048,0.1921,0.048,52.6361,57.3426,1.1526,0.7204,1.3447,0.2882,0.0,16.1366,1.1046,0.0,0.9125,77.5614,1.1046,0.0,0.2401,4.4184,1.2006,0.048,0.0,0.4803,0.0,0.0961,0.0,0.048,0.048,DL,Full-Back
0,0,0.25,0.11,4,2,0,1,345,361,1,3,4,0,0,46,0,0,2,409,3,0,2,21,19,2,0,14,0,2,0,0,0,434,13,186795,Andreas Christensen,andreas-christensen,FC Barcelona,2817,La Liga,Defender,2025/26,0.0,0.0,0.0518,0.0228,0.8295,0.4147,0.0,0.2074,71.5438,74.8618,0.2074,0.6221,0.8295,0.0,0.0,9.5392,0.0,0.0,0.4147,84.8157,0.6221,0.0,0.4147,4.3548,3.9401,0.4147,0.0,2.9032,0.0,0.4147,0.0,0.0,0.0,DC,Centre-Back
7,8,7.66,5.64,70,21,11,9,1036,1215,49,42,74,6,0,397,16,0,23,1622,22,0,14,102,23,19,0,20,0,1,0,2,0,2077,33,789071,Dani Olmo,dani-olmo,FC Barcelona,2817,La Liga,Midfielder,2025/26,0.3033,0.3467,0.3319,0.2444,3.0332,0.91,0.4766,0.39,44.8917,52.6481,2.1233,1.8199,3.2065,0.26,0.0,17.2027,0.6933,0.0,0.9966,70.2841,0.9533,0.0,0.6066,4.4198,0.9966,0.8233,0.0,0.8666,0.0,0.0433,0.0,0.0867,0.0,AM/MC,Attacking Mid
1,2,2.96,2.4,25,7,3,3,2165,2349,31,70,127,1,0,491,2,0,11,2821,42,0,48,113,78,8,0,44,0,6,0,0,1,2730,34,876214,Eric García,eric-garcia,FC Barcelona,2817,La Liga,Defender,2025/26,0.033,0.0659,0.0976,0.0791,0.8242,0.2308,0.0989,0.0989,71.3736,77.4396,1.022,2.3077,4.1868,0.033,0.0,16.1868,0.0659,0.0,0.3626,93.0,1.3846,0.0,1.5824,3.7253,2.5714,0.2637,0.0,1.4505,0.0,0.1978,0.0,0.0,0.033,DC/DR/MC,Centre-Back
6,9,6.99,4.47,68,25,15,7,778,890,34,34,53,7,0,293,44,0,20,1301,24,0,7,82,6,13,0,8,0,3,0,0,0,1797,30,1153270,Fermín López,fermin-lopez,FC Barcelona,2817,La Liga,Midfielder,2025/26,0.3005,0.4508,0.3501,0.2239,3.4057,1.2521,0.7513,0.3506,38.9649,44.5743,1.7028,1.7028,2.6544,0.3506,0.0,14.6745,2.2037,0.0,1.0017,65.1586,1.202,0.0,0.3506,4.1068,0.3005,0.6511,0.0,0.4007,0.0,0.1503,0.0,0.0,0.0,AM/MC,Attacking Mid
16,2,13.16,1.72,69,37,5,20,357,471,23,8,14,1,0,142,9,0,21,738,5,0,3,36,10,11,0,25,0,2,0,0,0,1984,33,855833,Ferran Torres,ferran-torres,FC Barcelona,2817,La Liga,Forward,2025/26,0.7258,0.0907,0.597,0.078,3.13,1.6784,0.2268,0.9073,16.1946,21.3659,1.0433,0.3629,0.6351,0.0454,0.0,6.4415,0.4083,0.0,0.9526,33.4778,0.2268,0.0,0.1361,1.6331,0.4536,0.499,0.0,1.1341,0.0,0.0907,0.0,0.0,0.0,ST/LW/RW,Striker
1,5,1.17,3.72,7,2,9,0,1415,1502,35,45,55,4,0,468,5,0,12,1696,18,0,17,86,15,2,0,8,0,4,1,0,0,1637,25,795222,Frenkie de Jong,frenkie-de-jong,FC Barcelona,2817,La Liga,Midfielder,2025/26,0.055,0.2749,0.0643,0.2045,0.3849,0.11,0.4948,0.0,77.7947,82.5779,1.9243,2.474,3.0238,0.2199,0.0,25.73,0.2749,0.0,0.6597,93.2437,0.9896,0.0,0.9346,4.7282,0.8247,0.11,0.0,0.4398,0.0,0.2199,0.055,0.0,0.0,MC/DM,Central Mid
0,1,0.0,0.33,0,0,1,0,379,410,8,18,21,0,0,98,1,0,2,491,8,0,3,26,7,0,0,12,0,3,0,0,1,574,11,1103693,Gavi,gavi,FC Barcelona,2817,La Liga,Midfielder,2025/26,0.0,0.1568,0.0,0.0517,0.0,0.0,0.1568,0.0,59.4251,64.2857,1.2544,2.8223,3.2927,0.0,0.0,15.3659,0.1568,0.0,0.3136,76.9861,1.2544,0.0,0.4704,4.0767,1.0976,0.0,0.0,1.8815,0.0,0.4704,0.0,0.0,0.1568,MC/LW,Central Mid
0,0,0.2,0.97,7,4,1,0,1779,1946,13,49,100,2,0,283,6,0,2,2293,28,0,29,72,111,2,0,43,0,6,0,0,0,2140,32,1094827,Gerard Martín,gerard-martin,FC Barcelona,2817,La Liga,Defender,2025/26,0.0,0.0,0.0084,0.0408,0.2944,0.1682,0.0421,0.0,74.8178,81.8411,0.5467,2.0607,4.2056,0.0841,0.0,11.9019,0.2523,0.0,0.0841,96.4346,1.1776,0.0,1.2196,3.028,4.6682,0.0841,0.0,1.8084,0.0,0.2523,0.0,0.0,0.0,DL/DC,Full-Back
2,2,0.5,1.98,13,4,6,0,476,546,15,15,27,10,0,135,25,0,6,806,20,0,10,57,17,5,0,7,0,1,0,1,0,962,16,138892,João Cancelo,joao-cancelo,FC Barcelona,2817,La Liga,Defender,2025/26,0.1871,0.1871,0.0468,0.1852,1.2162,0.3742,0.5613,0.0,44.5322,51.0811,1.4033,1.4033,2.526,0.9356,0.0,12.6299,2.3389,0.0,0.5613,75.4054,1.8711,0.0,0.9356,5.3326,1.5904,0.4678,0.0,0.6549,0.0,0.0936,0.0,0.0936,0.0,DR/DL,Full-Back
1,3,1.66,3.39,14,4,6,5,1760,1922,23,31,66,12,0,426,21,0,23,2483,25,0,30,91,55,3,0,35,0,6,0,0,1,2269,30,827212,Jules Koundé,jules-kounde,FC Barcelona,2817,La Liga,Defender,2025/26,0.0397,0.119,0.0658,0.1345,0.5553,0.1587,0.238,0.1983,69.8105,76.2362,0.9123,1.2296,2.6179,0.476,0.0,16.8973,0.833,0.0,0.9123,98.4883,0.9916,0.0,1.19,3.6095,2.1816,0.119,0.0,1.3883,0.0,0.238,0.0,0.0,0.0397,DR,Full-Back
16,11,12.81,10.09,117,37,26,7,1094,1349,73,32,68,23,0,569,133,0,40,2138,21,0,10,99,3,32,0,0,0,1,0,2,0,2268,28,1402912,Lamine Yamal,lamine-yamal,FC Barcelona,2817,La Liga,Midfielder,2025/26,0.6349,0.4365,0.5083,0.4004,4.6429,1.4683,1.0317,0.2778,43.4127,53.5317,2.8968,1.2698,2.6984,0.9127,0.0,22.5794,5.2778,0.0,1.5873,84.8413,0.8333,0.0,0.3968,3.9286,0.119,1.2698,0.0,0.0,0.0,0.0397,0.0,0.0794,0.0,RW,Winger
2,1,1.04,0.59,7,2,2,1,543,590,5,16,28,0,0,108,11,0,7,733,18,0,12,29,19,3,0,15,0,5,0,0,0,795,22,1526618,Marc Bernal,marc-bernal,FC Barcelona,2817,La Liga,Midfielder,2025/26,0.2264,0.1132,0.1177,0.0668,0.7925,0.2264,0.2264,0.1132,61.4717,66.7925,0.566,1.8113,3.1698,0.0,0.0,12.2264,1.2453,0.0,0.7925,82.9811,2.0377,0.0,1.3585,3.283,2.1509,0.3396,0.0,1.6981,0.0,0.566,0.0,0.0,0.0,MC/DM,Central Mid
0,1,0.96,0.73,11,0,0,1,817,898,14,21,38,2,0,177,2,0,6,1046,10,0,7,41,8,9,1,7,0,1,0,0,0,999,24,1000483,Marc Casadó,marc-casado,FC Barcelona,2817,La Liga,Midfielder,2025/26,0.0,0.0901,0.0865,0.0658,0.991,0.0,0.0,0.0901,73.6036,80.9009,1.2613,1.8919,3.4234,0.1802,0.0,15.9459,0.1802,0.0,0.5405,94.2342,0.9009,0.0,0.6306,3.6937,0.7207,0.8108,0.0901,0.6306,0.0,0.0901,0.0,0.0,0.0,MC/DM,Central Mid
8,7,7.51,4.62,76,29,8,10,655,773,46,25,43,30,0,369,30,0,27,1260,8,0,2,44,14,27,0,4,0,3,0,0,0,1761,32,814590,Marcus Rashford,marcus-rashford,FC Barcelona,2817,La Liga,Forward,2025/26,0.4089,0.3578,0.3838,0.2361,3.8842,1.4821,0.4089,0.5111,33.4753,39.506,2.3509,1.2777,2.1976,1.5332,0.0,18.8586,1.5332,0.0,1.3799,64.3952,0.4089,0.0,0.1022,2.2487,0.7155,1.3799,0.0,0.2044,0.0,0.1533,0.0,0.0,0.0,LW,Winger
1,0,0.54,0.73,10,2,1,0,2628,2768,5,71,123,0,0,247,1,0,4,3084,27,0,30,104,147,3,0,65,0,3,0,0,0,2708,31,1402913,Pau Cubarsí,pau-cubarsi,FC Barcelona,2817,La Liga,Defender,2025/26,0.0332,0.0,0.0179,0.0243,0.3323,0.0665,0.0332,0.0,87.3412,91.9941,0.1662,2.3597,4.0879,0.0,0.0,8.209,0.0332,0.0,0.1329,102.4963,0.8973,0.0,0.997,3.4564,4.8855,0.0997,0.0,2.1603,0.0,0.0997,0.0,0.0,0.0,DC,Centre-Back
2,9,1.57,5.39,21,10,8,4,1882,2055,64,94,137,5,0,664,38,0,29,2463,29,0,24,163,23,5,0,10,0,0,1,0,0,2107,29,992587,Pedri,pedri,FC Barcelona,2817,La Liga,Midfielder,2025/26,0.0854,0.3844,0.0671,0.2302,0.897,0.4271,0.3417,0.1709,80.3892,87.7788,2.7337,4.0152,5.8519,0.2136,0.0,28.3626,1.6232,0.0,1.2387,105.2065,1.2387,0.0,1.0252,6.9625,0.9824,0.2136,0.0,0.4271,0.0,0.0,0.0427,0.0,0.0,MC/DM,Central Mid
13,3,10.36,5.81,65,24,11,6,519,639,43,27,47,19,0,249,21,0,13,980,6,0,5,47,11,16,0,3,0,5,0,1,0,1388,22,831005,Raphinha,raphinha,FC Barcelona,2817,La Liga,Midfielder,2025/26,0.8429,0.1945,0.6718,0.3767,4.2147,1.5562,0.7133,0.389,33.6527,41.4337,2.7882,1.7507,3.0476,1.232,0.0,16.1455,1.3617,0.0,0.8429,63.5447,0.389,0.0,0.3242,3.0476,0.7133,1.0375,0.0,0.1945,0.0,0.3242,0.0,0.0648,0.0,LW,Winger
14,2,14.14,1.2,63,29,4,16,268,333,14,5,13,0,0,103,9,0,24,579,2,0,3,31,20,14,0,25,0,2,0,0,0,1656,31,41789,Robert Lewandowski,robert-lewandowski,FC Barcelona,2817,La Liga,Forward,2025/26,0.7609,0.1087,0.7685,0.0652,3.4239,1.5761,0.2174,0.8696,14.5652,18.0978,0.7609,0.2717,0.7065,0.0,0.0,5.5978,0.4891,0.0,1.3043,31.4674,0.1087,0.0,0.163,1.6848,1.087,0.7609,0.0,1.3587,0.0,0.1087,0.0,0.0,0.0,ST,Striker
3,0,1.43,0.43,12,5,1,2,771,838,3,22,46,0,0,72,0,0,1,992,15,0,9,48,38,1,0,39,0,2,0,0,1,1072,24,925097,Ronald Araújo,ronald-araujo,FC Barcelona,2817,La Liga,Defender,2025/26,0.2519,0.0,0.1201,0.0361,1.0075,0.4198,0.084,0.1679,64.7295,70.3545,0.2519,1.847,3.8619,0.0,0.0,6.0448,0.0,0.0,0.084,83.2836,1.2593,0.0,0.7556,4.0299,3.1903,0.084,0.0,3.2743,0.0,0.1679,0.0,0.0,0.084,DC,Centre-Back
1,1,1.43,1.88,22,12,3,3,298,336,15,4,6,15,0,110,22,0,11,527,4,0,2,15,3,4,0,0,0,0,0,0,0,661,21,1162107,Roony Bardghji,roony-bardghji,FC Barcelona,2817,La Liga,Forward,2025/26,0.1362,0.1362,0.1947,0.256,2.9955,1.6339,0.4085,0.4085,40.5749,45.7489,2.0424,0.5446,0.8169,2.0424,0.0,14.9773,2.9955,0.0,1.4977,71.7549,0.5446,0.0,0.2723,2.0424,0.4085,0.5446,0.0,0.0,0.0,0.0,0.0,0.0,0.0,RW,Winger
0,2,0.3,0.39,7,1,3,1,319,441,4,54,125,0,0,35,2,0,3,716,19,0,22,44,82,1,0,22,0,10,1,0,1,1440,23,1101232,Abdel Abqar,abdel-abqar,Getafe,2859,La Liga,Defender,2025/26,0.0,0.125,0.0188,0.0244,0.4375,0.0625,0.1875,0.0625,19.9375,27.5625,0.25,3.375,7.8125,0.0,0.0,2.1875,0.125,0.0,0.1875,44.75,1.1875,0.0,1.375,2.75,5.125,0.0625,0.0,1.375,0.0,0.625,0.0625,0.0,0.0625,DC,Centre-Back
3,0,2.08,0.34,26,10,0,2,189,274,4,2,8,6,0,79,15,0,26,669,21,0,4,53,7,10,0,36,0,3,1,1,0,1723,28,1515554,Adrian Liso,liso-adrian,Getafe,2859,La Liga,Forward,2025/26,0.1567,0.0,0.1086,0.0178,1.3581,0.5223,0.0,0.1045,9.8723,14.3122,0.2089,0.1045,0.4179,0.3134,0.0,4.1265,0.7835,0.0,1.3581,34.9449,1.0969,0.0,0.2089,2.7684,0.3656,0.5223,0.0,1.8804,0.0,0.1567,0.0522,0.0522,0.0,ST/ML,Striker
0,1,0.18,0.96,3,1,1,0,115,179,6,16,45,6,0,26,1,0,4,316,7,0,1,19,26,1,0,18,0,6,1,0,0,524,15,128637,Allan Nyom,allan-nyom,Getafe,2859,La Liga,Defender,2025/26,0.0,0.1718,0.0309,0.1649,0.5153,0.1718,0.1718,0.0,19.7519,30.7443,1.0305,2.7481,7.729,1.0305,0.0,4.4656,0.1718,0.0,0.687,54.2748,1.2023,0.0,0.1718,3.2634,4.4656,0.1718,0.0,3.0916,0.0,1.0305,0.1718,0.0,0.0,DR/DC,Full-Back
4,1,3.05,0.25,15,7,1,3,214,264,5,12,18,1,0,86,6,0,18,387,4,0,5,32,5,5,0,15,0,0,0,0,0,1068,16,604954,Borja Mayoral,borja-mayoral,Getafe,2859,La Liga,Forward,2025/26,0.3371,0.0843,0.257,0.0211,1.264,0.5899,0.0843,0.2528,18.0337,22.2472,0.4213,1.0112,1.5169,0.0843,0.0,7.2472,0.5056,0.0,1.5169,32.6124,0.3371,0.0,0.4213,2.6966,0.4213,0.4213,0.0,1.264,0.0,0.0,0.0,0.0,0.0,ST,Striker
0,0,0.31,0.57,5,1,0,0,90,132,4,4,9,4,0,37,10,0,8,251,6,0,1,14,1,1,0,18,0,1,0,0,0,361,14,1392054,Coba Da Costa,coba-da-costa,Getafe,2859,La Liga,Midfielder,2025/26,0.0,0.0,0.0773,0.1421,1.2465,0.2493,0.0,0.0,22.4377,32.9086,0.9972,0.9972,2.2438,0.9972,0.0,9.2244,2.4931,0.0,1.9945,62.5762,1.4958,0.0,0.2493,3.4903,0.2493,0.2493,0.0,4.4875,0.0,0.2493,0.0,0.0,0.0,LW,Winger
0,0,0.24,0.51,4,2,0,0,123,212,3,7,39,3,0,39,10,0,9,456,17,0,6,26,24,1,0,9,0,2,0,0,0,698,14,1918369,Davinchi,davinchi,Getafe,2859,La Liga,Defender,2025/26,0.0,0.0,0.0309,0.0658,0.5158,0.2579,0.0,0.0,15.8596,27.3352,0.3868,0.9026,5.0287,0.3868,0.0,5.0287,1.2894,0.0,1.1605,58.7966,2.192,0.0,0.7736,3.3524,3.0946,0.1289,0.0,1.1605,0.0,0.2579,0.0,0.0,0.0,DL,Full-Back
0,0,0.33,1.04,11,1,1,0,377,590,11,27,112,13,0,125,6,0,6,1177,31,0,31,73,59,3,0,22,0,4,0,0,0,1767,28,350560,Diego Rico,diego-rico,Getafe,2859,La Liga,Defender,2025/26,0.0,0.0,0.0168,0.053,0.5603,0.0509,0.0509,0.0,19.202,30.0509,0.5603,1.3752,5.7046,0.6621,0.0,6.3667,0.3056,0.0,0.3056,59.9491,1.5789,0.0,1.5789,3.7182,3.0051,0.1528,0.0,1.1205,0.0,0.2037,0.0,0.0,0.0,DL,Full-Back
0,0,0.13,0.21,4,0,0,0,627,797,2,51,133,0,0,106,9,0,11,1175,24,0,35,109,145,2,0,46,0,10,2,1,0,2585,34,307702,Djené,djene,Getafe,2859,La Liga,Defender,2025/26,0.0,0.0,0.0045,0.0073,0.1393,0.0,0.0,0.0,21.8298,27.7485,0.0696,1.7756,4.6306,0.0,0.0,3.6905,0.3133,0.0,0.383,40.9091,0.8356,0.0,1.2186,3.795,5.0484,0.0696,0.0,1.6015,0.0,0.3482,0.0696,0.0348,0.0,DC/DR,Centre-Back
1,1,0.86,0.41,13,4,1,0,688,899,2,80,188,0,0,79,0,0,5,1302,18,0,35,99,212,1,0,79,0,12,0,0,2,2928,34,576276,Domingos Duarte,domingos-duarte,Getafe,2859,La Liga,Defender,2025/26,0.0307,0.0307,0.0264,0.0126,0.3996,0.123,0.0307,0.0,21.1475,27.6332,0.0615,2.459,5.7787,0.0,0.0,2.4283,0.0,0.0,0.1537,40.0205,0.5533,0.0,1.0758,3.043,6.5164,0.0307,0.0,2.4283,0.0,0.3689,0.0,0.0,0.0615,DC,Centre-Back
0,0,0.36,0.8,13,6,0,0,129,187,7,7,19,2,0,52,4,0,7,285,5,0,7,25,6,0,0,4,0,0,0,0,0,560,17,353154,Javier Muñoz,javier-munoz,Getafe,2859,La Liga,Midfielder,2025/26,0.0,0.0,0.0579,0.1286,2.0893,0.9643,0.0,0.0,20.7321,30.0536,1.125,1.125,3.0536,0.3214,0.0,8.3571,0.6429,0.0,1.125,45.8036,0.8036,0.0,1.125,4.0179,0.9643,0.0,0.0,0.6429,0.0,0.0,0.0,0.0,0.0,MC/AM,Central Mid
1,2,1.06,1.85,26,5,3,0,556,864,18,73,228,22,0,181,30,0,17,1975,68,0,25,108,141,14,2,32,0,4,0,0,0,3189,37,949707,Juan Iglesias,juan-iglesias,Getafe,2859,La Liga,Defender,2025/26,0.0282,0.0564,0.0299,0.0522,0.7338,0.1411,0.0847,0.0,15.6914,24.3838,0.508,2.0602,6.4346,0.6209,0.0,5.1082,0.8467,0.0,0.4798,55.7385,1.9191,0.0,0.7056,3.048,3.9793,0.3951,0.0564,0.9031,0.0,0.1129,0.0,0.0,0.0,DR,Full-Back
1,1,0.69,1.35,8,3,2,1,465,601,17,24,55,10,0,150,7,0,12,1050,22,0,34,100,44,1,2,18,0,6,0,0,0,2020,28,53739,Kiko Femenía,kiko-femenia,Getafe,2859,La Liga,Defender,2025/26,0.0446,0.0446,0.0307,0.0601,0.3564,0.1337,0.0891,0.0446,20.7178,26.7772,0.7574,1.0693,2.4505,0.4455,0.0,6.6832,0.3119,0.0,0.5347,46.7822,0.9802,0.0,1.5149,4.4554,1.9604,0.0446,0.0891,0.802,0.0,0.2673,0.0,0.0,0.0,DR,Full-Back
1,10,1.22,6.32,27,4,12,1,1080,1386,80,81,176,67,0,346,21,0,27,2046,34,0,42,208,51,12,0,51,0,4,1,0,0,3273,37,811629,Luis Milla,luis-milla,Getafe,2859,La Liga,Midfielder,2025/26,0.0275,0.275,0.0335,0.1738,0.7424,0.11,0.33,0.0275,29.6975,38.1118,2.1998,2.2273,4.8396,1.8423,0.0,9.5142,0.5775,0.0,0.7424,56.2603,0.9349,0.0,1.1549,5.7195,1.4024,0.33,0.0,1.4024,0.0,0.11,0.0275,0.0,0.0,MC/DM,Central Mid
3,1,2.0,0.35,25,9,0,1,118,207,5,3,5,0,0,52,3,0,18,413,3,0,4,27,12,5,0,46,0,2,0,2,0,1204,17,974713,Luis Vázquez,luis-vazquez,Getafe,2859,La Liga,Forward,2025/26,0.2243,0.0748,0.1495,0.0262,1.8688,0.6728,0.0,0.0748,8.8206,15.4734,0.3738,0.2243,0.3738,0.0,0.0,3.887,0.2243,0.0,1.3455,30.8721,0.2243,0.0,0.299,2.0183,0.897,0.3738,0.0,3.4385,0.0,0.1495,0.0,0.1495,0.0,ST,Striker
2,1,2.63,1.03,27,6,1,2,416,569,8,20,38,2,0,114,14,0,33,1006,34,0,15,74,29,12,0,75,0,11,0,0,0,2134,35,1154549,Mario Martín,martin-mario,Getafe,2859,La Liga,Midfielder,2025/26,0.0843,0.0422,0.1109,0.0434,1.1387,0.253,0.0422,0.0843,17.5445,23.9972,0.3374,0.8435,1.6026,0.0843,0.0,4.8079,0.5904,0.0,1.3918,42.4274,1.4339,0.0,0.6326,3.1209,1.2231,0.5061,0.0,3.1631,0.0,0.4639,0.0,0.0,0.0,MC/DM,Central Mid
6,1,4.34,1.38,35,14,5,1,238,368,15,8,20,6,0,111,25,0,37,748,13,0,9,53,18,8,0,41,0,5,0,0,0,1604,18,973536,Martín Satriano,martin-satriano,Getafe,2859,La Liga,Forward,2025/26,0.3367,0.0561,0.2435,0.0774,1.9638,0.7855,0.2805,0.0561,13.3541,20.6484,0.8416,0.4489,1.1222,0.3367,0.0,6.2282,1.4027,0.0,2.0761,41.9701,0.7294,0.0,0.505,2.9738,1.01,0.4489,0.0,2.3005,0.0,0.2805,0.0,0.0,0.0,ST,Striker
6,2,7.16,0.9,59,19,1,6,604,799,22,42,81,3,0,182,31,0,47,1407,43,0,23,154,34,14,1,57,0,7,0,0,0,3255,37,385888,Mauro Arambarri,mauro-arambarri,Getafe,2859,La Liga,Midfielder,2025/26,0.1659,0.0553,0.198,0.0249,1.6313,0.5253,0.0276,0.1659,16.7005,22.0922,0.6083,1.1613,2.2396,0.0829,0.0,5.0323,0.8571,0.0,1.2995,38.9032,1.1889,0.0,0.6359,4.2581,0.9401,0.3871,0.0276,1.576,0.0,0.1935,0.0,0.0,0.0,MC/DM,Central Mid
0,0,0.36,0.14,4,1,1,1,46,85,1,8,29,2,0,17,2,0,2,178,12,0,1,15,18,1,0,7,0,3,0,0,0,406,11,1392092,Sebastián Boselli,sebastian-boselli,Getafe,2859,La Liga,Defender,2025/26,0.0,0.0,0.0798,0.031,0.8867,0.2217,0.2217,0.2217,10.197,18.8424,0.2217,1.7734,6.4286,0.4433,0.0,3.7685,0.4433,0.0,0.4433,39.4581,2.6601,0.0,0.2217,3.3251,3.9901,0.2217,0.0,1.5517,0.0,0.665,0.0,0.0,0.0,DC,Centre-Back
1,0,0.9,0.13,10,2,0,0,294,425,1,41,116,1,0,52,16,0,7,694,22,0,28,80,92,3,0,27,0,3,1,0,1,1350,15,1108450,Zaid Romero,zaid-romero,Getafe,2859,La Liga,Defender,2025/26,0.0667,0.0,0.06,0.0087,0.6667,0.1333,0.0,0.0,19.6,28.3333,0.0667,2.7333,7.7333,0.0667,0.0,3.4667,1.0667,0.0,0.4667,46.2667,1.4667,0.0,1.8667,5.3333,6.1333,0.2,0.0,1.8,0.0,0.2,0.0667,0.0,0.0667,DC/DL,Centre-Back
0,1,0.39,0.97,13,5,1,0,134,194,8,5,15,8,0,50,5,0,9,372,5,0,2,44,4,4,0,5,0,2,1,0,0,710,18,1398518,Álex Sancris,alex-sancris,Getafe,2859,La Liga,Forward,2025/26,0.0,0.1268,0.0494,0.123,1.6479,0.6338,0.1268,0.0,16.9859,24.5915,1.0141,0.6338,1.9014,1.0141,0.0,6.338,0.6338,0.0,1.1408,47.1549,0.6338,0.0,0.2535,5.5775,0.507,0.507,0.0,0.6338,0.0,0.2535,0.1268,0.0,0.0,MR/RW,Winger
0,2,0.82,1.58,16,4,2,1,608,731,10,48,116,9,0,152,7,0,3,984,15,0,15,46,60,7,0,15,0,2,1,0,0,1121,24,1002347,Alejandro Francés,alejandro-frances,Girona FC,24264,La Liga,Defender,2025/26,0.0,0.1606,0.0658,0.1269,1.2846,0.3211,0.1606,0.0803,48.8136,58.6887,0.8029,3.8537,9.3131,0.7226,0.0,12.2034,0.562,0.0,0.2409,79.0009,1.2043,0.0,1.2043,3.6931,4.8171,0.562,0.0,1.2043,0.0,0.1606,0.0803,0.0,0.0,DC/DR,Centre-Back
2,3,1.62,1.82,19,4,7,1,1217,1428,24,67,154,8,0,284,13,0,18,2087,38,0,41,117,124,5,0,34,0,6,0,0,0,2678,35,1084081,Arnau Martínez,arnau-martinez,Girona FC,24264,La Liga,Defender,2025/26,0.0672,0.1008,0.0544,0.0612,0.6385,0.1344,0.2353,0.0336,40.8999,47.991,0.8066,2.2517,5.1755,0.2689,0.0,9.5444,0.4369,0.0,0.6049,70.1382,1.2771,0.0,1.3779,3.932,4.1673,0.168,0.0,1.1426,0.0,0.2016,0.0,0.0,0.0,DR,Full-Back
1,2,2.39,1.19,20,5,2,5,1337,1466,17,40,64,0,0,284,10,0,19,1816,25,0,30,167,56,4,0,47,0,1,1,0,0,2533,32,35612,Axel Witsel,axel-witsel,Girona FC,24264,La Liga,Midfielder,2025/26,0.0355,0.0711,0.0849,0.0423,0.7106,0.1777,0.0711,0.1777,47.5049,52.0884,0.604,1.4212,2.274,0.0,0.0,10.0908,0.3553,0.0,0.6751,64.5243,0.8883,0.0,1.0659,5.9337,1.9897,0.1421,0.0,1.67,0.0,0.0355,0.0355,0.0,0.0,DC/MC/DM,Centre-Back
5,2,3.4,4.42,51,19,11,0,778,907,36,26,46,11,0,372,69,0,40,1440,14,0,16,80,9,16,0,6,0,7,0,1,0,1766,24,991421,Azzedine Ounahi,azzedine-ounahi,Girona FC,24264,La Liga,Midfielder,2025/26,0.2548,0.1019,0.1733,0.2253,2.5991,0.9683,0.5606,0.0,39.6489,46.2231,1.8347,1.325,2.3443,0.5606,0.0,18.9581,3.5164,0.0,2.0385,73.3862,0.7135,0.0,0.8154,4.077,0.4587,0.8154,0.0,0.3058,0.0,0.3567,0.0,0.051,0.0,MC/AM,Central Mid
0,3,2.9,2.75,27,7,6,3,434,518,21,8,19,13,0,169,33,0,46,953,19,0,9,79,11,12,1,4,0,6,0,0,0,1597,29,910026,Bryan Gil,bryan-gil,Girona FC,24264,La Liga,Midfielder,2025/26,0.0,0.1691,0.1634,0.155,1.5216,0.3945,0.3381,0.1691,24.4584,29.1922,1.1835,0.4508,1.0708,0.7326,0.0,9.5241,1.8597,0.0,2.5924,53.707,1.0708,0.0,0.5072,4.4521,0.6199,0.6763,0.0564,0.2254,0.0,0.3381,0.0,0.0,0.0,LW,Winger
1,1,2.16,0.66,21,7,2,1,195,226,8,8,13,3,0,103,16,0,12,372,5,0,1,20,4,7,1,1,0,4,0,0,0,618,17,1482424,Claudio Echeverri,claudio-echeverri,Girona FC,24264,La Liga,Midfielder,2025/26,0.1456,0.1456,0.3146,0.0961,3.0583,1.0194,0.2913,0.1456,28.3981,32.9126,1.165,1.165,1.8932,0.4369,0.0,15.0,2.3301,0.0,1.7476,54.1748,0.7282,0.0,0.1456,2.9126,0.5825,1.0194,0.1456,0.1456,0.0,0.5825,0.0,0.0,0.0,AM,Attacking Mid
5,0,5.38,0.51,19,12,0,6,42,64,2,0,3,0,0,13,2,0,3,127,4,0,1,8,3,3,0,18,0,4,0,2,0,430,21,32048,Cristhian Stuani,cristhian-stuani,Girona FC,24264,La Liga,Forward,2025/26,1.0465,0.0,1.126,0.1067,3.9767,2.5116,0.0,1.2558,8.7907,13.3953,0.4186,0.0,0.6279,0.0,0.0,2.7209,0.4186,0.0,0.6279,26.5814,0.8372,0.0,0.2093,1.6744,0.6279,0.6279,0.0,3.7674,0.0,0.8372,0.0,0.4186,0.0,ST,Striker
0,0,0.26,1.13,5,1,1,0,1883,2107,11,130,253,3,0,305,12,0,9,2516,34,0,39,141,126,3,1,33,0,1,0,0,3,2610,31,44864,Daley Blind,daley-blind,Girona FC,24264,La Liga,Defender,2025/26,0.0,0.0,0.009,0.039,0.1724,0.0345,0.0345,0.0,64.931,72.6552,0.3793,4.4828,8.7241,0.1034,0.0,10.5172,0.4138,0.0,0.3103,86.7586,1.1724,0.0,1.3448,4.8621,4.3448,0.1034,0.0345,1.1379,0.0,0.0345,0.0,0.0,0.1034,DC/DL,Centre-Back
1,0,0.73,1.03,16,4,2,0,965,1055,13,45,66,2,0,243,7,0,18,1275,16,0,17,69,25,7,0,10,0,3,0,0,0,1561,27,835484,Fran Beltrán,fran-beltran,Girona FC,24264,La Liga,Midfielder,2025/26,0.0577,0.0,0.0421,0.0594,0.9225,0.2306,0.1153,0.0,55.6374,60.8264,0.7495,2.5945,3.8053,0.1153,0.0,14.0102,0.4036,0.0,1.0378,73.5106,0.9225,0.0,0.9801,3.9782,1.4414,0.4036,0.0,0.5766,0.0,0.173,0.0,0.0,0.0,MC/DM,Central Mid
1,1,0.86,0.97,7,2,2,2,639,774,10,17,42,4,0,210,9,0,12,1226,34,0,5,66,50,1,0,20,0,4,0,1,1,1758,33,1632454,Hugo Rincón,rincon-lumbreras-hugo,Girona FC,24264,La Liga,Defender,2025/26,0.0512,0.0512,0.044,0.0497,0.3584,0.1024,0.1024,0.1024,32.7133,39.6246,0.5119,0.8703,2.1502,0.2048,0.0,10.7509,0.4608,0.0,0.6143,62.7645,1.7406,0.0,0.256,3.3788,2.5597,0.0512,0.0,1.0239,0.0,0.2048,0.0,0.0512,0.0512,DR/MR,Full-Back
0,1,0.87,2.07,13,5,2,2,1261,1411,25,67,94,4,0,348,30,0,33,1810,37,0,16,147,29,4,0,21,0,3,1,1,0,2538,35,973699,Iván Martín,ivan-martin,Girona FC,24264,La Liga,Midfielder,2025/26,0.0,0.0355,0.0309,0.0734,0.461,0.1773,0.0709,0.0709,44.7163,50.0355,0.8865,2.3759,3.3333,0.1418,0.0,12.3404,1.0638,0.0,1.1702,64.1844,1.3121,0.0,0.5674,5.2128,1.0284,0.1418,0.0,0.7447,0.0,0.1064,0.0355,0.0355,0.0,MC/DM/AM,Central Mid
0,0,0.16,0.09,3,2,0,0,145,164,1,3,8,0,0,36,3,0,3,225,3,0,4,20,8,0,0,2,0,0,0,0,0,384,12,1106573,Jhon Solís,jhon-solis,Girona FC,24264,La Liga,Midfielder,2025/26,0.0,0.0,0.0375,0.0211,0.7031,0.4688,0.0,0.0,33.9844,38.4375,0.2344,0.7031,1.875,0.0,0.0,8.4375,0.7031,0.0,0.7031,52.7344,0.7031,0.0,0.9375,4.6875,1.875,0.0,0.0,0.4688,0.0,0.0,0.0,0.0,0.0,MC/DM,Central Mid
3,1,3.7,2.06,48,16,2,5,318,382,16,5,10,3,0,152,37,0,30,803,12,0,2,63,14,17,0,5,0,4,1,1,0,1482,32,1391616,Joel Roca,joel-roca,Girona FC,24264,La Liga,Midfielder,2025/26,0.1822,0.0607,0.2247,0.1251,2.915,0.9717,0.1215,0.3036,19.3117,23.1984,0.9717,0.3036,0.6073,0.1822,0.0,9.2308,2.247,0.0,1.8219,48.7652,0.7287,0.0,0.1215,3.8259,0.8502,1.0324,0.0,0.3036,0.0,0.2429,0.0607,0.0607,0.0,LW,Winger
0,0,1.36,0.57,9,5,0,3,56,78,3,1,1,3,0,26,0,0,6,149,1,0,2,11,0,3,0,5,0,1,0,0,0,473,10,218616,Portu,portu,Girona FC,24264,La Liga,Forward,2025/26,0.0,0.0,0.2588,0.1085,1.7125,0.9514,0.0,0.5708,10.6554,14.8414,0.5708,0.1903,0.1903,0.5708,0.0,4.9471,0.0,0.0,1.1416,28.351,0.1903,0.0,0.3805,2.093,0.0,0.5708,0.0,0.9514,0.0,0.1903,0.0,0.0,0.0,RW,Winger
3,1,1.93,1.51,17,8,1,1,580,658,20,23,31,17,0,235,20,0,33,936,16,0,5,57,2,6,0,2,0,4,0,0,0,1273,27,191182,Thomas Lemar,thomas-lemar,Girona FC,24264,La Liga,Midfielder,2025/26,0.2121,0.0707,0.1364,0.1068,1.2019,0.5656,0.0707,0.0707,41.0055,46.52,1.414,1.6261,2.1917,1.2019,0.0,16.6143,1.414,0.0,2.3331,66.1744,1.1312,0.0,0.3535,4.0299,0.1414,0.4242,0.0,0.1414,0.0,0.2828,0.0,0.0,0.0,MC/AM,Central Mid
6,5,6.83,3.94,51,21,4,6,826,1002,56,30,41,28,0,393,27,0,25,1530,22,0,20,82,29,12,0,32,0,3,0,0,0,2641,32,319735,Viktor Tsygankov,viktor-tsygankov,Girona FC,24264,La Liga,Midfielder,2025/26,0.2045,0.1704,0.2328,0.1343,1.738,0.7156,0.1363,0.2045,28.1484,34.1462,1.9084,1.0223,1.3972,0.9542,0.0,13.3927,0.9201,0.0,0.852,52.1393,0.7497,0.0,0.6816,2.7944,0.9883,0.4089,0.0,1.0905,0.0,0.1022,0.0,0.0,0.0,RW,Winger
1,1,1.58,0.45,19,4,2,4,1750,1924,9,77,153,0,0,132,8,0,6,2445,31,0,33,128,215,4,0,87,0,8,1,0,0,3138,36,1485300,Vitor Reis,reis-vitor,Girona FC,24264,La Liga,Defender,2025/26,0.0287,0.0287,0.0453,0.0129,0.5449,0.1147,0.0574,0.1147,50.1912,55.1816,0.2581,2.2084,4.3881,0.0,0.0,3.7859,0.2294,0.0,0.1721,70.1243,0.8891,0.0,0.9465,3.6711,6.1663,0.1147,0.0,2.4952,0.0,0.2294,0.0287,0.0,0.0,DC,Centre-Back
9,1,8.52,1.29,27,18,3,9,213,273,12,3,6,1,0,72,9,0,14,459,3,0,3,24,16,5,0,17,0,4,0,1,0,1960,27,976374,Vladyslav Vanat,vladyslav-vanat,Girona FC,24264,La Liga,Forward,2025/26,0.4133,0.0459,0.3912,0.0592,1.2398,0.8265,0.1378,0.4133,9.7806,12.5357,0.551,0.1378,0.2755,0.0459,0.0,3.3061,0.4133,0.0,0.6429,21.0765,0.1378,0.0,0.1378,1.102,0.7347,0.2296,0.0,0.7806,0.0,0.1837,0.0,0.0459,0.0,ST,Striker
0,0,0.58,1.4,15,5,2,0,129,151,12,11,13,11,0,54,13,0,10,306,3,0,5,26,4,5,0,2,0,0,0,1,0,605,15,1092769,Yáser Asprilla,yaser-asprilla,Girona FC,24264,La Liga,Midfielder,2025/26,0.0,0.0,0.0863,0.2083,2.2314,0.7438,0.2975,0.0,19.1901,22.4628,1.7851,1.6364,1.9339,1.6364,0.0,8.0331,1.9339,0.0,1.4876,45.5207,0.4463,0.0,0.7438,3.8678,0.595,0.7438,0.0,0.2975,0.0,0.0,0.0,0.1488,0.0,RW/AM,Winger
0,3,1.49,2.15,16,5,6,2,882,1054,16,19,68,10,0,258,35,0,10,1761,28,0,30,101,104,4,1,20,0,5,0,0,1,2562,31,294593,Álex Moreno,alex-moreno,Girona FC,24264,La Liga,Defender,2025/26,0.0,0.1054,0.0523,0.0755,0.5621,0.1756,0.2108,0.0703,30.9836,37.0258,0.5621,0.6674,2.3888,0.3513,0.0,9.0632,1.2295,0.0,0.3513,61.8618,0.9836,0.0,1.0539,3.548,3.6534,0.1405,0.0351,0.7026,0.0,0.1756,0.0,0.0,0.0351,DL,Full-Back
3,1,4.22,1.9,39,9,3,4,1224,1491,19,182,373,12,0,157,7,0,3,2001,17,0,48,88,179,18,0,41,0,5,0,0,2,2710,33,997244,Adrián de la Fuente,adrian-de-la-fuente,Levante UD,2849,La Liga,Defender,2025/26,0.0996,0.0332,0.1401,0.0631,1.2952,0.2989,0.0996,0.1328,40.6494,49.5166,0.631,6.0443,12.3875,0.3985,0.0,5.214,0.2325,0.0,0.0996,66.4539,0.5646,0.0,1.5941,2.9225,5.9446,0.5978,0.0,1.3616,0.0,0.1661,0.0,0.0,0.0664,DC,Centre-Back
1,1,0.62,0.43,8,1,2,0,391,474,4,19,74,0,0,32,0,0,3,645,13,0,6,55,78,4,0,17,0,0,1,0,0,957,19,1177401,Alan Matturro,alan-matturro,Levante UD,2849,La Liga,Defender,2025/26,0.094,0.094,0.0583,0.0404,0.7524,0.094,0.1881,0.0,36.7712,44.5768,0.3762,1.7868,6.9592,0.0,0.0,3.0094,0.0,0.0,0.2821,60.6583,1.2226,0.0,0.5643,5.1724,7.3354,0.3762,0.0,1.5987,0.0,0.0,0.094,0.0,0.0,DC,Centre-Back
11,0,7.58,0.38,57,24,1,10,139,211,9,1,3,0,0,53,12,0,19,486,7,0,9,41,13,9,0,46,0,3,0,0,0,1350,25,1649918,Carlos Espí,espi-carlos,Levante UD,2849,La Liga,Forward,2025/26,0.7333,0.0,0.5053,0.0253,3.8,1.6,0.0667,0.6667,9.2667,14.0667,0.6,0.0667,0.2,0.0,0.0,3.5333,0.8,0.0,1.2667,32.4,0.4667,0.0,0.6,2.7333,0.8667,0.6,0.0,3.0667,0.0,0.2,0.0,0.0,0.0,ST,Striker
3,1,2.72,4.13,30,11,6,2,531,656,40,22,31,10,0,226,19,0,33,1045,11,0,13,92,6,11,0,4,0,3,0,1,0,1907,30,1010656,Carlos Álvarez,carlos-alvarez,Levante UD,2849,La Liga,Midfielder,2025/26,0.1416,0.0472,0.1284,0.1949,1.4158,0.5191,0.2832,0.0944,25.0603,30.9596,1.8878,1.0383,1.463,0.4719,0.0,10.666,0.8967,0.0,1.5574,49.3183,0.5191,0.0,0.6135,4.3419,0.2832,0.5191,0.0,0.1888,0.0,0.1416,0.0,0.0472,0.0,MR/RW/AM,Winger
0,0,0.21,0.33,3,0,0,0,231,270,3,8,20,3,0,34,6,0,4,400,5,0,6,26,20,2,0,6,0,3,0,0,0,534,8,855837,Diego Pampín,diego-pampin,Levante UD,2849,La Liga,Defender,2025/26,0.0,0.0,0.0354,0.0556,0.5056,0.0,0.0,0.0,38.9326,45.5056,0.5056,1.3483,3.3708,0.5056,0.0,5.7303,1.0112,0.0,0.6742,67.4157,0.8427,0.0,1.0112,4.382,3.3708,0.3371,0.0,1.0112,0.0,0.5056,0.0,0.0,0.0,DL,Full-Back
7,4,8.73,1.65,50,24,4,11,195,283,15,9,14,1,0,75,11,0,35,634,14,0,6,55,18,6,0,34,0,3,0,0,0,1703,33,1393673,Etta Eyong,etta-eyong,Levante UD,2849,La Liga,Forward,2025/26,0.3699,0.2114,0.4614,0.0872,2.6424,1.2683,0.2114,0.5813,10.3053,14.956,0.7927,0.4756,0.7399,0.0528,0.0,3.9636,0.5813,0.0,1.8497,33.5056,0.7399,0.0,0.3171,2.9066,0.9513,0.3171,0.0,1.7968,0.0,0.1585,0.0,0.0,0.0,ST,Striker
7,1,8.63,1.89,59,18,5,12,391,534,25,13,22,3,0,151,37,0,55,1110,22,0,12,92,9,19,0,30,0,5,0,1,0,2287,32,1014042,Iván Romero,ivan-romero,Levante UD,2849,La Liga,Forward,2025/26,0.2755,0.0394,0.3396,0.0744,2.3218,0.7084,0.1968,0.4722,15.387,21.0144,0.9838,0.5116,0.8658,0.1181,0.0,5.9423,1.4561,0.0,2.1644,43.6817,0.8658,0.0,0.4722,3.6205,0.3542,0.7477,0.0,1.1806,0.0,0.1968,0.0,0.0394,0.0,ST,Striker
1,4,0.97,4.06,9,1,11,0,874,1131,28,56,168,28,0,177,6,0,10,1846,39,0,31,97,93,4,0,13,0,8,0,0,1,3173,37,149606,Jeremy Toljan,jeremy-toljan,Levante UD,2849,La Liga,Defender,2025/26,0.0284,0.1135,0.0275,0.1152,0.2553,0.0284,0.312,0.0,24.7904,32.0801,0.7942,1.5884,4.7652,0.7942,0.0,5.0205,0.1702,0.0,0.2836,52.3605,1.1062,0.0,0.8793,2.7513,2.6379,0.1135,0.0,0.3687,0.0,0.2269,0.0,0.0,0.0284,DR,Full-Back
1,5,2.41,3.16,28,9,6,4,504,666,37,30,72,22,0,165,12,0,18,1042,15,0,14,79,23,10,0,29,0,3,1,0,0,1748,33,1010383,Jon Ander Olasagasti,jon-ander-olasagasti,Levante UD,2849,La Liga,Midfielder,2025/26,0.0515,0.2574,0.1241,0.1627,1.4416,0.4634,0.3089,0.2059,25.9497,34.2906,1.905,1.5446,3.7071,1.1327,0.0,8.4954,0.6178,0.0,0.9268,53.6499,0.7723,0.0,0.7208,4.0675,1.1842,0.5149,0.0,1.4931,0.0,0.1545,0.0515,0.0,0.0,MC/AM,Central Mid
0,0,0.0,0.01,0,0,0,0,106,123,0,7,16,0,0,7,2,0,0,173,4,0,0,5,22,0,1,6,0,1,0,0,0,364,5,1807070,Jorge Cabello,jorge-cabello,Levante UD,2849,La Liga,Defender,2025/26,0.0,0.0,0.0,0.0025,0.0,0.0,0.0,0.0,26.2088,30.4121,0.0,1.7308,3.956,0.0,0.0,1.7308,0.4945,0.0,0.0,42.7747,0.989,0.0,0.0,1.2363,5.4396,0.0,0.2473,1.4835,0.0,0.2473,0.0,0.0,0.0,DC,Centre-Back
1,1,2.21,0.54,11,4,2,4,95,127,7,1,4,2,0,43,9,0,6,221,5,0,3,25,4,4,0,2,0,1,0,0,0,383,20,344129,José Luis Morales,jose-luis-morales,Levante UD,2849,La Liga,Forward,2025/26,0.235,0.235,0.5193,0.1269,2.5849,0.9399,0.47,0.9399,22.3238,29.8433,1.6449,0.235,0.9399,0.47,0.0,10.1044,2.1149,0.0,1.4099,51.9321,1.1749,0.0,0.705,5.8747,0.9399,0.9399,0.0,0.47,0.0,0.235,0.0,0.0,0.0,ST/LW,Striker
0,1,1.16,0.34,21,3,1,1,173,224,6,5,10,1,0,57,15,0,18,449,11,0,15,53,3,6,0,12,0,3,0,0,0,1151,21,1649919,Kareem Tunde,kareem-tunde,Levante UD,2849,La Liga,Midfielder,2025/26,0.0,0.0782,0.0907,0.0266,1.6421,0.2346,0.0782,0.0782,13.5274,17.5152,0.4692,0.391,0.7819,0.0782,0.0,4.457,1.1729,0.0,1.4075,35.1086,0.8601,0.0,1.1729,4.1442,0.2346,0.4692,0.0,0.9383,0.0,0.2346,0.0,0.0,0.0,RW,Winger
3,3,0.99,1.0,16,6,2,0,593,716,7,29,55,3,0,110,8,0,18,1001,25,0,14,89,61,4,1,47,0,6,1,0,0,1544,27,1083832,Kervin Arriaga,kervin-arriaga,Levante UD,2849,La Liga,Midfielder,2025/26,0.1749,0.1749,0.0577,0.0583,0.9326,0.3497,0.1166,0.0,34.5661,41.7358,0.408,1.6904,3.206,0.1749,0.0,6.4119,0.4663,0.0,1.0492,58.3484,1.4573,0.0,0.8161,5.1878,3.5557,0.2332,0.0583,2.7396,0.0,0.3497,0.0583,0.0,0.0,MC/DM/DC,Central Mid
1,2,0.77,1.83,13,4,3,1,749,919,17,29,97,14,0,196,12,0,14,1631,54,0,32,106,82,3,0,21,0,8,0,0,0,2818,33,984789,Manuel Sánchez,manuel-sanchez,Levante UD,2849,La Liga,Defender,2025/26,0.0319,0.0639,0.0246,0.0584,0.4152,0.1278,0.0958,0.0319,23.9212,29.3506,0.5429,0.9262,3.0979,0.4471,0.0,6.2598,0.3833,0.0,0.4471,52.0901,1.7246,0.0,1.022,3.3854,2.6189,0.0958,0.0,0.6707,0.0,0.2555,0.0,0.0,0.0,DL,Full-Back
0,0,0.96,0.79,10,0,1,2,933,1087,8,59,128,1,0,97,4,0,5,1436,24,0,37,78,129,5,1,50,0,8,0,0,0,2266,28,1496360,Matias Moreno,matias-moreno,Levante UD,2849,La Liga,Defender,2025/26,0.0,0.0,0.0381,0.0314,0.3972,0.0,0.0397,0.0794,37.0565,43.173,0.3177,2.3433,5.0838,0.0397,0.0,3.8526,0.1589,0.0,0.1986,57.0344,0.9532,0.0,1.4695,3.098,5.1236,0.1986,0.0397,1.9859,0.0,0.3177,0.0,0.0,0.0,DC,Centre-Back
0,1,0.47,0.48,8,1,0,0,503,575,10,24,47,4,0,99,1,0,4,734,12,0,10,60,33,3,0,13,0,4,0,0,0,1327,20,859769,Oriol Rey,oriol-rey,Levante UD,2849,La Liga,Midfielder,2025/26,0.0,0.0678,0.0319,0.0326,0.5426,0.0678,0.0,0.0,34.1145,38.9977,0.6782,1.6277,3.1876,0.2713,0.0,6.7144,0.0678,0.0,0.2713,49.7815,0.8139,0.0,0.6782,4.0693,2.2381,0.2035,0.0,0.8817,0.0,0.2713,0.0,0.0,0.0,MC/DM,Central Mid
1,5,1.91,4.56,28,4,10,1,540,689,36,36,86,32,0,155,14,0,17,1024,9,0,20,87,29,10,0,14,0,3,0,0,0,1865,27,927066,Pablo Martínez,pablo-martinez,Levante UD,2849,La Liga,Midfielder,2025/26,0.0483,0.2413,0.0922,0.2201,1.3512,0.193,0.4826,0.0483,26.059,33.2493,1.7373,1.7373,4.1501,1.5442,0.0,7.4799,0.6756,0.0,0.8204,49.4155,0.4343,0.0,0.9651,4.1984,1.3995,0.4826,0.0,0.6756,0.0,0.1448,0.0,0.0,0.0,MC/AM,Central Mid
0,0,0.5,0.57,12,4,2,0,81,105,6,1,6,1,0,25,9,0,9,217,1,0,2,23,4,7,0,1,0,2,0,0,0,476,12,1869106,Paco Cortés,paco-cortes,Levante UD,2849,La Liga,Forward,2025/26,0.0,0.0,0.0945,0.1078,2.2689,0.7563,0.3782,0.0,15.3151,19.8529,1.1345,0.1891,1.1345,0.1891,0.0,4.7269,1.7017,0.0,1.7017,41.0294,0.1891,0.0,0.3782,4.3487,0.7563,1.3235,0.0,0.1891,0.0,0.3782,0.0,0.0,0.0,LW,Winger
1,1,3.32,1.3,28,9,2,6,201,244,8,3,8,6,0,65,9,0,18,439,6,0,4,26,19,5,0,13,0,1,1,0,0,1007,19,909554,Roger Brugué,roger-brugue,Levante UD,2849,La Liga,Midfielder,2025/26,0.0894,0.0894,0.2967,0.1162,2.5025,0.8044,0.1787,0.5362,17.9643,21.8073,0.715,0.2681,0.715,0.5362,0.0,5.8093,0.8044,0.0,1.6087,39.2354,0.5362,0.0,0.3575,2.3237,1.6981,0.4469,0.0,1.1619,0.0,0.0894,0.0894,0.0,0.0,ST/ML,Striker
0,0,0.07,0.13,3,0,0,0,283,335,4,13,24,0,0,43,9,0,4,471,11,0,15,31,18,1,0,22,0,1,0,0,0,721,16,1170694,Ugo Raghouber,ugo-raghouber,Levante UD,2849,La Liga,Midfielder,2025/26,0.0,0.0,0.0087,0.0162,0.3745,0.0,0.0,0.0,35.3259,41.8169,0.4993,1.6227,2.9958,0.0,0.0,5.3675,1.1234,0.0,0.4993,58.7933,1.3731,0.0,1.8724,3.8696,2.2469,0.1248,0.0,2.7462,0.0,0.1248,0.0,0.0,0.0,DM/MC,Central Mid
1,0,0.67,0.35,3,1,0,1,348,409,2,14,46,0,0,20,0,0,0,542,4,0,3,28,70,0,0,31,0,2,0,0,1,958,12,813574,Unai Elgezabal,unai-elgezabal,Levante UD,2849,La Liga,Defender,2025/26,0.0939,0.0,0.0629,0.0329,0.2818,0.0939,0.0,0.0939,32.6931,38.4238,0.1879,1.3152,4.3215,0.0,0.0,1.8789,0.0,0.0,0.0,50.9186,0.3758,0.0,0.2818,2.6305,6.5762,0.0,0.0,2.9123,0.0,0.1879,0.0,0.0,0.0939,DC,Centre-Back
0,0,0.0,1.53,0,0,3,0,339,416,12,40,69,9,0,85,4,0,3,537,13,0,6,39,14,0,0,14,0,3,1,0,0,818,16,966802,Unai Vencedor,unai-vencedor,Levante UD,2849,La Liga,Midfielder,2025/26,0.0,0.0,0.0,0.1683,0.0,0.0,0.3301,0.0,37.2983,45.7702,1.3203,4.401,7.5917,0.9902,0.0,9.3521,0.4401,0.0,0.3301,59.0831,1.4303,0.0,0.6601,4.291,1.5403,0.0,0.0,1.5403,0.0,0.3301,0.11,0.0,0.0,MC/DM,Central Mid
2,1,1.96,1.07,19,8,2,1,224,294,14,9,29,15,0,69,13,0,7,557,14,0,10,54,15,4,0,14,0,1,0,0,0,1056,21,952222,Víctor García,victor-garcia,Levante UD,2849,La Liga,Midfielder,2025/26,0.1705,0.0852,0.167,0.0912,1.6193,0.6818,0.1705,0.0852,19.0909,25.0568,1.1932,0.767,2.4716,1.2784,0.0,5.8807,1.108,0.0,0.5966,47.4716,1.1932,0.0,0.8523,4.6023,1.2784,0.3409,0.0,1.1932,0.0,0.0852,0.0,0.0,0.0,MR/RW/DR,Winger
3,1,1.73,0.89,14,4,1,2,162,227,11,3,17,6,0,56,6,0,4,378,12,0,11,39,10,3,0,3,0,1,0,0,0,908,23,992331,Íker Losada,iker-losada,Levante UD,2849,La Liga,Midfielder,2025/26,0.2974,0.0991,0.1715,0.0882,1.3877,0.3965,0.0991,0.1982,16.0573,22.5,1.0903,0.2974,1.685,0.5947,0.0,5.5507,0.5947,0.0,0.3965,37.467,1.1894,0.0,1.0903,3.8656,0.9912,0.2974,0.0,0.2974,0.0,0.0991,0.0,0.0,0.0,AM,Attacking Mid
0,1,0.54,0.57,12,1,1,1,1009,1141,7,53,110,1,0,86,0,0,4,1419,13,0,16,62,121,0,0,77,0,4,0,0,3,2070,24,807116,Antonio Raíllo,antonio-raillo,Mallorca,2826,La Liga,Defender,2025/26,0.0,0.0435,0.0235,0.0248,0.5217,0.0435,0.0435,0.0435,43.8696,49.6087,0.3043,2.3043,4.7826,0.0435,0.0,3.7391,0.0,0.0,0.1739,61.6957,0.5652,0.0,0.6957,2.6957,5.2609,0.0,0.0,3.3478,0.0,0.1739,0.0,0.0,0.1304,DC,Centre-Back
0,0,0.4,0.99,6,3,3,1,297,377,12,16,43,5,0,85,5,0,19,588,12,0,12,68,22,0,0,5,0,3,1,0,0,1088,30,949722,Antonio Sánchez,antonio-sanchez,Mallorca,2826,La Liga,Midfielder,2025/26,0.0,0.0,0.0331,0.0819,0.4963,0.2482,0.2482,0.0827,24.568,31.1857,0.9926,1.3235,3.557,0.4136,0.0,7.0312,0.4136,0.0,1.5717,48.6397,0.9926,0.0,0.9926,5.625,1.8199,0.0,0.0,0.4136,0.0,0.2482,0.0827,0.0,0.0,MC/MR,Central Mid
0,0,0.31,0.1,4,0,0,0,382,459,0,35,86,0,0,27,2,0,0,610,7,0,8,21,81,1,1,27,0,2,0,0,0,833,14,1513896,David López,david-lopez,Mallorca,2826,La Liga,Defender,2025/26,0.0,0.0,0.0335,0.0108,0.4322,0.0,0.0,0.0,41.2725,49.5918,0.0,3.7815,9.2917,0.0,0.0,2.9172,0.2161,0.0,0.0,65.9064,0.7563,0.0,0.8643,2.2689,8.7515,0.108,0.108,2.9172,0.0,0.2161,0.0,0.0,0.0,DC,Centre-Back
2,4,2.33,2.37,32,16,7,1,308,407,30,7,14,12,0,133,49,0,35,844,10,0,7,68,9,11,0,14,0,0,1,2,1,1804,31,1939173,Jan Virgili,jan-virgili,Mallorca,2826,La Liga,Midfielder,2025/26,0.0998,0.1996,0.1162,0.1182,1.5965,0.7982,0.3492,0.0499,15.3659,20.3049,1.4967,0.3492,0.6984,0.5987,0.0,6.6353,2.4446,0.0,1.7461,42.1064,0.4989,0.0,0.3492,3.3925,0.449,0.5488,0.0,0.6984,0.0,0.0,0.0499,0.0998,0.0499,LW,Winger
0,4,0.54,3.5,17,2,6,1,957,1210,36,66,181,38,0,261,15,0,28,2051,27,0,24,178,84,3,0,23,0,6,1,0,0,2737,35,344847,Johan Mojica,johan-mojica,Mallorca,2826,La Liga,Defender,2025/26,0.0,0.1315,0.0178,0.1151,0.559,0.0658,0.1973,0.0329,31.4688,39.7881,1.1838,2.1703,5.9518,1.2495,0.0,8.5824,0.4932,0.0,0.9207,67.4425,0.8878,0.0,0.7892,5.8531,2.7621,0.0986,0.0,0.7563,0.0,0.1973,0.0329,0.0,0.0,DL,Full-Back
3,0,2.0,1.39,13,4,2,1,846,947,17,39,66,2,0,241,8,0,14,1194,30,0,19,97,22,4,0,13,0,3,1,0,0,1788,32,826004,Manu Morlanes,manu-morlanes,Mallorca,2826,La Liga,Midfielder,2025/26,0.151,0.0,0.1007,0.07,0.6544,0.2013,0.1007,0.0503,42.5839,47.6678,0.8557,1.9631,3.3221,0.1007,0.0,12.1309,0.4027,0.0,0.7047,60.1007,1.5101,0.0,0.9564,4.8826,1.1074,0.2013,0.0,0.6544,0.0,0.151,0.0503,0.0,0.0,MC/DM,Central Mid
0,0,0.1,0.04,3,0,0,0,230,293,1,27,65,0,0,25,1,0,1,343,1,0,2,14,14,0,0,11,0,1,0,0,0,438,8,893642,Marash Kumbulla,marash-kumbulla,Mallorca,2826,La Liga,Defender,2025/26,0.0,0.0,0.0205,0.0082,0.6164,0.0,0.0,0.0,47.2603,60.2055,0.2055,5.5479,13.3562,0.0,0.0,5.137,0.2055,0.0,0.2055,70.4795,0.2055,0.0,0.411,2.8767,2.8767,0.0,0.0,2.2603,0.0,0.2055,0.0,0.0,0.0,DC,Centre-Back
0,0,0.81,0.33,17,8,0,1,1555,1784,3,105,242,0,0,145,4,0,6,2278,34,0,22,90,242,5,1,59,0,6,0,0,2,3309,37,300522,Martin Valjent,martin-valjent,Mallorca,2826,La Liga,Defender,2025/26,0.0,0.0,0.022,0.009,0.4624,0.2176,0.0,0.0272,42.2937,48.5222,0.0816,2.8558,6.582,0.0,0.0,3.9438,0.1088,0.0,0.1632,61.9583,0.9248,0.0,0.5984,2.4479,6.582,0.136,0.0272,1.6047,0.0,0.1632,0.0,0.0,0.0544,DC,Centre-Back
2,3,5.09,0.9,33,14,3,8,246,302,14,2,4,4,0,95,18,0,36,650,20,0,12,65,24,5,0,10,0,2,0,1,0,1710,29,1170693,Mateo Joseph,mateo-joseph,Mallorca,2826,La Liga,Forward,2025/26,0.1053,0.1579,0.2679,0.0474,1.7368,0.7368,0.1579,0.4211,12.9474,15.8947,0.7368,0.1053,0.2105,0.2105,0.0,5.0,0.9474,0.0,1.8947,34.2105,1.0526,0.0,0.6316,3.4211,1.2632,0.2632,0.0,0.5263,0.0,0.1053,0.0,0.0526,0.0,ST,Striker
1,0,0.3,0.35,4,2,1,0,184,241,3,10,28,6,0,44,4,0,4,419,7,0,7,29,30,1,1,6,0,2,0,0,1,736,18,879543,Mateu Morey,mateu-morey,Mallorca,2826,La Liga,Defender,2025/26,0.1223,0.0,0.0367,0.0428,0.4891,0.2446,0.1223,0.0,22.5,29.4701,0.3668,1.2228,3.4239,0.7337,0.0,5.3804,0.4891,0.0,0.4891,51.2364,0.856,0.0,0.856,3.5462,3.6685,0.1223,0.1223,0.7337,0.0,0.2446,0.0,0.0,0.1223,DR,Full-Back
2,2,0.28,0.39,7,3,2,0,930,1082,8,79,146,1,0,131,6,0,4,1395,29,0,35,111,84,2,2,30,0,5,0,0,0,2245,30,255999,Omar Mascarell,omar-mascarell,Mallorca,2826,La Liga,Midfielder,2025/26,0.0802,0.0802,0.0112,0.0156,0.2806,0.1203,0.0802,0.0,37.2829,43.3764,0.3207,3.167,5.853,0.0401,0.0,5.2517,0.2405,0.0,0.1604,55.9243,1.1626,0.0,1.4031,4.4499,3.3675,0.0802,0.0802,1.2027,0.0,0.2004,0.0,0.0,0.0,MC/DM,Central Mid
1,2,0.41,1.9,7,1,3,0,713,932,20,48,141,28,0,173,34,0,12,1687,35,0,35,111,98,2,0,31,0,11,0,0,0,2672,31,788216,Pablo Maffeo,pablo-maffeo,Mallorca,2826,La Liga,Defender,2025/26,0.0337,0.0674,0.0138,0.064,0.2358,0.0337,0.101,0.0,24.0157,31.3922,0.6737,1.6168,4.7493,0.9431,0.0,5.8271,1.1452,0.0,0.4042,56.8226,1.1789,0.0,1.1789,3.7388,3.3009,0.0674,0.0,1.0442,0.0,0.3705,0.0,0.0,0.0,DR,Full-Back
4,4,1.73,2.92,25,12,4,3,683,803,35,34,57,21,0,242,16,0,18,1157,17,0,9,83,13,6,0,7,0,4,0,0,0,1637,35,1082981,Pablo Torre,pablo-torre,Mallorca,2826,La Liga,Midfielder,2025/26,0.2199,0.2199,0.0951,0.1605,1.3745,0.6597,0.2199,0.1649,37.5504,44.1478,1.9243,1.8693,3.1338,1.1546,0.0,13.3048,0.8797,0.0,0.9896,63.6103,0.9346,0.0,0.4948,4.5632,0.7147,0.3299,0.0,0.3849,0.0,0.2199,0.0,0.0,0.0,AM/MC,Attacking Mid
7,2,3.98,1.13,39,16,2,2,1013,1268,17,69,125,3,0,213,14,0,31,1860,37,0,26,118,90,8,0,78,0,11,0,0,0,2705,34,988351,Samú Costa,samuel-costa,Mallorca,2826,La Liga,Midfielder,2025/26,0.2329,0.0665,0.1324,0.0376,1.2976,0.5323,0.0665,0.0665,33.7043,42.1885,0.5656,2.2957,4.159,0.0998,0.0,7.0869,0.4658,0.0,1.0314,61.8854,1.2311,0.0,0.8651,3.9261,2.9945,0.2662,0.0,2.5952,0.0,0.366,0.0,0.0,0.0,MC/DM,Central Mid
1,5,2.04,4.93,36,13,13,2,980,1159,59,82,140,55,0,298,34,0,19,1655,13,0,26,127,18,8,0,8,0,3,0,0,0,2689,38,110783,Sergi Darder,sergi-darder,Mallorca,2826,La Liga,Midfielder,2025/26,0.0335,0.1673,0.0683,0.165,1.2049,0.4351,0.4351,0.0669,32.8003,38.7914,1.9747,2.7445,4.6858,1.8408,0.0,9.974,1.138,0.0,0.6359,55.3923,0.4351,0.0,0.8702,4.2507,0.6025,0.2678,0.0,0.2678,0.0,0.1004,0.0,0.0,0.0,MC/AM,Central Mid
1,0,1.95,1.12,17,2,2,5,89,120,3,0,2,2,0,39,2,0,12,249,10,0,2,22,4,2,0,8,0,2,0,0,0,681,20,309546,Takuma Asano,takuma-asano,Mallorca,2826,La Liga,Forward,2025/26,0.1322,0.0,0.2577,0.148,2.2467,0.2643,0.2643,0.6608,11.7621,15.859,0.3965,0.0,0.2643,0.2643,0.0,5.1542,0.2643,0.0,1.5859,32.9075,1.3216,0.0,0.2643,2.9075,0.5286,0.2643,0.0,1.0573,0.0,0.2643,0.0,0.0,0.0,RW/ST,Winger
0,1,0.0,0.51,0,0,1,0,180,220,4,11,22,6,0,44,7,0,7,365,8,0,6,27,15,0,0,6,0,3,0,0,0,599,12,828239,Toni Lato,toni-lato,Mallorca,2826,La Liga,Defender,2025/26,0.0,0.1503,0.0,0.0766,0.0,0.0,0.1503,0.0,27.0451,33.0551,0.601,1.6528,3.3055,0.9015,0.0,6.611,1.0518,0.0,1.0518,54.8414,1.202,0.0,0.9015,4.0568,2.2538,0.0,0.0,0.9015,0.0,0.4508,0.0,0.0,0.0,DL,Full-Back
23,1,18.52,1.52,116,50,4,19,456,703,23,22,31,3,0,141,16,0,45,1213,4,0,2,76,58,23,0,146,0,4,1,1,0,3134,37,310874,Vedat Muriqi,vedat-muriqi,Mallorca,2826,La Liga,Forward,2025/26,0.6605,0.0287,0.5318,0.0437,3.3312,1.4359,0.1149,0.5456,13.0951,20.1883,0.6605,0.6318,0.8902,0.0862,0.0,4.0491,0.4595,0.0,1.2923,34.8341,0.1149,0.0,0.0574,2.1825,1.6656,0.6605,0.0,4.1927,0.0,0.1149,0.0287,0.0287,0.0,ST,Striker
0,2,0.62,0.82,9,7,2,2,41,58,9,0,2,4,0,27,9,0,7,177,0,0,0,7,2,0,0,1,0,2,0,0,0,519,10,1000150,Zito Luvumbo,zito-luvumbo,Mallorca,2826,La Liga,Forward,2025/26,0.0,0.3468,0.1075,0.1422,1.5607,1.2139,0.3468,0.3468,7.1098,10.0578,1.5607,0.0,0.3468,0.6936,0.0,4.6821,1.5607,0.0,1.2139,30.6936,0.0,0.0,0.0,1.2139,0.3468,0.0,0.0,0.1734,0.0,0.3468,0.0,0.0,0.0,ST,Striker
1,2,0.63,1.8,11,3,3,0,388,503,13,24,62,12,0,124,13,0,12,945,12,0,18,68,51,1,0,13,0,5,1,1,0,1658,28,1010165,Abel Bretones,abel-bretones,Osasuna,2820,La Liga,Defender,2025/26,0.0543,0.1086,0.0342,0.0977,0.5971,0.1628,0.1628,0.0,21.0615,27.304,0.7057,1.3028,3.3655,0.6514,0.0,6.731,0.7057,0.0,0.6514,51.2967,0.6514,0.0,0.9771,3.6912,2.7684,0.0543,0.0,0.7057,0.0,0.2714,0.0543,0.0543,0.0,DL,Full-Back
0,2,1.68,3.22,29,4,5,0,677,849,38,31,45,12,0,288,30,0,48,1289,19,0,10,110,15,15,0,30,0,6,0,0,0,2152,31,985329,Aimar Oroz,aimar-oroz,Osasuna,2820,La Liga,Midfielder,2025/26,0.0,0.0836,0.0703,0.1347,1.2128,0.1673,0.2091,0.0,28.3132,35.5065,1.5892,1.2965,1.882,0.5019,0.0,12.0446,1.2546,0.0,2.0074,53.908,0.7946,0.0,0.4182,4.6004,0.6273,0.6273,0.0,1.2546,0.0,0.2509,0.0,0.0,0.0,AM/MC,Attacking Mid
3,2,2.67,1.11,19,4,2,1,1452,1696,12,152,289,0,0,123,6,0,4,2132,31,0,33,116,215,5,2,81,0,11,1,0,2,3073,35,900792,Alejandro Catena,alejandro-catena,Osasuna,2820,La Liga,Defender,2025/26,0.0879,0.0586,0.0782,0.0325,0.5565,0.1171,0.0586,0.0293,42.5252,49.6713,0.3514,4.4517,8.464,0.0,0.0,3.6023,0.1757,0.0,0.1171,62.4406,0.9079,0.0,0.9665,3.3973,6.2968,0.1464,0.0586,2.3723,0.0,0.3222,0.0293,0.0,0.0586,DC,Centre-Back
17,0,17.13,1.66,103,41,3,16,236,393,16,4,10,0,0,98,3,0,34,868,14,0,6,45,46,15,0,124,0,4,0,2,0,2953,37,37318,Ante Budimir,ante-budimir,Osasuna,2820,La Liga,Forward,2025/26,0.5181,0.0,0.5221,0.0506,3.1392,1.2496,0.0914,0.4876,7.1927,11.9776,0.4876,0.1219,0.3048,0.0,0.0,2.9868,0.0914,0.0,1.0362,26.4545,0.4267,0.0,0.1829,1.3715,1.402,0.4572,0.0,3.7792,0.0,0.1219,0.0,0.061,0.0,ST,Striker
1,0,0.39,0.11,6,3,1,0,116,165,3,5,19,0,0,30,0,0,0,234,2,0,4,17,18,0,0,18,0,1,1,0,0,372,17,1399702,Asier Osambela,asier-osambela,Osasuna,2820,La Liga,Defender,2025/26,0.2419,0.0,0.0944,0.0266,1.4516,0.7258,0.2419,0.0,28.0645,39.9194,0.7258,1.2097,4.5968,0.0,0.0,7.2581,0.0,0.0,0.0,56.6129,0.4839,0.0,0.9677,4.1129,4.3548,0.0,0.0,4.3548,0.0,0.2419,0.2419,0.0,0.0,MC/AM,Central Mid
1,2,1.03,1.04,11,4,2,0,1135,1314,9,53,138,2,0,100,3,0,9,1689,37,0,17,128,122,2,1,37,0,7,0,0,2,2545,30,1067582,Enzo Boyomo,enzo-boyomo,Osasuna,2820,La Liga,Defender,2025/26,0.0354,0.0707,0.0364,0.0368,0.389,0.1415,0.0707,0.0,40.1375,46.4676,0.3183,1.8743,4.8802,0.0707,0.0,3.5363,0.1061,0.0,0.3183,59.7289,1.3084,0.0,0.6012,4.5265,4.3143,0.0707,0.0354,1.3084,0.0,0.2475,0.0,0.0,0.0707,DC,Centre-Back
0,0,0.35,0.29,9,4,0,0,381,449,5,25,43,1,0,103,4,0,6,592,8,0,11,49,23,1,0,15,0,5,0,0,0,953,19,1119586,Iker Muñoz,iker-munoz,Osasuna,2820,La Liga,Midfielder,2025/26,0.0,0.0,0.0331,0.0274,0.8499,0.3778,0.0,0.0,35.9811,42.4029,0.4722,2.361,4.0609,0.0944,0.0,9.7272,0.3778,0.0,0.5666,55.9077,0.7555,0.0,1.0388,4.6275,2.1721,0.0944,0.0,1.4166,0.0,0.4722,0.0,0.0,0.0,MC/DM,Central Mid
0,1,0.21,2.55,6,1,2,0,760,906,29,41,96,32,0,206,38,0,14,1553,30,0,29,90,58,1,0,14,0,3,0,0,2,1820,25,825133,Javi Galán,javi-galan,Osasuna,2820,La Liga,Defender,2025/26,0.0,0.0495,0.0104,0.1261,0.2967,0.0495,0.0989,0.0,37.5824,44.8022,1.4341,2.0275,4.7473,1.5824,0.0,10.1868,1.8791,0.0,0.6923,76.7967,1.4835,0.0,1.4341,4.4505,2.8681,0.0495,0.0,0.6923,0.0,0.1484,0.0,0.0,0.0989,DL,Full-Back
0,4,2.0,3.61,23,5,9,3,1112,1388,39,88,183,35,0,295,13,0,10,1961,28,0,23,161,49,12,0,18,0,9,0,0,0,3028,36,976141,Jon Moncayola,jon-moncayola,Osasuna,2820,La Liga,Midfielder,2025/26,0.0,0.1189,0.0594,0.1073,0.6836,0.1486,0.2675,0.0892,33.0515,41.255,1.1592,2.6156,5.4392,1.0403,0.0,8.7682,0.3864,0.0,0.2972,58.286,0.8322,0.0,0.6836,4.7853,1.4564,0.3567,0.0,0.535,0.0,0.2675,0.0,0.0,0.0,MC/DM,Central Mid
0,1,0.29,0.81,3,0,1,1,604,702,2,24,67,0,0,39,3,0,1,943,15,0,18,38,108,2,0,28,0,3,0,1,0,1608,28,944225,Jorge Herrando,jorge-herrando,Osasuna,2820,La Liga,Defender,2025/26,0.0,0.056,0.0162,0.0453,0.1679,0.0,0.056,0.056,33.806,39.291,0.1119,1.3433,3.75,0.0,0.0,2.1828,0.1679,0.0,0.056,52.7799,0.8396,0.0,1.0075,2.1269,6.0448,0.1119,0.0,1.5672,0.0,0.1679,0.0,0.056,0.0,DC,Centre-Back
0,0,0.39,0.23,1,0,0,1,209,237,2,8,22,2,0,27,2,0,1,328,3,0,4,18,25,0,0,5,0,2,0,0,1,660,15,814360,Juan Cruz,cruz-juan,Osasuna,2820,La Liga,Defender,2025/26,0.0,0.0,0.0532,0.0314,0.1364,0.0,0.0,0.1364,28.5,32.3182,0.2727,1.0909,3.0,0.2727,0.0,3.6818,0.2727,0.0,0.1364,44.7273,0.4091,0.0,0.5455,2.4545,3.4091,0.0,0.0,0.6818,0.0,0.2727,0.0,0.0,0.1364,DL/DC,Full-Back
2,2,0.93,1.42,8,4,0,0,91,123,11,8,13,18,0,43,6,0,11,288,2,0,2,12,5,1,0,7,0,4,0,0,0,484,27,591132,Kike Barja,kike-barja,Osasuna,2820,La Liga,Forward,2025/26,0.3719,0.3719,0.1729,0.264,1.4876,0.7438,0.0,0.0,16.9215,22.8719,2.0455,1.4876,2.4174,3.3471,0.0,7.9959,1.1157,0.0,2.0455,53.5537,0.3719,0.0,0.3719,2.2314,0.9298,0.186,0.0,1.3017,0.0,0.7438,0.0,0.0,0.0,LW/RW,Winger
0,1,1.6,0.76,29,8,1,2,740,992,15,42,109,0,0,162,9,0,11,1292,19,0,28,108,46,4,0,109,0,6,0,0,0,2307,34,187313,Lucas Torró,lucas-torro,Osasuna,2820,La Liga,Midfielder,2025/26,0.0,0.039,0.0624,0.0296,1.1313,0.3121,0.039,0.078,28.8687,38.6996,0.5852,1.6385,4.2523,0.0,0.0,6.3199,0.3511,0.0,0.4291,50.4031,0.7412,0.0,1.0923,4.2133,1.7945,0.156,0.0,4.2523,0.0,0.2341,0.0,0.0,0.0,MC/DM,Central Mid
0,2,0.39,1.85,11,2,4,0,772,869,16,53,81,6,0,272,12,0,8,1069,9,0,11,89,10,5,1,12,0,3,0,0,1,1218,26,149370,Moi Gómez,moi-gomez,Osasuna,2820,La Liga,Midfielder,2025/26,0.0,0.1478,0.0288,0.1367,0.8128,0.1478,0.2956,0.0,57.0443,64.2118,1.1823,3.9163,5.9852,0.4433,0.0,20.0985,0.8867,0.0,0.5911,78.9901,0.665,0.0,0.8128,6.5764,0.7389,0.3695,0.0739,0.8867,0.0,0.2217,0.0,0.0,0.0739,MC/LW,Central Mid
7,1,6.45,1.26,39,23,1,6,157,234,12,7,8,4,0,46,15,0,18,448,13,0,7,28,16,6,0,40,0,2,1,0,0,1042,36,997280,Raúl García de Haro,raul-garcia-de-haro,Osasuna,2820,La Liga,Forward,2025/26,0.6046,0.0864,0.5571,0.1088,3.3685,1.9866,0.0864,0.5182,13.5605,20.2111,1.0365,0.6046,0.691,0.3455,0.0,3.9731,1.2956,0.0,1.5547,38.6948,1.1228,0.0,0.6046,2.4184,1.382,0.5182,0.0,3.4549,0.0,0.1727,0.0864,0.0,0.0,ST,Striker
0,2,0.23,1.12,6,0,2,0,126,165,11,3,6,4,0,66,12,0,6,283,0,0,1,24,8,4,1,1,0,0,0,0,0,629,14,980383,Raúl Moro,raul-moro,Osasuna,2820,La Liga,Midfielder,2025/26,0.0,0.2862,0.0329,0.1603,0.8585,0.0,0.2862,0.0,18.0286,23.6089,1.5739,0.4293,0.8585,0.5723,0.0,9.4436,1.717,0.0,0.8585,40.4928,0.0,0.0,0.1431,3.434,1.1447,0.5723,0.1431,0.1431,0.0,0.0,0.0,0.0,0.0,LW,Winger
2,5,2.43,4.94,31,10,8,3,658,828,44,50,87,50,0,229,18,0,21,1312,29,0,17,91,22,9,0,23,0,6,0,0,0,2247,35,260031,Rubén García,ruben-garcia,Osasuna,2820,La Liga,Midfielder,2025/26,0.0801,0.2003,0.0973,0.1979,1.2417,0.4005,0.3204,0.1202,26.3551,33.1642,1.7623,2.0027,3.4846,2.0027,0.0,9.1722,0.721,0.0,0.8411,52.5501,1.1615,0.0,0.6809,3.6449,0.8812,0.3605,0.0,0.9212,0.0,0.2403,0.0,0.0,0.0,RW,Winger
1,1,0.67,2.02,19,3,4,1,854,1050,16,34,115,11,0,210,28,0,27,1713,29,0,43,153,88,7,0,19,0,4,1,0,0,2554,31,842419,Valentin Rosier,valentin-rosier,Osasuna,2820,La Liga,Defender,2025/26,0.0352,0.0352,0.0236,0.0712,0.6695,0.1057,0.141,0.0352,30.094,37.0008,0.5638,1.1981,4.0525,0.3876,0.0,7.4002,0.9867,0.0,0.9514,60.3641,1.0219,0.0,1.5153,5.3915,3.101,0.2467,0.0,0.6695,0.0,0.141,0.0352,0.0,0.0,DR,Full-Back
6,2,5.86,3.24,81,31,2,9,503,623,27,5,14,22,0,221,75,0,56,1369,14,0,9,96,20,25,0,17,0,3,0,1,0,2668,34,1145642,Víctor Muñoz,victor-munoz,Osasuna,2820,La Liga,Midfielder,2025/26,0.2024,0.0675,0.1977,0.1093,2.7324,1.0457,0.0675,0.3036,16.9678,21.0157,0.9108,0.1687,0.4723,0.7421,0.0,7.455,2.53,0.0,1.8891,46.1807,0.4723,0.0,0.3036,3.2384,0.6747,0.8433,0.0,0.5735,0.0,0.1012,0.0,0.0337,0.0,RW/LW,Winger
4,0,3.66,0.24,26,12,0,5,127,185,7,3,7,1,0,46,7,0,16,381,2,0,1,19,13,6,0,19,0,3,0,0,0,1149,26,981604,Alemão,alemao,Rayo Vallecano,2818,La Liga,Forward,2025/26,0.3133,0.0,0.2867,0.0188,2.0366,0.9399,0.0,0.3916,9.9478,14.4909,0.5483,0.235,0.5483,0.0783,0.0,3.6031,0.5483,0.0,1.2533,29.8433,0.1567,0.0,0.0783,1.4883,1.0183,0.47,0.0,1.4883,0.0,0.235,0.0,0.0,0.0,ST,Striker
0,4,2.25,4.51,31,9,10,3,1085,1320,43,38,91,25,0,337,63,0,45,2295,45,0,38,163,80,5,0,22,0,9,0,0,1,2810,35,965031,Andrei Rațiu,andrei-ratiu,Rayo Vallecano,2818,La Liga,Defender,2025/26,0.0,0.1281,0.0721,0.1444,0.9929,0.2883,0.3203,0.0961,34.7509,42.2776,1.3772,1.2171,2.9146,0.8007,0.0,10.7936,2.0178,0.0,1.4413,73.5053,1.4413,0.0,1.2171,5.2206,2.5623,0.1601,0.0,0.7046,0.0,0.2883,0.0,0.0,0.032,DR,Full-Back
0,0,1.3,0.25,9,4,1,1,91,110,3,2,5,1,0,31,4,0,5,197,6,0,0,19,4,3,0,6,0,1,0,0,0,467,11,1131581,Carlos Martín,carlos-martin,Rayo Vallecano,2818,La Liga,Midfielder,2025/26,0.0,0.0,0.2505,0.0482,1.7345,0.7709,0.1927,0.1927,17.5375,21.1991,0.5782,0.3854,0.9636,0.1927,0.0,5.9743,0.7709,0.0,0.9636,37.9657,1.1563,0.0,0.0,3.6617,0.7709,0.5782,0.0,1.1563,0.0,0.1927,0.0,0.0,0.0,ST,Striker
2,1,2.29,0.41,50,18,2,1,1858,2129,17,145,331,3,0,173,8,0,7,2668,40,0,48,168,229,7,0,82,0,7,0,0,0,3231,36,88528,Florian Lejeune,florian-lejeune,Rayo Vallecano,2818,La Liga,Defender,2025/26,0.0557,0.0279,0.0638,0.0114,1.3928,0.5014,0.0557,0.0279,51.7549,59.3036,0.4735,4.039,9.2201,0.0836,0.0,4.8189,0.2228,0.0,0.195,74.3175,1.1142,0.0,1.337,4.6797,6.3788,0.195,0.0,2.2841,0.0,0.195,0.0,0.0,0.0,DC,Centre-Back
2,1,2.24,1.4,17,8,3,3,250,304,13,5,10,7,0,97,14,0,16,554,11,0,2,85,7,3,0,1,0,4,0,0,0,1250,29,966637,Fran Pérez,fran-perez,Rayo Vallecano,2818,La Liga,Midfielder,2025/26,0.144,0.072,0.1613,0.1008,1.224,0.576,0.216,0.216,18.0,21.888,0.936,0.36,0.72,0.504,0.0,6.984,1.008,0.0,1.152,39.888,0.792,0.0,0.144,6.12,0.504,0.216,0.0,0.072,0.0,0.288,0.0,0.0,0.0,RW/MR,Winger
0,3,0.85,2.24,20,5,5,1,404,485,23,28,53,17,0,93,6,0,5,697,16,0,10,47,28,8,0,14,0,4,0,0,1,1197,28,326471,Gerard Gumbau,gerard-gumbau,Rayo Vallecano,2818,La Liga,Midfielder,2025/26,0.0,0.2256,0.0639,0.1684,1.5038,0.3759,0.3759,0.0752,30.3759,36.4662,1.7293,2.1053,3.985,1.2782,0.0,6.9925,0.4511,0.0,0.3759,52.406,1.203,0.0,0.7519,3.5338,2.1053,0.6015,0.0,1.0526,0.0,0.3008,0.0,0.0,0.0752,MC/DM,Central Mid
0,1,1.94,0.9,24,8,3,4,217,258,13,9,17,6,0,98,14,0,27,530,15,0,2,37,9,6,0,1,0,3,0,0,0,897,20,1089108,Ilias Akhomach,ilias-akhomach,Rayo Vallecano,2818,La Liga,Midfielder,2025/26,0.0,0.1003,0.1946,0.0903,2.408,0.8027,0.301,0.4013,21.7726,25.8863,1.3043,0.903,1.7057,0.602,0.0,9.8328,1.4047,0.0,2.709,53.1773,1.505,0.0,0.2007,3.7124,0.903,0.602,0.0,0.1003,0.0,0.301,0.0,0.0,0.0,RW/MR,Winger
3,3,5.3,3.96,53,16,9,6,719,872,39,44,76,29,0,281,23,0,41,1403,14,0,3,96,23,16,0,21,0,10,1,0,0,2262,31,899982,Isi Palazón,isi-palazon,Rayo Vallecano,2818,La Liga,Midfielder,2025/26,0.1194,0.1194,0.2109,0.1576,2.1088,0.6366,0.3581,0.2387,28.6074,34.695,1.5517,1.7507,3.0239,1.1538,0.0,11.1804,0.9151,0.0,1.6313,55.8223,0.557,0.0,0.1194,3.8196,0.9151,0.6366,0.0,0.8355,0.0,0.3979,0.0398,0.0,0.0,AM,Attacking Mid
0,0,0.35,0.28,3,0,0,1,218,265,3,12,32,1,0,61,7,0,1,404,10,0,9,28,6,0,0,4,0,2,0,0,0,594,14,152446,Iván Balliu,ivan-balliu,Rayo Vallecano,2818,La Liga,Defender,2025/26,0.0,0.0,0.053,0.0424,0.4545,0.0,0.0,0.1515,33.0303,40.1515,0.4545,1.8182,4.8485,0.1515,0.0,9.2424,1.0606,0.0,0.1515,61.2121,1.5152,0.0,1.3636,4.2424,0.9091,0.0,0.0,0.6061,0.0,0.303,0.0,0.0,0.0,DR,Full-Back
10,1,10.63,2.86,63,28,4,13,302,397,31,6,13,10,0,127,28,0,35,854,17,0,11,69,12,12,0,19,0,3,0,3,0,2483,36,900003,Jorge de Frutos,jorge-de-frutos,Rayo Vallecano,2818,La Liga,Forward,2025/26,0.3625,0.0362,0.3853,0.1037,2.2835,1.0149,0.145,0.4712,10.9464,14.3899,1.1236,0.2175,0.4712,0.3625,0.0,4.6033,1.0149,0.0,1.2686,30.9545,0.6162,0.0,0.3987,2.501,0.435,0.435,0.0,0.6887,0.0,0.1087,0.0,0.1087,0.0,RW/ST,Winger
0,0,0.05,0.04,1,0,0,0,180,198,2,7,12,0,0,11,0,0,1,270,3,0,4,15,27,0,1,6,0,0,0,0,0,441,9,1120947,Jozhua Vertrouwd,jozhua-vertrouwd,Rayo Vallecano,2818,La Liga,Defender,2025/26,0.0,0.0,0.0102,0.0082,0.2041,0.0,0.0,0.0,36.7347,40.4082,0.4082,1.4286,2.449,0.0,0.0,2.2449,0.0,0.0,0.2041,55.102,0.6122,0.0,0.8163,3.0612,5.5102,0.0,0.2041,1.2245,0.0,0.0,0.0,0.0,0.0,DC/DL,Centre-Back
0,0,0.38,0.02,3,1,0,0,231,254,1,8,18,0,0,5,0,0,0,323,8,0,8,12,24,1,0,9,0,1,0,0,0,491,10,850035,Luiz Felipe,luiz-felipe,Rayo Vallecano,2818,La Liga,Defender,2025/26,0.0,0.0,0.0697,0.0037,0.5499,0.1833,0.0,0.0,42.3422,46.558,0.1833,1.4664,3.2994,0.0,0.0,0.9165,0.0,0.0,0.0,59.2057,1.4664,0.0,1.4664,2.1996,4.3992,0.1833,0.0,1.6497,0.0,0.1833,0.0,0.0,0.0,DC,Centre-Back
2,0,1.58,0.22,11,3,1,2,826,963,3,50,130,0,0,40,3,0,3,1290,13,0,21,68,155,1,0,31,0,7,2,0,1,1811,24,1458073,Nobel Mendy,nobel-mendy,Rayo Vallecano,2818,La Liga,Defender,2025/26,0.0994,0.0,0.0785,0.0109,0.5467,0.1491,0.0497,0.0994,41.0491,47.8575,0.1491,2.4848,6.4605,0.0,0.0,1.9879,0.1491,0.0,0.1491,64.1082,0.6461,0.0,1.0436,3.3793,7.7029,0.0497,0.0,1.5406,0.0,0.3479,0.0994,0.0,0.0497,DC,Centre-Back
2,0,1.64,2.36,20,9,7,3,419,588,19,27,71,10,0,134,17,0,13,1055,34,0,15,89,32,5,0,18,0,3,0,1,1,1493,30,542634,Pacha,pacha,Rayo Vallecano,2818,La Liga,Defender,2025/26,0.1206,0.0,0.0989,0.1423,1.2056,0.5425,0.422,0.1808,25.2579,35.4454,1.1453,1.6276,4.28,0.6028,0.0,8.0777,1.0248,0.0,0.7837,63.5968,2.0496,0.0,0.9042,5.365,1.929,0.3014,0.0,1.0851,0.0,0.1808,0.0,0.0603,0.0603,DL,Full-Back
2,1,3.31,0.36,20,8,1,6,1063,1192,12,91,140,1,0,169,9,0,11,1506,35,0,36,115,78,2,0,34,0,9,2,0,0,2003,29,913679,Pathé Ismaël Ciss,ismaila-ciss,Rayo Vallecano,2818,La Liga,Midfielder,2025/26,0.0899,0.0449,0.1487,0.0162,0.8987,0.3595,0.0449,0.2696,47.7634,53.5597,0.5392,4.0889,6.2906,0.0449,0.0,7.5936,0.4044,0.0,0.4943,67.6685,1.5726,0.0,1.6176,5.1672,3.5047,0.0899,0.0,1.5277,0.0,0.4044,0.0899,0.0,0.0,MC/DM/DC,Central Mid
0,1,1.73,1.59,44,6,3,1,652,768,23,22,39,6,0,210,15,0,21,1090,25,0,8,102,15,15,0,13,0,3,0,0,0,1881,34,900669,Pedro Díaz,pedro-diaz,Rayo Vallecano,2818,La Liga,Midfielder,2025/26,0.0,0.0478,0.0828,0.0761,2.1053,0.2871,0.1435,0.0478,31.1962,36.7464,1.1005,1.0526,1.866,0.2871,0.0,10.0478,0.7177,0.0,1.0048,52.1531,1.1962,0.0,0.3828,4.8804,0.7177,0.7177,0.0,0.622,0.0,0.1435,0.0,0.0,0.0,MC/DM,Central Mid
1,2,0.61,3.32,18,3,5,1,1081,1278,27,59,144,16,0,255,17,0,16,2086,31,0,31,142,86,7,1,22,0,4,1,0,2,2681,33,1010421,Pep Chavarría,josep-chavarria,Rayo Vallecano,2818,La Liga,Defender,2025/26,0.0336,0.0671,0.0205,0.1115,0.6043,0.1007,0.1678,0.0336,36.2887,42.9019,0.9064,1.9806,4.834,0.5371,0.0,8.5602,0.5707,0.0,0.5371,70.0261,1.0407,0.0,1.0407,4.7669,2.887,0.235,0.0336,0.7385,0.0,0.1343,0.0336,0.0,0.0671,DL,Full-Back
3,0,2.47,0.1,13,6,0,5,72,91,4,1,4,0,0,26,4,0,7,186,4,0,0,12,12,3,0,20,0,3,0,0,0,381,13,932764,Randy Nteka,randy-nteka,Rayo Vallecano,2818,La Liga,Forward,2025/26,0.7087,0.0,0.5835,0.0236,3.0709,1.4173,0.0,1.1811,17.0079,21.4961,0.9449,0.2362,0.9449,0.0,0.0,6.1417,0.9449,0.0,1.6535,43.937,0.9449,0.0,0.0,2.8346,2.8346,0.7087,0.0,4.7244,0.0,0.7087,0.0,0.0,0.0,ST,Striker
5,1,3.06,0.86,27,14,2,5,178,218,17,5,8,1,0,68,17,0,22,389,9,0,3,49,0,5,0,4,0,3,1,0,0,830,22,910024,Sergio Camello,sergio-camello,Rayo Vallecano,2818,La Liga,Forward,2025/26,0.5422,0.1084,0.3318,0.0933,2.9277,1.5181,0.2169,0.5422,19.3012,23.6386,1.8434,0.5422,0.8675,0.1084,0.0,7.3735,1.8434,0.0,2.3855,42.1807,0.9759,0.0,0.3253,5.3133,0.0,0.5422,0.0,0.4337,0.0,0.3253,0.1084,0.0,0.0,ST,Striker
0,4,0.89,1.5,22,4,4,1,922,1064,36,75,138,14,0,215,13,0,13,1351,15,0,22,95,23,12,0,11,0,5,1,0,0,1623,28,588566,Unai López,unai-lopez,Rayo Vallecano,2818,La Liga,Midfielder,2025/26,0.0,0.2218,0.0494,0.0832,1.22,0.2218,0.2218,0.0555,51.1275,59.0018,1.9963,4.159,7.6525,0.7763,0.0,11.9224,0.7209,0.0,0.7209,74.9168,0.8318,0.0,1.22,5.268,1.2754,0.6654,0.0,0.61,0.0,0.2773,0.0555,0.0,0.0,MC/DM,Central Mid
4,5,6.5,5.24,47,19,15,8,356,521,42,24,60,15,0,155,4,0,9,886,15,0,13,78,27,12,0,13,0,3,0,1,0,2105,32,345111,Álvaro García,alvaro-garcia,Rayo Vallecano,2818,La Liga,Midfielder,2025/26,0.171,0.2138,0.2779,0.224,2.0095,0.8124,0.6413,0.342,15.2209,22.2755,1.7957,1.0261,2.5653,0.6413,0.0,6.6271,0.171,0.0,0.3848,37.8812,0.6413,0.0,0.5558,3.3349,1.1544,0.5131,0.0,0.5558,0.0,0.1283,0.0,0.0428,0.0,LW/ML,Winger
1,0,1.01,1.32,13,4,1,0,788,889,10,24,48,0,0,169,5,0,13,1254,43,0,28,103,62,3,0,27,0,3,1,0,1,2113,33,900008,Óscar Valentín,oscar-valentin,Rayo Vallecano,2818,La Liga,Midfielder,2025/26,0.0426,0.0,0.043,0.0562,0.5537,0.1704,0.0426,0.0,33.5637,37.8656,0.4259,1.0222,2.0445,0.0,0.0,7.1983,0.213,0.0,0.5537,53.4122,1.8315,0.0,1.1926,4.3871,2.6408,0.1278,0.0,1.15,0.0,0.1278,0.0426,0.0,0.0426,MC/DM,Central Mid
10,8,9.2,3.46,73,26,11,8,633,798,32,14,23,9,0,264,39,0,44,1411,32,0,16,120,14,20,0,31,0,3,0,1,0,2255,29,1011375,Abdessamad Ezzalzouli,abdessamad-ezzalzouli,Real Betis,2816,La Liga,Midfielder,2025/26,0.3991,0.3193,0.3672,0.1381,2.9135,1.0377,0.439,0.3193,25.2639,31.8492,1.2772,0.5588,0.918,0.3592,0.0,10.5366,1.5565,0.0,1.7561,56.3149,1.2772,0.0,0.6386,4.7894,0.5588,0.7982,0.0,1.2373,0.0,0.1197,0.0,0.0399,0.0,LW,Winger
4,2,3.85,1.62,31,12,3,3,577,698,19,33,81,10,0,168,15,0,19,1147,32,0,21,98,45,9,0,7,0,4,1,1,3,1814,27,893062,Aitor Ruibal,aitor-ruibal,Real Betis,2816,La Liga,Defender,2025/26,0.1985,0.0992,0.191,0.0804,1.538,0.5954,0.1488,0.1488,28.6273,34.6307,0.9427,1.6373,4.0187,0.4961,0.0,8.3352,0.7442,0.0,0.9427,56.9074,1.5877,0.0,1.0419,4.8622,2.2326,0.4465,0.0,0.3473,0.0,0.1985,0.0496,0.0496,0.1488,DR,Full-Back
0,0,0.04,0.81,1,0,1,0,208,250,6,9,26,5,0,41,7,0,5,427,18,0,3,29,16,1,0,1,0,1,0,0,0,582,13,1152139,Angel Ortiz,angel-ortiz,Real Betis,2816,La Liga,Defender,2025/26,0.0,0.0,0.0062,0.1253,0.1546,0.0,0.1546,0.0,32.1649,38.6598,0.9278,1.3918,4.0206,0.7732,0.0,6.3402,1.0825,0.0,0.7732,66.0309,2.7835,0.0,0.4639,4.4845,2.4742,0.1546,0.0,0.1546,0.0,0.1546,0.0,0.0,0.0,DR,Full-Back
8,6,8.79,6.08,90,34,10,13,980,1196,56,20,37,17,0,438,27,0,23,1697,23,0,24,123,17,23,0,7,0,6,1,0,0,2459,32,958380,Antony,antony,Real Betis,2816,La Liga,Midfielder,2025/26,0.2928,0.2196,0.3217,0.2225,3.294,1.2444,0.366,0.4758,35.8682,43.7739,2.0496,0.732,1.3542,0.6222,0.0,16.0309,0.9882,0.0,0.8418,62.1106,0.8418,0.0,0.8784,4.5018,0.6222,0.8418,0.0,0.2562,0.0,0.2196,0.0366,0.0,0.0,RW,Winger
1,0,1.61,0.62,8,2,0,2,76,107,9,5,12,6,0,33,0,0,5,183,3,0,5,13,7,4,0,9,0,4,0,0,0,394,16,789381,Chimy Ávila,chimy-avila,Real Betis,2816,La Liga,Forward,2025/26,0.2284,0.0,0.3678,0.1416,1.8274,0.4569,0.0,0.4569,17.3604,24.4416,2.0558,1.1421,2.7411,1.3706,0.0,7.5381,0.0,0.0,1.1421,41.802,0.6853,0.0,1.1421,2.9695,1.599,0.9137,0.0,2.0558,0.0,0.9137,0.0,0.0,0.0,ST/RW,Striker
11,3,11.08,2.38,89,27,8,10,471,656,34,31,44,3,0,216,28,0,56,1168,17,0,9,81,25,22,1,38,0,5,0,0,0,2592,32,887055,Cucho Hernández,cucho-hernandez,Real Betis,2816,La Liga,Forward,2025/26,0.3819,0.1042,0.3847,0.0826,3.0903,0.9375,0.2778,0.3472,16.3542,22.7778,1.1806,1.0764,1.5278,0.1042,0.0,7.5,0.9722,0.0,1.9444,40.5556,0.5903,0.0,0.3125,2.8125,0.8681,0.7639,0.0347,1.3194,0.0,0.1736,0.0,0.0,0.0,ST,Striker
3,1,3.38,0.47,21,9,2,5,69,90,4,3,4,0,0,24,1,0,7,177,2,0,2,8,9,2,0,9,0,1,0,0,0,593,18,115665,Cédric Bakambu,cedric-bakambu,Real Betis,2816,La Liga,Forward,2025/26,0.4553,0.1518,0.513,0.0713,3.1872,1.3659,0.3035,0.7589,10.4722,13.6594,0.6071,0.4553,0.6071,0.0,0.0,3.6425,0.1518,0.0,1.0624,26.8634,0.3035,0.0,0.3035,1.2142,1.3659,0.3035,0.0,1.3659,0.0,0.1518,0.0,0.0,0.0,ST,Striker
1,0,0.94,0.12,4,3,0,1,660,730,1,30,63,0,0,27,1,0,2,958,13,0,28,50,96,0,0,34,0,5,0,0,0,1226,18,305278,Diego Llorente,diego-llorente,Real Betis,2816,La Liga,Defender,2025/26,0.0734,0.0,0.069,0.0088,0.2936,0.2202,0.0,0.0734,48.4502,53.5889,0.0734,2.2023,4.6248,0.0,0.0,1.9821,0.0734,0.0,0.1468,70.3263,0.9543,0.0,2.0555,3.6705,7.0473,0.0,0.0,2.4959,0.0,0.367,0.0,0.0,0.0,DC,Centre-Back
2,3,2.47,2.39,30,11,6,2,761,865,33,35,48,17,0,290,16,0,20,1155,13,0,6,74,7,10,0,10,0,4,0,0,1,1396,24,798835,Giovani Lo Celso,lo-celso-giovani,Real Betis,2816,La Liga,Midfielder,2025/26,0.1289,0.1934,0.1592,0.1541,1.9341,0.7092,0.3868,0.1289,49.0616,55.7665,2.1275,2.2564,3.0946,1.096,0.0,18.6963,1.0315,0.0,1.2894,74.4628,0.8381,0.0,0.3868,4.7708,0.4513,0.6447,0.0,0.6447,0.0,0.2579,0.0,0.0,0.0645,AM/MC,Attacking Mid
2,3,0.42,2.94,7,5,5,0,907,1028,24,22,51,6,0,206,7,0,8,1446,16,0,14,59,70,2,1,17,0,2,0,0,0,1840,27,188365,Héctor Bellerín,hector-bellerin,Real Betis,2816,La Liga,Defender,2025/26,0.0978,0.1467,0.0205,0.1438,0.3424,0.2446,0.2446,0.0,44.3641,50.2826,1.1739,1.0761,2.4946,0.2935,0.0,10.0761,0.3424,0.0,0.3913,70.7283,0.7826,0.0,0.6848,2.8859,3.4239,0.0978,0.0489,0.8315,0.0,0.0978,0.0,0.0,0.0,DR,Full-Back
0,1,0.46,0.72,5,0,2,0,324,383,8,2,13,5,0,82,4,0,5,614,13,0,10,27,35,2,1,14,0,2,0,0,0,832,12,914835,Junior Firpo,junior-firpo,Real Betis,2816,La Liga,Defender,2025/26,0.0,0.1082,0.0498,0.0779,0.5409,0.0,0.2163,0.0,35.0481,41.4303,0.8654,0.2163,1.4062,0.5409,0.0,8.8702,0.4327,0.0,0.5409,66.4183,1.4062,0.0,1.0817,2.9207,3.7861,0.2163,0.1082,1.5144,0.0,0.2163,0.0,0.0,0.0,DL,Full-Back
1,0,0.78,0.43,16,5,0,0,1008,1165,5,76,171,1,0,103,6,0,3,1546,20,0,27,78,159,2,0,43,0,3,0,0,1,1984,25,99519,Marc Bartra,marc-bartra,Real Betis,2816,La Liga,Defender,2025/26,0.0454,0.0,0.0354,0.0195,0.7258,0.2268,0.0,0.0,45.7258,52.8478,0.2268,3.4476,7.7571,0.0454,0.0,4.6724,0.2722,0.0,0.1361,70.131,0.9073,0.0,1.2248,3.5383,7.2127,0.0907,0.0,1.9506,0.0,0.1361,0.0,0.0,0.0454,DC,Centre-Back
1,1,1.36,1.25,17,7,3,2,946,1074,19,49,89,3,0,203,11,0,17,1367,28,0,23,103,39,4,0,9,0,1,0,0,0,2025,29,847128,Marc Roca,marc-roca,Real Betis,2816,La Liga,Midfielder,2025/26,0.0444,0.0444,0.0604,0.0556,0.7556,0.3111,0.1333,0.0889,42.0444,47.7333,0.8444,2.1778,3.9556,0.1333,0.0,9.0222,0.4889,0.0,0.7556,60.7556,1.2444,0.0,1.0222,4.5778,1.7333,0.1778,0.0,0.4,0.0,0.0444,0.0,0.0,0.0,MC/DM,Central Mid
0,0,0.5,0.23,10,1,0,0,1264,1432,7,51,150,0,0,67,3,0,7,1848,18,0,36,100,217,3,1,69,0,8,0,0,0,2810,33,1015287,Natan,natan,Real Betis,2816,La Liga,Defender,2025/26,0.0,0.0,0.016,0.0074,0.3203,0.032,0.0,0.0,40.484,45.8648,0.2242,1.6335,4.8043,0.0,0.0,2.1459,0.0961,0.0,0.2242,59.1886,0.5765,0.0,1.153,3.2028,6.9502,0.0961,0.032,2.21,0.0,0.2562,0.0,0.0,0.0,DC,Centre-Back
0,0,0.46,0.32,18,0,1,0,267,320,8,9,15,0,0,102,29,0,18,516,7,0,5,41,11,6,0,27,0,3,0,0,0,736,20,1129401,Nelson Deossa,nelson-deossa,Real Betis,2816,La Liga,Midfielder,2025/26,0.0,0.0,0.0562,0.0391,2.2011,0.0,0.1223,0.0,32.6495,39.1304,0.9783,1.1005,1.8342,0.0,0.0,12.4728,3.5462,0.0,2.2011,63.0978,0.856,0.0,0.6114,5.0136,1.3451,0.7337,0.0,3.3016,0.0,0.3668,0.0,0.0,0.0,MC/DM/AM,Central Mid
9,6,3.92,5.9,44,19,10,2,1559,1798,87,92,138,35,0,530,25,0,31,2350,26,0,34,159,20,15,0,15,0,2,0,0,0,2865,37,816763,Pablo Fornals,pablo-fornals,Real Betis,2816,La Liga,Midfielder,2025/26,0.2827,0.1885,0.1231,0.1853,1.3822,0.5969,0.3141,0.0628,48.9738,56.4817,2.733,2.8901,4.3351,1.0995,0.0,16.6492,0.7853,0.0,0.9738,73.822,0.8168,0.0,1.0681,4.9948,0.6283,0.4712,0.0,0.4712,0.0,0.0628,0.0,0.0,0.0,MC/DM/AM,Central Mid
0,0,1.37,0.13,13,4,0,1,78,96,2,5,6,0,0,33,5,0,10,207,5,0,4,23,1,2,0,0,0,1,0,0,0,388,15,1893910,Pablo García,pablo-garcia,Real Betis,2816,La Liga,Midfielder,2025/26,0.0,0.0,0.3178,0.0302,3.0155,0.9278,0.0,0.232,18.0928,22.268,0.4639,1.1598,1.3918,0.0,0.0,7.6546,1.1598,0.0,2.3196,48.0155,1.1598,0.0,0.9278,5.3351,0.232,0.4639,0.0,0.0,0.0,0.232,0.0,0.0,0.0,RW,Winger
0,1,0.12,0.43,3,0,1,0,537,634,7,21,64,7,0,102,1,0,5,910,14,0,8,44,67,1,0,16,0,0,0,0,0,1560,23,67769,Ricardo Rodríguez,ricardo-rodriguez,Real Betis,2816,La Liga,Defender,2025/26,0.0,0.0577,0.0069,0.0248,0.1731,0.0,0.0577,0.0,30.9808,36.5769,0.4038,1.2115,3.6923,0.4038,0.0,5.8846,0.0577,0.0,0.2885,52.5,0.8077,0.0,0.4615,2.5385,3.8654,0.0577,0.0,0.9231,0.0,0.0,0.0,0.0,0.0,DL,Full-Back
1,1,2.16,1.21,24,7,1,4,257,309,14,7,17,5,0,111,11,0,17,505,10,0,5,51,7,8,0,4,0,2,0,0,0,838,25,989113,Rodrigo Riquelme,rodrigo-riquelme,Real Betis,2816,La Liga,Midfielder,2025/26,0.1074,0.1074,0.232,0.13,2.5776,0.7518,0.1074,0.4296,27.6014,33.1862,1.5036,0.7518,1.8258,0.537,0.0,11.9212,1.1814,0.0,1.8258,54.2363,1.074,0.0,0.537,5.4773,0.7518,0.8592,0.0,0.4296,0.0,0.2148,0.0,0.0,0.0,LW,Winger
1,2,0.34,0.76,7,3,0,0,700,768,11,34,44,2,0,124,4,0,9,978,31,0,21,79,20,2,0,17,0,3,0,0,0,1198,24,1137814,Sergi Altimira,sergi-altimira,Real Betis,2816,La Liga,Midfielder,2025/26,0.0751,0.1503,0.0255,0.0571,0.5259,0.2254,0.0,0.0,52.5876,57.6962,0.8264,2.5543,3.3055,0.1503,0.0,9.3155,0.3005,0.0,0.6761,73.4725,2.3289,0.0,1.5776,5.9349,1.5025,0.1503,0.0,1.2771,0.0,0.2254,0.0,0.0,0.0,MC/DM,Central Mid
0,0,0.28,0.49,8,1,0,0,818,898,7,53,78,0,0,142,6,0,4,1064,14,0,11,98,15,3,0,4,0,4,0,0,0,1296,17,359272,Sofyan Amrabat,sofyan-amrabat,Real Betis,2816,La Liga,Midfielder,2025/26,0.0,0.0,0.0194,0.034,0.5556,0.0694,0.0,0.0,56.8056,62.3611,0.4861,3.6806,5.4167,0.0,0.0,9.8611,0.4167,0.0,0.2778,73.8889,0.9722,0.0,0.7639,6.8056,1.0417,0.2083,0.0,0.2778,0.0,0.2778,0.0,0.0,0.0,MC/DM,Central Mid
1,0,0.8,0.66,11,5,3,1,823,958,10,43,97,3,0,94,13,0,7,1352,25,0,24,74,113,0,1,43,0,5,0,0,2,1881,28,1186010,Valentín Gómez,diego-gomez,Real Betis,2816,La Liga,Defender,2025/26,0.0478,0.0,0.0383,0.0316,0.5263,0.2392,0.1435,0.0478,39.378,45.8373,0.4785,2.0574,4.6411,0.1435,0.0,4.4976,0.622,0.0,0.3349,64.689,1.1962,0.0,1.1483,3.5407,5.4067,0.0,0.0478,2.0574,0.0,0.2392,0.0,0.0,0.0957,DC,Centre-Back
1,0,0.51,0.18,4,2,0,0,291,313,4,8,12,1,0,84,3,0,5,389,5,0,3,20,9,0,0,1,0,0,0,0,0,547,9,838629,Álvaro Fidalgo,alvaro-fidalgo,Real Betis,2816,La Liga,Midfielder,2025/26,0.1645,0.0,0.0839,0.0296,0.6581,0.3291,0.0,0.0,47.8793,51.4991,0.6581,1.3163,1.9744,0.1645,0.0,13.8208,0.4936,0.0,0.8227,64.0037,0.8227,0.0,0.4936,3.2907,1.4808,0.0,0.0,0.1645,0.0,0.0,0.0,0.0,0.0,MC/AM/DM,Central Mid
1,0,0.92,0.61,13,1,1,1,1091,1172,3,48,90,0,0,95,0,0,1,1300,7,0,4,57,52,3,0,30,0,0,0,0,0,1492,18,142622,Antonio Rüdiger,antonio-rudiger,Real Madrid,2829,La Liga,Defender,2025/26,0.0603,0.0,0.0555,0.0368,0.7842,0.0603,0.0603,0.0603,65.811,70.6971,0.181,2.8954,5.429,0.0,0.0,5.7306,0.0,0.0,0.0603,78.4182,0.4223,0.0,0.2413,3.4383,3.1367,0.181,0.0,1.8097,0.0,0.0,0.0,0.0,0.0,DC,Centre-Back
4,9,4.57,7.18,49,19,14,3,1220,1345,70,73,100,39,0,518,27,0,16,1792,29,0,9,101,9,14,1,4,0,1,0,0,1,2026,33,1091116,Arda Güler,arda-guler,Real Madrid,2829,La Liga,Midfielder,2025/26,0.1777,0.3998,0.203,0.319,2.1767,0.844,0.6219,0.1333,54.1955,59.7483,3.1096,3.2428,4.4423,1.7325,0.0,23.0109,1.1994,0.0,0.7108,79.6051,1.2883,0.0,0.3998,4.4867,0.3998,0.6219,0.0444,0.1777,0.0,0.0444,0.0,0.0,0.0444,AM/MC/RW,Attacking Mid
1,0,2.66,2.95,45,7,4,4,1751,1913,25,66,107,1,0,428,3,0,5,2292,41,0,47,144,55,15,0,72,0,8,0,0,0,2622,33,859025,Aurélien Tchouaméni,aurelien-tchouameni,Real Madrid,2829,La Liga,Midfielder,2025/26,0.0343,0.0,0.0913,0.1013,1.5446,0.2403,0.1373,0.1373,60.103,65.6636,0.8581,2.2654,3.6728,0.0343,0.0,14.6911,0.103,0.0,0.1716,78.6728,1.4073,0.0,1.6133,4.9428,1.8879,0.5149,0.0,2.4714,0.0,0.2746,0.0,0.0,0.0,MC/DM/DC,Central Mid
1,6,1.84,2.46,15,7,7,1,481,531,30,9,10,8,0,208,25,0,32,790,11,0,2,59,4,3,0,2,0,2,0,2,0,1284,30,835485,Brahim Díaz,brahim-diaz,Real Madrid,2829,La Liga,Midfielder,2025/26,0.0701,0.4206,0.129,0.1724,1.0514,0.4907,0.4907,0.0701,33.715,37.2196,2.1028,0.6308,0.7009,0.5607,0.0,14.5794,1.7523,0.0,2.243,55.3738,0.771,0.0,0.1402,4.1355,0.2804,0.2103,0.0,0.1402,0.0,0.1402,0.0,0.1402,0.0,RW,Winger
0,1,0.36,2.01,5,1,5,1,487,529,11,24,29,3,0,123,2,0,3,713,11,0,6,37,21,1,0,5,0,0,0,0,1,976,17,138572,Dani Carvajal,dani-carvajal,Real Madrid,2829,La Liga,Defender,2025/26,0.0,0.0922,0.0332,0.1853,0.4611,0.0922,0.4611,0.0922,44.9078,48.7807,1.0143,2.2131,2.6742,0.2766,0.0,11.3422,0.1844,0.0,0.2766,65.748,1.0143,0.0,0.5533,3.4119,1.9365,0.0922,0.0,0.4611,0.0,0.0,0.0,0.0,0.0922,DR,Full-Back
0,0,0.04,0.7,3,0,0,0,418,450,9,15,17,0,0,138,3,0,2,543,11,0,7,37,5,0,1,1,0,1,0,0,0,498,16,547838,Dani Ceballos,dani-ceballos,Real Madrid,2829,La Liga,Midfielder,2025/26,0.0,0.0,0.0072,0.1265,0.5422,0.0,0.0,0.0,75.5422,81.3253,1.6265,2.7108,3.0723,0.0,0.0,24.9398,0.5422,0.0,0.3614,98.1325,1.988,0.0,1.2651,6.6867,0.9036,0.0,0.1807,0.1807,0.0,0.1807,0.0,0.0,0.0,MC/DM,Central Mid
0,0,0.25,0.08,4,1,0,0,362,388,0,10,24,0,0,30,0,0,0,434,4,0,0,15,18,1,0,7,0,1,0,0,0,428,11,66492,David Alaba,david-alaba,Real Madrid,2829,La Liga,Defender,2025/26,0.0,0.0,0.0526,0.0168,0.8411,0.2103,0.0,0.0,76.1215,81.5888,0.0,2.1028,5.0467,0.0,0.0,6.3084,0.0,0.0,0.0,91.2617,0.8411,0.0,0.0,3.1542,3.785,0.2103,0.0,1.472,0.0,0.2103,0.0,0.0,0.0,DC,Centre-Back
2,2,2.26,1.18,20,5,1,2,1492,1661,10,114,176,0,0,253,2,0,2,1954,17,0,19,74,129,4,0,50,0,7,1,0,1,2037,28,1176744,Dean Huijsen,dean-huijsen,Real Madrid,2829,La Liga,Defender,2025/26,0.0884,0.0884,0.0999,0.0521,0.8837,0.2209,0.0442,0.0884,65.9205,73.3873,0.4418,5.0368,7.7761,0.0,0.0,11.1782,0.0884,0.0,0.0884,86.3328,0.7511,0.0,0.8395,3.2695,5.6996,0.1767,0.0,2.2091,0.0,0.3093,0.0442,0.0,0.0442,DC,Centre-Back
1,0,1.18,2.07,13,2,2,0,997,1086,15,57,79,0,0,291,13,0,9,1376,38,0,14,84,24,3,1,10,0,2,0,0,0,1532,29,973887,Eduardo Camavinga,eduardo-camavinga,Real Madrid,2829,La Liga,Midfielder,2025/26,0.0587,0.0,0.0693,0.1216,0.7637,0.1175,0.1175,0.0,58.5705,63.799,0.8812,3.3486,4.641,0.0,0.0,17.0953,0.7637,0.0,0.5287,80.8355,2.2324,0.0,0.8225,4.9347,1.4099,0.1762,0.0587,0.5875,0.0,0.1175,0.0,0.0,0.0,MC/DM,Central Mid
5,8,2.89,4.74,51,22,8,1,1716,1904,43,68,113,7,0,577,23,0,8,2322,25,0,24,142,51,10,1,22,0,3,1,0,0,2746,33,831808,Federico Valverde,federico-valverde,Real Madrid,2829,La Liga,Midfielder,2025/26,0.1639,0.2622,0.0947,0.1554,1.6715,0.721,0.2622,0.0328,56.2418,62.4035,1.4093,2.2287,3.7036,0.2294,0.0,18.9111,0.7538,0.0,0.2622,76.1034,0.8194,0.0,0.7866,4.654,1.6715,0.3277,0.0328,0.721,0.0,0.0983,0.0328,0.0,0.0,MC/DM/DR,Central Mid
1,1,0.83,0.63,6,2,0,1,395,444,5,14,25,6,0,117,3,0,8,674,12,0,7,34,22,1,0,7,0,0,1,0,0,933,13,851271,Fran García,fran-garcia,Real Madrid,2829,La Liga,Defender,2025/26,0.0965,0.0965,0.0801,0.0608,0.5788,0.1929,0.0,0.0965,38.1029,42.8296,0.4823,1.3505,2.4116,0.5788,0.0,11.2862,0.2894,0.0,0.7717,65.0161,1.1576,0.0,0.6752,3.2797,2.1222,0.0965,0.0,0.6752,0.0,0.0,0.0965,0.0,0.0,DL,Full-Back
1,0,3.09,2.33,30,7,5,3,443,492,16,11,17,9,0,172,25,0,27,783,12,0,3,39,3,6,0,5,0,5,1,0,0,1049,23,1403559,Franco Mastantuono,franco-mastantuono,Real Madrid,2829,La Liga,Forward,2025/26,0.0858,0.0,0.2651,0.1999,2.5739,0.6006,0.429,0.2574,38.0076,42.2116,1.3727,0.9438,1.4585,0.7722,0.0,14.7569,2.1449,0.0,2.3165,67.1783,1.0296,0.0,0.2574,3.346,0.2574,0.5148,0.0,0.429,0.0,0.429,0.0858,0.0,0.0,RW,Winger
6,1,5.37,1.13,21,11,2,6,205,241,13,2,2,0,0,62,3,0,9,377,6,0,3,23,9,2,0,21,0,2,0,0,0,988,30,1402716,Gonzalo García,gonzalo-garcia,Real Madrid,2829,La Liga,Forward,2025/26,0.5466,0.0911,0.4892,0.1029,1.913,1.002,0.1822,0.5466,18.6741,21.9534,1.1842,0.1822,0.1822,0.0,0.0,5.6478,0.2733,0.0,0.8198,34.3421,0.5466,0.0,0.2733,2.0951,0.8198,0.1822,0.0,1.913,0.0,0.1822,0.0,0.0,0.0,ST,Striker
6,4,7.26,2.19,51,26,4,8,1050,1177,36,69,87,4,0,365,37,0,33,1625,34,0,14,105,18,19,0,35,0,3,0,0,0,1917,28,991011,Jude Bellingham,jude-bellingham,Real Madrid,2829,La Liga,Midfielder,2025/26,0.2817,0.1878,0.3408,0.1028,2.3944,1.2207,0.1878,0.3756,49.2958,55.2582,1.6901,3.2394,4.0845,0.1878,0.0,17.1362,1.7371,0.0,1.5493,76.2911,1.5962,0.0,0.6573,4.9296,0.8451,0.892,0.0,1.6432,0.0,0.1408,0.0,0.0,0.0,AM/MC,Attacking Mid
25,5,23.95,6.2,146,63,8,21,863,998,65,34,42,6,0,504,78,0,41,1541,1,0,2,44,0,36,0,7,0,4,0,4,0,2604,31,826643,Kylian Mbappé,kylian-mbappe,Real Madrid,2829,La Liga,Forward,2025/26,0.8641,0.1728,0.8278,0.2143,5.0461,2.1774,0.2765,0.7258,29.8272,34.4931,2.2465,1.1751,1.4516,0.2074,0.0,17.4194,2.6959,0.0,1.4171,53.2604,0.0346,0.0,0.0691,1.5207,0.0,1.2442,0.0,0.2419,0.0,0.1382,0.0,0.1382,0.0,ST,Striker
2,0,1.24,0.73,14,4,1,2,1114,1185,5,33,63,0,0,114,1,0,3,1389,13,0,10,52,57,2,0,21,0,4,0,0,0,1706,23,1156645,Raúl Asencio,raul-asencio,Real Madrid,2829,La Liga,Defender,2025/26,0.1055,0.0,0.0654,0.0385,0.7386,0.211,0.0528,0.1055,58.7691,62.5147,0.2638,1.7409,3.3236,0.0,0.0,6.0141,0.0528,0.0,0.1583,73.2767,0.6858,0.0,0.5275,2.7433,3.007,0.1055,0.0,1.1079,0.0,0.211,0.0,0.0,0.0,DC,Centre-Back
1,3,2.58,2.13,27,11,7,3,294,324,17,2,7,12,0,152,18,0,9,532,8,0,3,38,4,8,0,0,0,3,0,1,0,680,19,910536,Rodrygo,rodrygo,Real Madrid,2829,La Liga,Forward,2025/26,0.1324,0.3971,0.3415,0.2819,3.5735,1.4559,0.9265,0.3971,38.9118,42.8824,2.25,0.2647,0.9265,1.5882,0.0,20.1176,2.3824,0.0,1.1912,70.4118,1.0588,0.0,0.3971,5.0294,0.5294,1.0588,0.0,0.0,0.0,0.3971,0.0,0.1324,0.0,ST/RW,Striker
0,2,0.41,0.38,6,2,2,0,367,407,6,12,19,0,0,76,7,0,7,497,4,0,7,28,5,2,0,2,0,2,0,0,0,596,10,2237795,Thiago Pitarch,thiago-pitarch-pinar,Real Madrid,2829,La Liga,Midfielder,2025/26,0.0,0.302,0.0619,0.0574,0.906,0.302,0.302,0.0,55.4195,61.4597,0.906,1.8121,2.8691,0.0,0.0,11.4765,1.057,0.0,1.057,75.0503,0.604,0.0,1.057,4.2282,0.755,0.302,0.0,0.302,0.0,0.302,0.0,0.0,0.0,MC,Central Mid
0,4,0.32,2.92,10,2,3,0,700,821,29,77,133,33,0,213,5,0,4,1156,10,0,14,49,10,2,0,5,0,4,0,0,0,1169,21,795064,Trent Alexander-Arnold,trent-alexander-arnold,Real Madrid,2829,La Liga,Defender,2025/26,0.0,0.308,0.0246,0.2248,0.7699,0.154,0.231,0.0,53.8922,63.2079,2.2327,5.9281,10.2395,2.5406,0.0,16.3986,0.3849,0.0,0.308,88.9991,0.7699,0.0,1.0778,3.7725,0.7699,0.154,0.0,0.3849,0.0,0.308,0.0,0.0,0.0,DR,Full-Back
16,5,13.65,5.6,101,46,7,13,939,1129,70,38,59,9,0,555,87,0,44,1871,15,0,2,88,1,26,0,0,0,8,0,4,0,2825,36,868812,Vinícius Júnior,vinicius-junior,Real Madrid,2829,La Liga,Forward,2025/26,0.5097,0.1593,0.4349,0.1784,3.2177,1.4655,0.223,0.4142,29.915,35.9681,2.2301,1.2106,1.8796,0.2867,0.0,17.6814,2.7717,0.0,1.4018,59.6071,0.4779,0.0,0.0637,2.8035,0.0319,0.8283,0.0,0.0,0.0,0.2549,0.0,0.1274,0.0,LW/ST,Winger
2,3,0.46,1.49,9,3,1,1,1561,1723,30,34,71,3,0,555,19,0,21,2310,19,0,39,155,60,3,0,32,0,5,1,1,0,2340,28,1085081,Álvaro Carreras,alvaro-carreras,Real Madrid,2829,La Liga,Defender,2025/26,0.0769,0.1154,0.0177,0.0573,0.3462,0.1154,0.0385,0.0385,60.0385,66.2692,1.1538,1.3077,2.7308,0.1154,0.0,21.3462,0.7308,0.0,0.8077,88.8462,0.7308,0.0,1.5,5.9615,2.3077,0.1154,0.0,1.2308,0.0,0.1923,0.0385,0.0385,0.0,DL,Full-Back
2,1,1.78,0.71,21,9,2,1,697,767,8,43,81,0,0,87,3,0,1,949,16,0,11,56,52,3,0,26,0,2,0,0,0,1141,16,822519,Éder Militão,eder-militao,Real Madrid,2829,La Liga,Defender,2025/26,0.1578,0.0789,0.1404,0.056,1.6564,0.7099,0.1578,0.0789,54.9781,60.4996,0.631,3.3918,6.3891,0.0,0.0,6.8624,0.2366,0.0,0.0789,74.8554,1.2621,0.0,0.8677,4.4172,4.1017,0.2366,0.0,2.0508,0.0,0.1578,0.0,0.0,0.0,DC,Centre-Back
0,0,0.05,1.07,3,0,2,0,576,720,17,22,60,13,0,130,8,0,4,1239,17,0,33,82,70,3,1,21,0,2,0,0,0,1726,27,1120504,Abdel Rahim,abdel-rahim-alhassane,Real Oviedo,2851,La Liga,Defender,2025/26,0.0,0.0,0.0026,0.0558,0.1564,0.0,0.1043,0.0,30.0348,37.5435,0.8864,1.1472,3.1286,0.6779,0.0,6.7787,0.4171,0.0,0.2086,64.606,0.8864,0.0,1.7207,4.2758,3.6501,0.1564,0.0521,1.095,0.0,0.1043,0.0,0.0,0.0,DL,Full-Back
4,1,3.54,2.49,24,11,7,3,888,1040,34,60,99,17,0,240,15,0,22,1415,18,0,19,97,14,5,1,17,0,4,1,0,1,2487,37,882475,Alberto Reina,alberto-reina,Real Oviedo,2851,La Liga,Midfielder,2025/26,0.1448,0.0362,0.1281,0.0901,0.8685,0.3981,0.2533,0.1086,32.1351,37.6357,1.2304,2.1713,3.5826,0.6152,0.0,8.6852,0.5428,0.0,0.7961,51.2063,0.6514,0.0,0.6876,3.5103,0.5066,0.1809,0.0362,0.6152,0.0,0.1448,0.0362,0.0,0.0362,MC/AM,Central Mid
0,0,0.3,0.21,3,0,1,0,716,788,2,30,67,0,0,31,1,0,1,1051,14,0,10,35,145,0,0,44,0,3,0,0,1,1617,20,560756,Dani Calvo,dani-calvo,Real Oviedo,2851,La Liga,Defender,2025/26,0.0,0.0,0.0167,0.0117,0.167,0.0,0.0557,0.0,39.8516,43.859,0.1113,1.6698,3.7291,0.0,0.0,1.7254,0.0557,0.0,0.0557,58.4972,0.7792,0.0,0.5566,1.9481,8.0705,0.0,0.0,2.449,0.0,0.167,0.0,0.0,0.0557,DC,Centre-Back
1,0,0.91,0.47,10,3,1,0,838,1017,7,105,219,1,0,82,2,0,2,1313,17,0,21,60,149,2,2,62,0,6,1,0,1,1787,22,892235,David Carmo,david-carmo,Real Oviedo,2851,La Liga,Defender,2025/26,0.0504,0.0,0.0458,0.0237,0.5036,0.1511,0.0504,0.0,42.2048,51.2199,0.3525,5.2882,11.0297,0.0504,0.0,4.1298,0.1007,0.0,0.1007,66.1276,0.8562,0.0,1.0576,3.0218,7.5042,0.1007,0.1007,3.1226,0.0,0.3022,0.0504,0.0,0.0504,DC,Centre-Back
1,0,0.89,0.24,4,1,1,2,910,1024,5,94,160,0,0,60,7,0,3,1285,20,0,27,69,113,0,3,51,0,3,0,0,0,2075,25,345333,David Costas,david-costas,Real Oviedo,2851,La Liga,Defender,2025/26,0.0434,0.0,0.0386,0.0104,0.1735,0.0434,0.0434,0.0867,39.4699,44.4145,0.2169,4.0771,6.9398,0.0,0.0,2.6024,0.3036,0.0,0.1301,55.7349,0.8675,0.0,1.1711,2.9928,4.9012,0.0,0.1301,2.212,0.0,0.1301,0.0,0.0,0.0,DC,Centre-Back
1,0,0.3,0.21,5,1,0,0,480,563,3,26,74,0,0,29,6,0,4,757,7,0,16,54,84,1,0,41,0,3,0,0,0,1236,15,606346,Eric Bailly,eric-bailly,Real Oviedo,2851,La Liga,Defender,2025/26,0.0728,0.0,0.0218,0.0153,0.3641,0.0728,0.0,0.0,34.9515,40.9951,0.2184,1.8932,5.3883,0.0,0.0,2.1117,0.4369,0.0,0.2913,55.1214,0.5097,0.0,1.165,3.932,6.1165,0.0728,0.0,2.9854,0.0,0.2184,0.0,0.0,0.0,DC,Centre-Back
9,1,8.69,1.93,57,21,5,10,372,517,27,11,16,1,0,133,49,0,55,1058,33,0,14,89,28,9,0,93,0,5,3,1,0,2451,33,976104,Federico Viñas,federico-vinas,Real Oviedo,2851,La Liga,Forward,2025/26,0.3305,0.0367,0.3191,0.0709,2.093,0.7711,0.1836,0.3672,13.6597,18.9841,0.9914,0.4039,0.5875,0.0367,0.0,4.8837,1.7993,0.0,2.0196,38.8494,1.2118,0.0,0.5141,3.2681,1.0282,0.3305,0.0,3.4149,0.0,0.1836,0.1102,0.0367,0.0,ST,Striker
0,3,1.59,3.22,34,8,2,2,400,497,20,45,62,27,0,122,61,0,16,1009,26,0,6,72,11,10,1,2,0,1,0,0,0,1943,37,942836,Haissem Hassan,haissem-hassan,Real Oviedo,2851,La Liga,Midfielder,2025/26,0.0,0.139,0.0736,0.1492,1.5749,0.3706,0.0926,0.0926,18.528,23.0211,0.9264,2.0844,2.8718,1.2506,0.0,5.6511,2.8255,0.0,0.7411,46.737,1.2043,0.0,0.2779,3.335,0.5095,0.4632,0.0463,0.0926,0.0,0.0463,0.0,0.0,0.0,RW/MR,Winger
6,2,6.82,1.52,80,35,3,7,552,663,18,11,19,12,0,187,34,0,36,1280,35,0,5,114,11,19,1,21,0,2,1,1,0,2458,36,1008037,Ilyas Chaira,ilyas-chaira,Real Oviedo,2851,La Liga,Midfielder,2025/26,0.2197,0.0732,0.2497,0.0557,2.9292,1.2815,0.1098,0.2563,20.2116,24.2758,0.6591,0.4028,0.6957,0.4394,0.0,6.847,1.2449,0.0,1.3181,46.8674,1.2815,0.0,0.1831,4.1741,0.4028,0.6957,0.0366,0.7689,0.0,0.0732,0.0366,0.0366,0.0,LW/RW,Winger
0,1,0.48,1.45,7,1,2,1,591,742,18,29,84,17,0,115,18,0,10,1309,23,0,20,104,55,4,0,14,0,3,1,0,0,1726,25,945404,Javi López,lopez-javi,Real Oviedo,2851,La Liga,Defender,2025/26,0.0,0.0521,0.025,0.0756,0.365,0.0521,0.1043,0.0521,30.8169,38.6906,0.9386,1.5122,4.3801,0.8864,0.0,5.9965,0.9386,0.0,0.5214,68.2561,1.1993,0.0,1.0429,5.4229,2.8679,0.2086,0.0,0.73,0.0,0.1564,0.0521,0.0,0.0,DL,Full-Back
0,0,0.29,1.12,9,3,3,0,152,209,11,16,25,6,0,66,4,0,3,314,7,0,3,25,1,1,0,0,0,1,0,0,1,483,14,357598,Josip Brekalo,josip-brekalo,Real Oviedo,2851,La Liga,Midfielder,2025/26,0.0,0.0,0.054,0.2087,1.677,0.559,0.559,0.0,28.323,38.9441,2.0497,2.9814,4.6584,1.118,0.0,12.2981,0.7453,0.0,0.559,58.5093,1.3043,0.0,0.559,4.6584,0.1863,0.1863,0.0,0.0,0.0,0.1863,0.0,0.0,0.1863,LW/AM,Winger
0,0,0.36,0.25,9,2,0,0,589,679,3,29,43,0,0,89,4,0,17,871,21,0,15,82,36,3,0,14,0,3,1,0,0,1689,26,905639,Kwasi Sibo,kwasi-sibo,Real Oviedo,2851,La Liga,Midfielder,2025/26,0.0,0.0,0.0192,0.0133,0.4796,0.1066,0.0,0.0,31.3854,36.1812,0.1599,1.5453,2.2913,0.0,0.0,4.7425,0.2131,0.0,0.9059,46.4121,1.119,0.0,0.7993,4.3694,1.9183,0.1599,0.0,0.746,0.0,0.1599,0.0533,0.0,0.0,MC/DM,Central Mid
1,0,0.8,0.46,9,4,0,1,477,554,6,13,25,2,0,91,4,0,6,744,25,0,12,54,34,2,0,23,0,2,0,0,1,1339,19,190405,Leander Dendoncker,leander-dendoncker,Real Oviedo,2851,La Liga,Midfielder,2025/26,0.0672,0.0,0.0538,0.0309,0.6049,0.2689,0.0,0.0672,32.0612,37.2367,0.4033,0.8738,1.6804,0.1344,0.0,6.1165,0.2689,0.0,0.4033,50.0075,1.6804,0.0,0.8066,3.6296,2.2853,0.1344,0.0,1.5459,0.0,0.1344,0.0,0.0,0.0672,MC/DM,Central Mid
0,1,0.94,1.11,10,2,2,2,341,427,9,15,54,5,0,79,16,0,3,751,30,0,17,49,31,4,0,7,0,3,0,0,1,1100,20,597876,Lucas Ahijado,lucas-ahijado,Real Oviedo,2851,La Liga,Defender,2025/26,0.0,0.0818,0.0769,0.0908,0.8182,0.1636,0.1636,0.1636,27.9,34.9364,0.7364,1.2273,4.4182,0.4091,0.0,6.4636,1.3091,0.0,0.2455,61.4455,2.4545,0.0,1.3909,4.0091,2.5364,0.3273,0.0,0.5727,0.0,0.2455,0.0,0.0,0.0818,DR,Full-Back
1,0,0.69,0.52,9,5,0,3,187,235,3,12,22,1,0,53,4,0,11,350,5,0,5,31,8,0,0,6,0,2,1,0,0,756,19,885664,Luka Ilić,luka-ilic,Real Oviedo,2851,La Liga,Midfielder,2025/26,0.119,0.0,0.0821,0.0619,1.0714,0.5952,0.0,0.3571,22.2619,27.9762,0.3571,1.4286,2.619,0.119,0.0,6.3095,0.4762,0.0,1.3095,41.6667,0.5952,0.0,0.5952,3.6905,0.9524,0.0,0.0,0.7143,0.0,0.2381,0.119,0.0,0.0,AM/MC/RW,Attacking Mid
0,0,2.23,0.78,16,3,0,5,745,918,7,44,109,5,0,131,14,0,9,1492,30,0,31,81,79,5,0,22,0,4,0,0,0,2277,29,844752,Nacho Vidal,nacho-vidal,Real Oviedo,2851,La Liga,Defender,2025/26,0.0,0.0,0.0881,0.0308,0.6324,0.1186,0.0,0.1976,29.4466,36.2846,0.2767,1.7391,4.3083,0.1976,0.0,5.1779,0.5534,0.0,0.3557,58.9723,1.1858,0.0,1.2253,3.2016,3.1225,0.1976,0.0,0.8696,0.0,0.1581,0.0,0.0,0.0,DR,Full-Back
0,0,0.35,0.33,8,1,0,0,480,563,3,54,81,1,0,76,2,0,7,734,25,0,17,51,16,3,0,6,0,6,0,0,0,1019,19,944629,Nicolas Fonseca,nicolas-fonseca,Real Oviedo,2851,La Liga,Midfielder,2025/26,0.0,0.0,0.0309,0.0291,0.7066,0.0883,0.0,0.0,42.3945,49.7252,0.265,4.7694,7.1541,0.0883,0.0,6.7125,0.1766,0.0,0.6183,64.8283,2.208,0.0,1.5015,4.5044,1.4132,0.265,0.0,0.5299,0.0,0.5299,0.0,0.0,0.0,MC/DM,Central Mid
2,0,3.03,0.33,24,5,0,4,148,206,5,7,10,1,0,40,9,0,21,376,0,0,1,28,12,4,0,45,0,2,0,0,0,1037,16,35532,Salomón Rondón,salomon-rondon,Real Oviedo,2851,La Liga,Forward,2025/26,0.1736,0.0,0.263,0.0286,2.0829,0.4339,0.0,0.3472,12.8447,17.8785,0.4339,0.6075,0.8679,0.0868,0.0,3.4716,0.7811,0.0,1.8226,32.6326,0.0,0.0,0.0868,2.4301,1.0415,0.3472,0.0,3.9055,0.0,0.1736,0.0,0.0,0.0,ST,Striker
0,1,0.36,2.18,7,1,3,0,470,543,27,45,68,16,0,160,13,0,11,761,9,0,4,59,7,1,0,6,0,2,1,0,0,940,28,17651,Santi Cazorla,santi-cazorla,Real Oviedo,2851,La Liga,Midfielder,2025/26,0.0,0.0957,0.0345,0.2087,0.6702,0.0957,0.2872,0.0,45.0,51.9894,2.5851,4.3085,6.5106,1.5319,0.0,15.3191,1.2447,0.0,1.0532,72.8617,0.8617,0.0,0.383,5.6489,0.6702,0.0957,0.0,0.5745,0.0,0.1915,0.0957,0.0,0.0,AM/MC/DM,Attacking Mid
0,1,0.63,1.99,15,2,3,0,876,1019,24,37,80,19,0,203,5,0,11,1354,23,0,14,102,41,4,0,12,0,6,0,0,0,2069,32,822379,Santiago Colombatto,santiago-colombatto,Real Oviedo,2851,La Liga,Midfielder,2025/26,0.0,0.0435,0.0274,0.0866,0.6525,0.087,0.1305,0.0,38.1054,44.3258,1.044,1.6095,3.4799,0.8265,0.0,8.8304,0.2175,0.0,0.4785,58.898,1.0005,0.0,0.609,4.4369,1.7835,0.174,0.0,0.522,0.0,0.261,0.0,0.0,0.0,MC/DM,Central Mid
0,4,0.54,2.4,13,5,4,0,205,254,10,9,17,7,0,77,20,0,24,474,7,0,5,40,3,3,1,2,0,4,0,0,0,822,16,1201412,Thiago Fernández,thiago-fernandez,Real Oviedo,2851,La Liga,Midfielder,2025/26,0.0,0.438,0.0591,0.2628,1.4234,0.5474,0.438,0.0,22.4453,27.8102,1.0949,0.9854,1.8613,0.7664,0.0,8.4307,2.1898,0.0,2.6277,51.8978,0.7664,0.0,0.5474,4.3796,0.3285,0.3285,0.1095,0.219,0.0,0.438,0.0,0.0,0.0,LW,Winger
0,1,1.21,0.06,8,2,0,2,43,63,1,0,2,0,0,15,3,0,4,122,1,0,1,11,1,3,0,4,0,0,0,0,0,382,18,1086128,Álex Forés,alex-fores,Real Oviedo,2851,La Liga,Forward,2025/26,0.0,0.2356,0.2851,0.0141,1.8848,0.4712,0.0,0.4712,10.1309,14.8429,0.2356,0.0,0.4712,0.0,0.0,3.534,0.7068,0.0,0.9424,28.7435,0.2356,0.0,0.2356,2.5916,0.2356,0.7068,0.0,0.9424,0.0,0.0,0.0,0.0,0.0,ST,Striker
1,0,0.48,0.52,6,2,0,1,258,308,5,10,30,8,0,65,4,0,3,533,18,0,5,29,35,0,0,8,0,1,0,0,0,885,21,966441,Aihen Muñoz,aihen-munoz,Real Sociedad,2824,La Liga,Defender,2025/26,0.1017,0.0,0.0488,0.0529,0.6102,0.2034,0.0,0.1017,26.2373,31.322,0.5085,1.0169,3.0508,0.8136,0.0,6.6102,0.4068,0.0,0.3051,54.2034,1.8305,0.0,0.5085,2.9492,3.5593,0.0,0.0,0.8136,0.0,0.1017,0.0,0.0,0.0,DL,Full-Back
3,5,2.62,4.67,34,11,11,6,583,726,44,27,55,10,0,249,55,0,33,1244,18,0,15,107,11,5,0,9,0,5,0,0,0,1769,30,966862,Ander Barrenetxea,ander-barrenetxea,Real Sociedad,2824,La Liga,Midfielder,2025/26,0.1526,0.2544,0.1333,0.2376,1.7298,0.5596,0.5596,0.3053,29.6608,36.9361,2.2386,1.3737,2.7982,0.5088,0.0,12.6682,2.7982,0.0,1.6789,63.29,0.9158,0.0,0.7631,5.4438,0.5596,0.2544,0.0,0.4579,0.0,0.2544,0.0,0.0,0.0,LW,Winger
0,1,0.36,0.09,4,2,0,1,322,378,1,12,28,2,0,45,0,0,3,551,8,0,10,29,37,0,0,18,0,0,0,0,1,725,16,785468,Aritz Elustondo,aritz-elustondo,Real Sociedad,2824,La Liga,Defender,2025/26,0.0,0.1241,0.0447,0.0112,0.4966,0.2483,0.0,0.1241,39.9724,46.9241,0.1241,1.4897,3.4759,0.2483,0.0,5.5862,0.0,0.0,0.3724,68.4,0.9931,0.0,1.2414,3.6,4.5931,0.0,0.0,2.2345,0.0,0.0,0.0,0.0,0.1241,DC/DR,Centre-Back
0,0,1.02,1.26,14,3,3,2,172,216,10,14,22,5,0,77,1,0,3,334,5,0,2,16,1,6,0,2,0,2,0,0,0,448,17,1066045,Arsen Zakharyan,arsen-zakharyan,Real Sociedad,2824,La Liga,Midfielder,2025/26,0.0,0.0,0.2049,0.2531,2.8125,0.6027,0.6027,0.4018,34.5536,43.3929,2.0089,2.8125,4.4196,1.0045,0.0,15.4688,0.2009,0.0,0.6027,67.0982,1.0045,0.0,0.4018,3.2143,0.2009,1.2054,0.0,0.4018,0.0,0.4018,0.0,0.0,0.0,MC/LW,Central Mid
0,3,0.79,0.72,20,6,1,0,602,697,12,26,43,2,0,127,20,0,17,939,23,0,9,78,26,5,1,12,0,7,0,0,0,1367,27,980410,Beñat Turrientes,benat-turrientes,Real Sociedad,2824,La Liga,Midfielder,2025/26,0.0,0.1975,0.052,0.0474,1.3168,0.395,0.0658,0.0,39.6342,45.8888,0.7901,1.7118,2.831,0.1317,0.0,8.3614,1.3168,0.0,1.1192,61.8215,1.5143,0.0,0.5925,5.1353,1.7118,0.3292,0.0658,0.7901,0.0,0.4609,0.0,0.0,0.0,MC/DM,Central Mid
6,2,5.8,2.73,36,16,6,5,720,878,25,38,64,14,0,273,21,0,20,1265,19,0,7,87,9,11,0,30,0,5,1,0,0,1672,29,845385,Brais Méndez,brais-mendez,Real Sociedad,2824,La Liga,Midfielder,2025/26,0.323,0.1077,0.3122,0.1469,1.9378,0.8612,0.323,0.2691,38.756,47.2608,1.3457,2.0455,3.445,0.7536,0.0,14.695,1.1304,0.0,1.0766,68.0921,1.0227,0.0,0.3768,4.683,0.4844,0.5921,0.0,1.6148,0.0,0.2691,0.0538,0.0,0.0,AM/MC,Attacking Mid
4,3,2.72,3.88,35,19,9,5,1033,1195,46,60,101,25,0,331,13,0,18,1537,21,0,15,89,26,6,1,8,0,3,1,0,0,2332,33,832427,Carlos Soler,carlos-soler,Real Sociedad,2824,La Liga,Midfielder,2025/26,0.1544,0.1158,0.105,0.1497,1.3508,0.7333,0.3473,0.193,39.8671,46.1192,1.7753,2.3156,3.8979,0.9648,0.0,12.7744,0.5017,0.0,0.6947,59.3182,0.8105,0.0,0.5789,3.4348,1.0034,0.2316,0.0386,0.3087,0.0,0.1158,0.0386,0.0,0.0,MC/AM,Central Mid
1,0,1.16,0.61,13,3,0,1,1230,1358,3,48,99,0,0,77,0,0,2,1640,14,0,28,79,129,4,0,84,0,6,1,0,0,2152,27,257091,Duje Ćaleta-Car,duje-caleta-car,Real Sociedad,2824,La Liga,Defender,2025/26,0.0418,0.0,0.0485,0.0255,0.5437,0.1255,0.0,0.0418,51.4405,56.7937,0.1255,2.0074,4.1403,0.0,0.0,3.2203,0.0,0.0,0.0836,68.5874,0.5855,0.0,1.171,3.3039,5.395,0.1673,0.0,3.513,0.0,0.2509,0.0418,0.0,0.0,DC,Centre-Back
8,4,3.86,2.9,46,18,6,3,422,565,25,25,43,17,0,203,18,0,24,941,16,0,4,57,6,17,0,11,0,3,0,0,0,1839,32,280979,Gonçalo Guedes,goncalo-guedes,Real Sociedad,2824,La Liga,Midfielder,2025/26,0.3915,0.1958,0.1889,0.1419,2.2512,0.8809,0.2936,0.1468,20.6525,27.6509,1.2235,1.2235,2.1044,0.832,0.0,9.9347,0.8809,0.0,1.1746,46.0522,0.783,0.0,0.1958,2.7896,0.2936,0.832,0.0,0.5383,0.0,0.1468,0.0,0.0,0.0,ST/LW,Striker
0,1,0.26,0.45,6,1,1,0,1016,1153,5,39,110,0,0,73,1,0,1,1455,21,0,22,67,149,2,0,48,0,9,0,0,0,2088,25,838159,Igor Zubeldia,igor-zubeldia,Real Sociedad,2824,La Liga,Defender,2025/26,0.0,0.0431,0.0112,0.0194,0.2586,0.0431,0.0431,0.0,43.7931,49.6983,0.2155,1.681,4.7414,0.0,0.0,3.1466,0.0431,0.0,0.0431,62.7155,0.9052,0.0,0.9483,2.8879,6.4224,0.0862,0.0,2.069,0.0,0.3879,0.0,0.0,0.0,DC,Centre-Back
1,0,1.91,0.9,21,5,0,2,1039,1284,11,41,108,7,0,231,11,0,16,2110,64,0,47,120,95,4,0,50,0,11,0,0,2,2788,35,1116388,Jon Aramburu,jon-aramburu,Real Sociedad,2824,La Liga,Defender,2025/26,0.0323,0.0,0.0617,0.0291,0.6779,0.1614,0.0,0.0646,33.5402,41.4491,0.3551,1.3235,3.4864,0.226,0.0,7.457,0.3551,0.0,0.5165,68.1133,2.066,0.0,1.5172,3.8737,3.0667,0.1291,0.0,1.6141,0.0,0.3551,0.0,0.0,0.0646,DR,Full-Back
1,3,0.79,0.61,13,1,2,0,1138,1309,18,37,69,0,0,220,10,0,19,1639,27,0,35,125,45,6,0,30,0,6,0,0,0,2215,30,1216309,Jon Gorrotxategi,jon-gorrotxategi,Real Sociedad,2824,La Liga,Midfielder,2025/26,0.0406,0.1219,0.0321,0.0248,0.5282,0.0406,0.0813,0.0,46.2393,53.1874,0.7314,1.5034,2.8036,0.0,0.0,8.9391,0.4063,0.0,0.772,66.5959,1.0971,0.0,1.4221,5.079,1.8284,0.2438,0.0,1.219,0.0,0.2438,0.0,0.0,0.0,DM/MC,Central Mid
2,0,1.99,0.19,15,5,0,4,1237,1356,2,32,70,0,0,85,8,0,8,1715,15,0,34,82,159,3,0,84,0,6,0,0,1,2250,25,1466116,Jon Martin,vicente-jon-martin,Real Sociedad,2824,La Liga,Defender,2025/26,0.08,0.0,0.0796,0.0076,0.6,0.2,0.0,0.16,49.48,54.24,0.08,1.28,2.8,0.0,0.0,3.4,0.32,0.0,0.32,68.6,0.6,0.0,1.36,3.28,6.36,0.12,0.0,3.36,0.0,0.24,0.0,0.0,0.04,DC,Centre-Back
3,1,1.98,0.61,23,7,0,3,368,463,9,34,54,0,0,92,14,0,16,640,8,0,5,43,15,7,0,16,0,1,0,0,0,1018,22,949156,Luka Sučić,luka-sucic,Real Sociedad,2824,La Liga,Midfielder,2025/26,0.2652,0.0884,0.175,0.0539,2.0334,0.6189,0.0,0.2652,32.5344,40.9332,0.7957,3.0059,4.7741,0.0,0.0,8.1336,1.2377,0.0,1.4145,56.5815,0.7073,0.0,0.442,3.8016,1.3261,0.6189,0.0,1.4145,0.0,0.0884,0.0,0.0,0.0,AM/MC,Attacking Mid
15,4,15.24,3.63,79,36,13,17,597,777,42,19,33,3,0,234,36,0,44,1279,20,0,4,93,28,17,0,39,0,3,0,0,0,2714,34,823622,Mikel Oyarzabal,mikel-oyarzabal,Real Sociedad,2824,La Liga,Forward,2025/26,0.4974,0.1326,0.5054,0.1204,2.6197,1.1938,0.4311,0.5637,19.7973,25.7664,1.3928,0.6301,1.0943,0.0995,0.0,7.7598,1.1938,0.0,1.4591,42.4134,0.6632,0.0,0.1326,3.084,0.9285,0.5637,0.0,1.2933,0.0,0.0995,0.0,0.0,0.0,ST,Striker
9,0,6.1,0.21,27,19,2,6,78,124,5,2,4,2,0,31,3,0,6,225,5,0,1,12,6,1,0,16,0,5,0,0,0,842,20,1026015,Orri Óskarsson,orri-steinn-oskarsson,Real Sociedad,2824,La Liga,Forward,2025/26,0.962,0.0,0.652,0.0224,2.886,2.0309,0.2138,0.6413,8.3373,13.2542,0.5344,0.2138,0.4276,0.2138,0.0,3.3135,0.3207,0.0,0.6413,24.0499,0.5344,0.0,0.1069,1.2827,0.6413,0.1069,0.0,1.7102,0.0,0.5344,0.0,0.0,0.0,ST,Striker
0,1,1.25,1.29,13,4,2,2,296,374,13,8,20,4,0,83,17,0,23,650,16,0,8,60,16,6,0,8,0,2,0,1,0,1511,34,1139409,Pablo Marín,pablo-marin,Real Sociedad,2824,La Liga,Midfielder,2025/26,0.0,0.0596,0.0745,0.0768,0.7743,0.2383,0.1191,0.1191,17.6307,22.2766,0.7743,0.4765,1.1913,0.2383,0.0,4.9437,1.0126,0.0,1.37,38.7161,0.953,0.0,0.4765,3.5738,0.953,0.3574,0.0,0.4765,0.0,0.1191,0.0,0.0596,0.0,MC/AM,Central Mid
0,6,1.09,5.71,12,0,14,2,1308,1510,45,62,126,39,0,330,13,0,7,2304,52,0,31,150,72,4,1,21,0,5,1,0,0,2705,35,855835,Sergio Gómez,sergio-gomez,Real Sociedad,2824,La Liga,Defender,2025/26,0.0,0.1996,0.0363,0.19,0.3993,0.0,0.4658,0.0665,43.5194,50.2403,1.4972,2.0628,4.1922,1.2976,0.0,10.9797,0.4325,0.0,0.2329,76.658,1.7301,0.0,1.0314,4.9908,2.3956,0.1331,0.0333,0.6987,0.0,0.1664,0.0333,0.0,0.0,DL/LW,Full-Back
2,4,2.39,3.52,28,12,7,2,388,489,33,6,15,9,0,163,37,0,17,880,19,0,11,53,10,10,0,7,0,2,0,0,0,1508,24,880218,Takefusa Kubo,takefusa-kubo,Real Sociedad,2824,La Liga,Midfielder,2025/26,0.1194,0.2387,0.1426,0.2101,1.6711,0.7162,0.4178,0.1194,23.1565,29.1844,1.9695,0.3581,0.8952,0.5371,0.0,9.7281,2.2082,0.0,1.0146,52.5199,1.134,0.0,0.6565,3.1631,0.5968,0.5968,0.0,0.4178,0.0,0.1194,0.0,0.0,0.0,RW,Winger
0,0,0.4,0.39,6,1,0,1,221,280,2,11,20,1,0,51,5,0,9,405,7,0,2,25,22,2,1,26,0,2,0,1,0,642,14,839585,Yangel Herrera,yangel-herrera,Real Sociedad,2824,La Liga,Midfielder,2025/26,0.0,0.0,0.0561,0.0547,0.8411,0.1402,0.0,0.1402,30.9813,39.2523,0.2804,1.5421,2.8037,0.1402,0.0,7.1495,0.7009,0.0,1.2617,56.7757,0.9813,0.0,0.2804,3.5047,3.0841,0.2804,0.1402,3.6449,0.0,0.2804,0.0,0.1402,0.0,MC/DM,Central Mid
10,3,10.0,1.14,61,30,1,9,228,357,13,7,19,1,0,90,16,0,33,664,4,0,1,48,26,13,1,56,0,3,0,0,0,2070,32,946381,Akor Adams,akor-adams,Sevilla,2833,La Liga,Forward,2025/26,0.4348,0.1304,0.4348,0.0496,2.6522,1.3043,0.0435,0.3913,9.913,15.5217,0.5652,0.3043,0.8261,0.0435,0.0,3.913,0.6957,0.0,1.4348,28.8696,0.1739,0.0,0.0435,2.087,1.1304,0.5652,0.0435,2.4348,0.0,0.1304,0.0,0.0,0.0,ST,Striker
4,2,3.81,1.72,25,9,1,4,331,444,26,14,30,6,0,162,8,0,15,694,13,0,7,64,4,6,0,14,0,3,0,0,0,1305,28,34120,Alexis Sánchez,alexis-sanchez,Sevilla,2833,La Liga,Forward,2025/26,0.2759,0.1379,0.2628,0.1186,1.7241,0.6207,0.069,0.2759,22.8276,30.6207,1.7931,0.9655,2.069,0.4138,0.0,11.1724,0.5517,0.0,1.0345,47.8621,0.8966,0.0,0.4828,4.4138,0.2759,0.4138,0.0,0.9655,0.0,0.2069,0.0,0.0,0.0,ST,Striker
1,0,0.43,0.17,10,3,0,0,646,749,2,48,100,0,0,58,9,0,2,978,14,0,20,65,83,1,0,27,0,4,0,0,0,1281,19,1428699,Andrés Castrin,andres-castrin,Sevilla,2833,La Liga,Defender,2025/26,0.0703,0.0,0.0302,0.0119,0.7026,0.2108,0.0,0.0,45.3864,52.623,0.1405,3.3724,7.0258,0.0,0.0,4.0749,0.6323,0.0,0.1405,68.7119,0.9836,0.0,1.4052,4.5667,5.8314,0.0703,0.0,1.897,0.0,0.281,0.0,0.0,0.0,DC,Centre-Back
1,0,1.14,0.49,17,5,0,0,565,653,9,34,59,1,0,140,10,0,18,905,23,0,18,93,24,7,1,16,0,6,0,0,0,1624,27,859021,Batista Mendy,batista-mendy,Sevilla,2833,La Liga,Midfielder,2025/26,0.0554,0.0,0.0632,0.0272,0.9421,0.2771,0.0,0.0,31.3116,36.1884,0.4988,1.8842,3.2697,0.0554,0.0,7.7586,0.5542,0.0,0.9975,50.1539,1.2746,0.0,0.9975,5.1539,1.33,0.3879,0.0554,0.8867,0.0,0.3325,0.0,0.0,0.0,MC/DM/DC,Central Mid
1,1,1.59,0.9,23,3,1,2,302,360,13,19,27,5,0,123,57,0,21,656,12,0,6,61,3,11,0,5,0,0,0,0,0,954,27,875890,Chidera Ejuke,chidera-ejuke,Sevilla,2833,La Liga,Forward,2025/26,0.0943,0.0943,0.15,0.0849,2.1698,0.283,0.0943,0.1887,28.4906,33.9623,1.2264,1.7925,2.5472,0.4717,0.0,11.6038,5.3774,0.0,1.9811,61.8868,1.1321,0.0,0.566,5.7547,0.283,1.0377,0.0,0.4717,0.0,0.0,0.0,0.0,0.0,LW/RW,Winger
0,1,0.01,0.64,1,0,1,0,621,702,3,32,65,5,0,78,2,0,2,944,19,0,22,40,40,0,0,22,0,4,0,0,0,1218,17,21555,César Azpilicueta,cesar-azpilicueta,Sevilla,2833,La Liga,Defender,2025/26,0.0,0.0739,0.0007,0.0473,0.0739,0.0,0.0739,0.0,45.8867,51.8719,0.2217,2.3645,4.803,0.3695,0.0,5.7635,0.1478,0.0,0.1478,69.7537,1.4039,0.0,1.6256,2.9557,2.9557,0.0,0.0,1.6256,0.0,0.2956,0.0,0.0,0.0,DR/DC,Full-Back
5,4,1.8,1.81,19,8,2,1,846,950,24,43,62,11,0,205,7,0,8,1223,25,0,22,86,9,4,0,15,0,6,0,0,1,2195,33,799054,Djibril Sow,djibril-sow,Sevilla,2833,La Liga,Midfielder,2025/26,0.205,0.164,0.0738,0.0742,0.779,0.328,0.082,0.041,34.6879,38.9522,0.9841,1.7631,2.5421,0.451,0.0,8.4055,0.287,0.0,0.328,50.1458,1.0251,0.0,0.9021,3.5262,0.369,0.164,0.0,0.615,0.0,0.246,0.0,0.0,0.041,MC/DM,Central Mid
0,1,0.47,4.28,5,2,5,0,855,1026,36,42,87,29,0,241,15,0,17,1633,64,0,30,111,47,1,1,13,0,7,0,0,1,2096,29,818986,Gabriel Suazo,gabriel-suazo,Sevilla,2833,La Liga,Defender,2025/26,0.0,0.0429,0.0202,0.1838,0.2147,0.0859,0.2147,0.0,36.7128,44.0553,1.5458,1.8034,3.7357,1.2452,0.0,10.3483,0.6441,0.0,0.73,70.1193,2.7481,0.0,1.2882,4.7662,2.0181,0.0429,0.0429,0.5582,0.0,0.3006,0.0,0.0,0.0429,DL/ML,Full-Back
4,0,5.26,0.56,41,14,2,8,243,336,14,16,24,1,0,81,10,0,32,673,10,0,6,61,19,8,0,23,0,4,1,2,0,1498,29,1018190,Isaac Romero,romero-isaac,Sevilla,2833,La Liga,Forward,2025/26,0.2403,0.0,0.316,0.0336,2.4633,0.8411,0.1202,0.4806,14.5995,20.1869,0.8411,0.9613,1.4419,0.0601,0.0,4.8665,0.6008,0.0,1.9226,40.4339,0.6008,0.0,0.3605,3.6649,1.1415,0.4806,0.0,1.3818,0.0,0.2403,0.0601,0.1202,0.0,ST,Striker
1,3,0.77,1.87,20,3,4,1,946,1164,22,47,108,13,0,225,19,0,12,1884,40,0,39,146,71,7,1,45,0,13,0,0,2,2564,35,1015240,José Ángel Carmona,jose-angel-carmona,Sevilla,2833,La Liga,Defender,2025/26,0.0351,0.1053,0.027,0.0656,0.702,0.1053,0.1404,0.0351,33.2059,40.858,0.7722,1.6498,3.791,0.4563,0.0,7.8978,0.6669,0.0,0.4212,66.131,1.4041,0.0,1.369,5.1248,2.4922,0.2457,0.0351,1.5796,0.0,0.4563,0.0,0.0,0.0702,DR,Full-Back
0,3,0.81,2.93,14,1,5,0,636,764,22,36,60,20,0,220,27,0,17,1259,42,0,12,103,32,7,0,18,0,5,1,1,2,2002,32,1010655,Juanlu Sánchez,juanlu-sanchez,Sevilla,2833,La Liga,Midfielder,2025/26,0.0,0.1349,0.0364,0.1317,0.6294,0.045,0.2248,0.0,28.5914,34.3457,0.989,1.6184,2.6973,0.8991,0.0,9.8901,1.2138,0.0,0.7642,56.5984,1.8881,0.0,0.5395,4.6304,1.4386,0.3147,0.0,0.8092,0.0,0.2248,0.045,0.045,0.0899,DR/MR,Full-Back
2,0,1.55,0.55,19,8,0,0,1098,1369,7,64,214,2,0,124,8,0,7,1828,34,0,37,109,163,6,0,96,0,1,0,1,0,2208,26,1097719,Kike Salas,kike-salas,Sevilla,2833,La Liga,Defender,2025/26,0.0815,0.0,0.0632,0.0224,0.7745,0.3261,0.0,0.0,44.7554,55.8016,0.2853,2.6087,8.7228,0.0815,0.0,5.0543,0.3261,0.0,0.2853,74.5109,1.3859,0.0,1.5082,4.4429,6.644,0.2446,0.0,3.913,0.0,0.0408,0.0,0.0408,0.0,DC/DL,Centre-Back
1,3,0.89,1.52,15,2,8,0,1056,1303,29,67,140,3,0,332,11,0,21,1697,44,0,48,140,40,6,1,54,0,12,0,0,0,2693,34,960006,Lucien Agoumé,lucien-agoume,Sevilla,2833,La Liga,Midfielder,2025/26,0.0334,0.1003,0.0297,0.0508,0.5013,0.0668,0.2674,0.0,35.2915,43.5462,0.9692,2.2391,4.6788,0.1003,0.0,11.0954,0.3676,0.0,0.7018,56.7137,1.4705,0.0,1.6042,4.6788,1.3368,0.2005,0.0334,1.8047,0.0,0.401,0.0,0.0,0.0,MC/DM,Central Mid
0,0,0.71,0.07,10,2,0,1,407,466,0,26,58,0,0,31,1,0,0,610,5,0,5,32,59,4,1,27,0,2,1,0,1,943,13,840951,Marcão,marcao,Sevilla,2833,La Liga,Defender,2025/26,0.0,0.0,0.0678,0.0067,0.9544,0.1909,0.0,0.0954,38.8441,44.4751,0.0,2.4814,5.5355,0.0,0.0,2.9586,0.0954,0.0,0.0,58.2185,0.4772,0.0,0.4772,3.0541,5.631,0.3818,0.0954,2.5769,0.0,0.1909,0.0954,0.0,0.0954,DC,Centre-Back
2,1,1.75,0.36,17,7,0,2,163,199,14,14,19,0,0,59,4,0,14,321,2,0,1,20,2,5,0,9,0,2,0,0,0,870,12,268903,Neal Maupay,neal-maupay,Sevilla,2833,La Liga,Forward,2025/26,0.2069,0.1034,0.181,0.0372,1.7586,0.7241,0.0,0.2069,16.8621,20.5862,1.4483,1.4483,1.9655,0.0,0.0,6.1034,0.4138,0.0,1.4483,33.2069,0.2069,0.0,0.1034,2.069,0.2069,0.5172,0.0,0.931,0.0,0.2069,0.0,0.0,0.0,ST,Striker
2,0,1.33,0.4,31,9,1,0,977,1106,7,54,108,1,0,101,5,0,7,1455,23,0,25,80,127,6,0,43,0,9,0,0,0,2370,34,68332,Nemanja Gudelj,nemanja-gudelj,Sevilla,2833,La Liga,Midfielder,2025/26,0.0759,0.0,0.0505,0.0152,1.1772,0.3418,0.038,0.0,37.1013,42.0,0.2658,2.0506,4.1013,0.038,0.0,3.8354,0.1899,0.0,0.2658,55.2532,0.8734,0.0,0.9494,3.038,4.8228,0.2278,0.0,1.6329,0.0,0.3418,0.0,0.0,0.0,DC/DM/MC,Centre-Back
2,3,1.3,1.35,17,8,3,1,333,441,21,18,39,19,0,119,17,0,13,807,20,0,7,54,17,4,0,15,0,1,0,0,1,1409,21,1534422,Oso,oso,Sevilla,2833,La Liga,Midfielder,2025/26,0.1278,0.1916,0.083,0.0862,1.0859,0.511,0.1916,0.0639,21.2704,28.1689,1.3414,1.1498,2.4911,1.2136,0.0,7.6011,1.0859,0.0,0.8304,51.5472,1.2775,0.0,0.4471,3.4493,1.0859,0.2555,0.0,0.9581,0.0,0.0639,0.0,0.0,0.0639,DL,Full-Back
2,1,1.0,0.74,15,6,0,0,296,364,15,16,25,4,0,116,18,0,15,591,8,0,1,41,2,4,0,17,0,8,0,0,0,1012,26,997033,Peque Fernández,peque-fernandez,Sevilla,2833,La Liga,Midfielder,2025/26,0.1779,0.0889,0.0889,0.0658,1.334,0.5336,0.0,0.0,26.3241,32.3715,1.334,1.4229,2.2233,0.3557,0.0,10.3162,1.6008,0.0,1.334,52.5593,0.7115,0.0,0.0889,3.6462,0.1779,0.3557,0.0,1.5119,0.0,0.7115,0.0,0.0,0.0,AM,Attacking Mid
3,6,3.17,2.37,41,8,4,0,410,561,28,25,47,24,0,160,21,0,18,944,15,0,7,81,13,17,0,20,0,2,0,0,0,1608,24,872919,Rubén Vargas,ruben-vargas,Sevilla,2833,La Liga,Midfielder,2025/26,0.1679,0.3358,0.1774,0.1326,2.2948,0.4478,0.2239,0.0,22.9478,31.3993,1.5672,1.3993,2.6306,1.3433,0.0,8.9552,1.1754,0.0,1.0075,52.8358,0.8396,0.0,0.3918,4.5336,0.7276,0.9515,0.0,1.1194,0.0,0.1119,0.0,0.0,0.0,LW/AM,Winger
0,0,0.48,0.04,9,0,0,0,282,319,2,27,46,0,0,26,2,0,4,437,8,0,4,18,50,3,0,23,0,5,1,0,1,648,12,1003007,Tanguy Nianzou,tanguy-nianzou,Sevilla,2833,La Liga,Defender,2025/26,0.0,0.0,0.0667,0.0056,1.25,0.0,0.0,0.0,39.1667,44.3056,0.2778,3.75,6.3889,0.0,0.0,3.6111,0.2778,0.0,0.5556,60.6944,1.1111,0.0,0.5556,2.5,6.9444,0.4167,0.0,3.1944,0.0,0.6944,0.1389,0.0,0.1389,DC,Centre-Back
0,2,0.59,1.87,9,3,4,1,511,568,18,35,43,15,0,207,15,0,20,807,11,0,10,49,5,3,0,3,0,0,0,1,0,1035,22,845693,André Almeida,andre-almeida,Valencia,2828,La Liga,Midfielder,2025/26,0.0,0.1739,0.0513,0.1626,0.7826,0.2609,0.3478,0.087,44.4348,49.3913,1.5652,3.0435,3.7391,1.3043,0.0,18.0,1.3043,0.0,1.7391,70.1739,0.9565,0.0,0.8696,4.2609,0.4348,0.2609,0.0,0.2609,0.0,0.0,0.0,0.087,0.0,MC/AM,Central Mid
3,2,4.66,3.47,36,14,6,8,304,392,17,20,28,16,0,102,27,0,15,678,11,0,2,66,6,8,0,8,0,0,0,1,0,1627,30,827064,Arnaut Danjuma,arnaut-danjuma,Valencia,2828,La Liga,Forward,2025/26,0.1659,0.1106,0.2578,0.1919,1.9914,0.7744,0.3319,0.4425,16.8162,21.6841,0.9404,1.1063,1.5489,0.8851,0.0,5.6423,1.4935,0.0,0.8297,37.5046,0.6085,0.0,0.1106,3.6509,0.3319,0.4425,0.0,0.4425,0.0,0.0,0.0,0.0553,0.0,ST/LW,Striker
1,1,0.37,0.81,6,2,2,0,332,405,4,23,42,1,0,79,6,0,5,542,5,0,7,43,30,2,0,18,0,2,0,0,0,775,19,344751,Baptiste Santamaria,baptiste-santamaria,Valencia,2828,La Liga,Midfielder,2025/26,0.1161,0.1161,0.043,0.0941,0.6968,0.2323,0.2323,0.0,38.5548,47.0323,0.4645,2.671,4.8774,0.1161,0.0,9.1742,0.6968,0.0,0.5806,62.9419,0.5806,0.0,0.8129,4.9935,3.4839,0.2323,0.0,2.0903,0.0,0.2323,0.0,0.0,0.0,MC/DM,Central Mid
0,0,0.61,0.13,11,1,0,1,1140,1321,2,60,158,0,0,59,10,0,4,1732,23,0,29,83,194,2,2,62,0,8,0,0,1,2597,32,996928,César Tárrega,cesar-tarrega,Valencia,2828,La Liga,Defender,2025/26,0.0,0.0,0.0211,0.0045,0.3812,0.0347,0.0,0.0347,39.5071,45.7797,0.0693,2.0793,5.4755,0.0,0.0,2.0447,0.3466,0.0,0.1386,60.0231,0.7971,0.0,1.005,2.8764,6.7231,0.0693,0.0693,2.1486,0.0,0.2772,0.0,0.0,0.0347,DC,Centre-Back
4,1,2.72,2.23,28,8,4,4,393,513,17,10,13,7,0,143,13,0,18,830,15,0,10,79,11,10,0,25,0,2,0,0,0,1777,34,998950,Diego López,diego-lopez,Valencia,2828,La Liga,Midfielder,2025/26,0.2026,0.0506,0.1378,0.1129,1.4181,0.4052,0.2026,0.2026,19.9043,25.982,0.861,0.5065,0.6584,0.3545,0.0,7.2425,0.6584,0.0,0.9116,42.0371,0.7597,0.0,0.5065,4.0011,0.5571,0.5065,0.0,1.2662,0.0,0.1013,0.0,0.0,0.0,LW/ML,Winger
0,0,0.57,0.27,6,1,0,0,439,518,6,18,42,4,0,70,10,0,6,804,9,0,8,55,40,1,0,11,0,1,0,0,1,1157,15,151138,Dimitri Foulquier,dimitri-foulquier,Valencia,2828,La Liga,Defender,2025/26,0.0,0.0,0.0443,0.021,0.4667,0.0778,0.0,0.0,34.1487,40.2939,0.4667,1.4002,3.2671,0.3111,0.0,5.4451,0.7779,0.0,0.4667,62.5411,0.7001,0.0,0.6223,4.2783,3.1115,0.0778,0.0,0.8557,0.0,0.0778,0.0,0.0,0.0778,DR,Full-Back
2,1,1.19,0.52,11,3,1,0,686,799,6,41,103,1,0,60,0,0,1,999,15,0,20,46,88,3,0,17,0,3,1,0,0,1339,17,814023,Eray Cömert,eray-comert,Valencia,2828,La Liga,Defender,2025/26,0.1344,0.0672,0.08,0.035,0.7394,0.2016,0.0672,0.0,46.109,53.7043,0.4033,2.7558,6.9231,0.0672,0.0,4.0329,0.0,0.0,0.0672,67.1471,1.0082,0.0,1.3443,3.0919,5.9149,0.2016,0.0,1.1426,0.0,0.2016,0.0672,0.0,0.0,DC,Centre-Back
0,3,0.96,2.68,20,3,6,0,549,655,23,29,54,17,0,157,18,0,13,955,15,0,11,79,33,8,0,16,0,3,0,0,0,1513,27,857482,Filip Ugrinić,filip-ugrinic,Valencia,2828,La Liga,Midfielder,2025/26,0.0,0.1785,0.0571,0.1594,1.1897,0.1785,0.3569,0.0,32.657,38.9623,1.3681,1.725,3.2122,1.0112,0.0,9.3391,1.0707,0.0,0.7733,56.8077,0.8923,0.0,0.6543,4.6993,1.963,0.4759,0.0,0.9518,0.0,0.1785,0.0,0.0,0.0,MC,Central Mid
4,0,1.0,0.83,15,5,1,0,615,707,7,28,54,1,0,147,10,0,17,947,27,0,10,80,40,2,0,19,0,4,0,0,1,1308,16,609752,Guido Rodríguez,guido-rodriguez,Valencia,2828,La Liga,Midfielder,2025/26,0.2752,0.0,0.0688,0.0571,1.0321,0.344,0.0688,0.0,42.3165,48.6468,0.4817,1.9266,3.7156,0.0688,0.0,10.1147,0.6881,0.0,1.1697,65.1606,1.8578,0.0,0.6881,5.5046,2.7523,0.1376,0.0,1.3073,0.0,0.2752,0.0,0.0,0.0688,MC/DM,Central Mid
10,0,8.84,0.84,36,14,2,9,276,392,17,8,11,0,0,76,3,0,12,664,10,0,4,39,21,6,0,45,0,5,0,1,0,1989,36,909119,Hugo Duro,hugo-duro,Valencia,2828,La Liga,Forward,2025/26,0.4525,0.0,0.4,0.038,1.629,0.6335,0.0905,0.4072,12.4887,17.7376,0.7692,0.362,0.4977,0.0,0.0,3.4389,0.1357,0.0,0.543,30.0452,0.4525,0.0,0.181,1.7647,0.9502,0.2715,0.0,2.0362,0.0,0.2262,0.0,0.0452,0.0,ST,Striker
4,6,3.35,2.77,31,12,6,3,799,980,32,49,98,11,0,215,26,0,35,1397,17,0,24,107,25,9,0,14,0,3,0,0,0,2086,36,1122610,Javier Guerra,javier-guerra,Valencia,2828,La Liga,Midfielder,2025/26,0.1726,0.2589,0.1445,0.1195,1.3375,0.5177,0.2589,0.1294,34.4727,42.2819,1.3806,2.1141,4.2282,0.4746,0.0,9.2761,1.1218,0.0,1.5101,60.2733,0.7335,0.0,1.0355,4.6165,1.0786,0.3883,0.0,0.604,0.0,0.1294,0.0,0.0,0.0,MC/DM,Central Mid
0,0,0.3,0.77,8,2,2,0,285,339,14,9,20,5,0,80,21,0,13,669,10,0,4,54,32,3,0,11,0,2,0,0,0,970,24,996929,Jesús Vázquez,jesus-vazquez,Valencia,2828,La Liga,Defender,2025/26,0.0,0.0,0.0278,0.0714,0.7423,0.1856,0.1856,0.0,26.4433,31.4536,1.299,0.8351,1.8557,0.4639,0.0,7.4227,1.9485,0.0,1.2062,62.0722,0.9278,0.0,0.3711,5.0103,2.9691,0.2784,0.0,1.0206,0.0,0.1856,0.0,0.0,0.0,DL,Full-Back
0,0,1.54,0.61,13,0,0,3,859,1004,5,50,120,3,0,109,7,0,3,1274,16,0,22,51,112,2,1,36,0,5,0,0,2,1768,21,913695,José Copete,jose-copete,Valencia,2828,La Liga,Defender,2025/26,0.0,0.0,0.0784,0.0311,0.6618,0.0,0.0,0.1527,43.7274,51.1086,0.2545,2.5452,6.1086,0.1527,0.0,5.5486,0.3563,0.0,0.1527,64.8529,0.8145,0.0,1.1199,2.5962,5.7014,0.1018,0.0509,1.8326,0.0,0.2545,0.0,0.0,0.1018,DC,Centre-Back
1,2,0.81,2.49,13,3,3,1,775,924,25,33,84,19,0,202,11,0,6,1520,43,0,23,106,86,4,1,23,0,6,1,0,0,2461,32,227922,José Luis Gayà,jose-luis-gaya,Valencia,2828,La Liga,Defender,2025/26,0.0366,0.0731,0.0296,0.0911,0.4754,0.1097,0.1097,0.0366,28.3421,33.7911,0.9143,1.2068,3.0719,0.6948,0.0,7.3872,0.4023,0.0,0.2194,55.5872,1.5725,0.0,0.8411,3.8765,3.1451,0.1463,0.0366,0.8411,0.0,0.2194,0.0366,0.0,0.0,DL,Full-Back
6,1,6.94,2.17,51,19,4,4,234,315,16,9,17,7,0,105,22,0,34,635,12,0,14,51,8,17,0,3,0,4,0,0,1,1250,27,909966,Largie Ramazani,largie-ramazani,Valencia,2828,La Liga,Forward,2025/26,0.432,0.072,0.4997,0.1562,3.672,1.368,0.288,0.288,16.848,22.68,1.152,0.648,1.224,0.504,0.0,7.56,1.584,0.0,2.448,45.72,0.864,0.0,1.008,3.672,0.576,1.224,0.0,0.216,0.0,0.288,0.0,0.0,0.072,LW/RW/ST,Winger
1,2,4.05,1.49,34,9,4,7,306,391,13,9,17,2,0,124,16,0,34,702,11,0,4,50,13,12,0,25,0,1,0,1,0,1366,27,962029,Lucas Beltrán,lucas-beltran,Valencia,2828,La Liga,Forward,2025/26,0.0659,0.1318,0.2668,0.0982,2.2401,0.593,0.2635,0.4612,20.1611,25.7613,0.8565,0.593,1.1201,0.1318,0.0,8.1698,1.0542,0.0,2.2401,46.2518,0.7247,0.0,0.2635,3.2943,0.8565,0.7906,0.0,1.6471,0.0,0.0659,0.0,0.0659,0.0,ST/AM,Striker
3,6,2.29,4.65,43,5,7,1,658,837,39,27,59,39,0,262,36,0,27,1379,26,0,18,103,34,25,0,4,0,1,0,0,0,2636,37,900433,Luis Rioja,luis-rioja,Valencia,2828,La Liga,Midfielder,2025/26,0.1024,0.2049,0.0782,0.1588,1.4681,0.1707,0.239,0.0341,22.4659,28.5774,1.3316,0.9219,2.0144,1.3316,0.0,8.9454,1.2291,0.0,0.9219,47.0827,0.8877,0.0,0.6146,3.5167,1.1608,0.8536,0.0,0.1366,0.0,0.0341,0.0,0.0,0.0,MR/LW/RW,Winger
1,0,0.53,0.07,4,3,0,0,280,320,1,10,32,0,0,17,1,0,0,418,6,0,10,22,43,0,1,16,0,3,0,1,0,544,8,797306,Mouctar Diakhaby,mouctar-diakhaby,Valencia,2828,La Liga,Defender,2025/26,0.1654,0.0,0.0877,0.0116,0.6618,0.4963,0.0,0.0,46.3235,52.9412,0.1654,1.6544,5.2941,0.0,0.0,2.8125,0.1654,0.0,0.0,69.1544,0.9926,0.0,1.6544,3.6397,7.114,0.0,0.1654,2.6471,0.0,0.4963,0.0,0.1654,0.0,DC,Centre-Back
2,0,3.57,2.1,24,3,1,2,1190,1381,21,93,180,9,0,254,8,0,12,1718,33,0,21,141,66,10,1,30,0,4,0,0,0,2232,31,826948,Pepelu,pepelu,Valencia,2828,La Liga,Midfielder,2025/26,0.0806,0.0,0.144,0.0847,0.9677,0.121,0.0403,0.0806,47.9839,55.6855,0.8468,3.75,7.2581,0.3629,0.0,10.2419,0.3226,0.0,0.4839,69.2742,1.3306,0.0,0.8468,5.6855,2.6613,0.4032,0.0403,1.2097,0.0,0.1613,0.0,0.0,0.0,MC/DM,Central Mid
0,0,0.04,0.05,1,0,0,0,123,149,1,3,13,0,0,23,2,0,2,241,5,0,7,19,10,0,0,3,0,2,0,0,1,353,5,315916,Renzo Saravia,renzo-saravia,Valencia,2828,La Liga,Defender,2025/26,0.0,0.0,0.0102,0.0127,0.255,0.0,0.0,0.0,31.3598,37.9887,0.255,0.7649,3.3144,0.0,0.0,5.864,0.5099,0.0,0.5099,61.4448,1.2748,0.0,1.7847,4.8442,2.5496,0.0,0.0,0.7649,0.0,0.5099,0.0,0.0,0.255,DR/DC,Full-Back
0,2,0.35,1.87,5,1,3,0,529,648,13,18,50,6,0,145,8,0,10,1026,23,0,17,56,27,3,0,14,0,4,0,0,1,1394,24,851282,Thierry Correia,thierry-correia,Valencia,2828,La Liga,Defender,2025/26,0.0,0.1291,0.0226,0.1207,0.3228,0.0646,0.1937,0.0,34.1535,41.8364,0.8393,1.1621,3.2281,0.3874,0.0,9.3615,0.5165,0.0,0.6456,66.241,1.4849,0.0,1.0976,3.6155,1.7432,0.1937,0.0,0.9039,0.0,0.2582,0.0,0.0,0.0646,DR,Full-Back
4,2,3.48,1.48,29,10,3,6,122,179,10,2,3,3,0,51,15,0,34,434,6,0,1,32,5,6,0,27,0,4,0,3,0,1061,25,754710,Umar Sadiq,umar-sadiq,Valencia,2828,La Liga,Forward,2025/26,0.3393,0.1697,0.2952,0.1255,2.4599,0.8483,0.2545,0.509,10.3487,15.1838,0.8483,0.1697,0.2545,0.2545,0.0,4.3261,1.2724,0.0,2.8841,36.8143,0.509,0.0,0.0848,2.7144,0.4241,0.509,0.0,2.2903,0.0,0.3393,0.0,0.2545,0.0,ST,Striker
0,0,0.42,0.5,9,1,0,1,370,435,2,29,59,1,0,37,0,0,3,635,12,0,11,40,43,2,0,14,0,3,0,0,0,921,13,892521,Unai Núñez,unai-nunez,Valencia,2828,La Liga,Defender,2025/26,0.0,0.0,0.041,0.0489,0.8795,0.0977,0.0,0.0977,36.1564,42.5081,0.1954,2.8339,5.7655,0.0977,0.0,3.6156,0.0,0.0,0.2932,62.0521,1.1726,0.0,1.0749,3.9088,4.202,0.1954,0.0,1.3681,0.0,0.2932,0.0,0.0,0.0,DC/DR,Centre-Back
10,5,5.77,3.74,46,20,9,6,644,814,37,17,39,9,0,263,33,0,25,1204,20,0,12,111,13,7,1,3,0,4,0,1,0,2490,37,1012444,Alberto Moleiro,alberto-moleiro,Villarreal,2819,La Liga,Midfielder,2025/26,0.3614,0.1807,0.2086,0.1352,1.6627,0.7229,0.3253,0.2169,23.2771,29.4217,1.3373,0.6145,1.4096,0.3253,0.0,9.506,1.1928,0.0,0.9036,43.5181,0.7229,0.0,0.4337,4.012,0.4699,0.253,0.0361,0.1084,0.0,0.1446,0.0,0.0361,0.0,ML/LW,Winger
0,0,0.02,0.06,1,0,0,0,212,234,1,7,11,0,0,32,3,0,2,342,8,0,4,19,16,0,0,6,0,0,0,0,0,356,9,1184541,Alexander Freeman,alexander-freeman,Villarreal,2819,La Liga,Defender,2025/26,0.0,0.0,0.0051,0.0152,0.2528,0.0,0.0,0.0,53.5955,59.1573,0.2528,1.7697,2.7809,0.0,0.0,8.0899,0.7584,0.0,0.5056,86.4607,2.0225,0.0,1.0112,4.8034,4.0449,0.0,0.0,1.5169,0.0,0.0,0.0,0.0,0.0,DR,Full-Back
2,0,1.75,0.4,17,10,0,2,108,132,9,1,4,4,0,51,6,0,18,272,1,0,2,25,7,6,0,2,0,0,0,0,0,655,20,1468090,Alfon González,alfon-gonzalez,Villarreal,2819,La Liga,Forward,2025/26,0.2748,0.0,0.2405,0.055,2.3359,1.374,0.0,0.2748,14.8397,18.1374,1.2366,0.1374,0.5496,0.5496,0.0,7.0076,0.8244,0.0,2.4733,37.374,0.1374,0.0,0.2748,3.4351,0.9618,0.8244,0.0,0.2748,0.0,0.0,0.0,0.0,0.0,LW/AM,Winger
1,3,1.13,2.71,11,3,6,1,476,603,21,31,78,20,0,108,20,0,15,1072,30,0,29,82,39,3,1,3,0,8,0,0,1,1690,27,797290,Alfonso Pedraza,alfonso-pedraza,Villarreal,2819,La Liga,Defender,2025/26,0.0533,0.1598,0.0602,0.1443,0.5858,0.1598,0.3195,0.0533,25.3491,32.1124,1.1183,1.6509,4.1538,1.0651,0.0,5.7515,1.0651,0.0,0.7988,57.0888,1.5976,0.0,1.5444,4.3669,2.0769,0.1598,0.0533,0.1598,0.0,0.426,0.0,0.0,0.0533,DL,Full-Back
5,4,5.38,1.08,24,11,3,5,194,256,16,5,10,1,0,82,13,0,27,493,11,0,4,23,9,7,0,15,0,4,0,0,0,1127,25,345195,Ayoze Pérez,ayoze-perez,Villarreal,2819,La Liga,Forward,2025/26,0.3993,0.3194,0.4296,0.0862,1.9166,0.8784,0.2396,0.3993,15.4925,20.4437,1.2777,0.3993,0.7986,0.0799,0.0,6.5484,1.0382,0.0,2.1562,39.37,0.8784,0.0,0.3194,1.8367,0.7187,0.559,0.0,1.1979,0.0,0.3194,0.0,0.0,0.0,ST/LW,Striker
1,0,0.96,1.35,3,1,3,0,793,901,26,55,89,12,0,187,8,0,10,1123,28,0,12,68,15,1,1,8,0,3,0,0,0,1398,32,39182,Dani Parejo,dani-parejo,Villarreal,2819,La Liga,Midfielder,2025/26,0.0644,0.0,0.0618,0.0869,0.1931,0.0644,0.1931,0.0,51.0515,58.0043,1.6738,3.5408,5.7296,0.7725,0.0,12.0386,0.515,0.0,0.6438,72.2961,1.8026,0.0,0.7725,4.3777,0.9657,0.0644,0.0644,0.515,0.0,0.1931,0.0,0.0,0.0,MC,Central Mid
13,6,11.42,2.49,65,32,7,19,302,400,28,15,23,4,0,133,32,0,30,779,4,0,5,40,6,11,0,10,0,1,0,0,0,2117,32,1009372,Georges Mikautadze,georges-mikautadze,Villarreal,2819,La Liga,Forward,2025/26,0.5527,0.2551,0.4855,0.1059,2.7633,1.3604,0.2976,0.8077,12.8389,17.0052,1.1904,0.6377,0.9778,0.1701,0.0,5.6542,1.3604,0.0,1.2754,33.1176,0.1701,0.0,0.2126,1.7005,0.2551,0.4676,0.0,0.4251,0.0,0.0425,0.0,0.0,0.0,ST,Striker
10,0,6.3,2.27,39,16,4,3,450,568,23,37,55,2,0,167,17,0,18,794,8,0,4,41,17,12,0,19,0,0,0,1,0,1350,22,146866,Gerard Moreno,gerard-moreno,Villarreal,2819,La Liga,Forward,2025/26,0.6667,0.0,0.42,0.1513,2.6,1.0667,0.2667,0.2,30.0,37.8667,1.5333,2.4667,3.6667,0.1333,0.0,11.1333,1.1333,0.0,1.2,52.9333,0.5333,0.0,0.2667,2.7333,1.1333,0.8,0.0,1.2667,0.0,0.0,0.0,0.0667,0.0,ST,Striker
0,0,0.12,0.18,2,0,0,0,507,565,0,31,59,1,0,45,3,0,1,692,13,0,16,46,56,1,0,9,0,2,0,0,0,936,13,873189,Juan Foyth,juan-foyth,Villarreal,2819,La Liga,Defender,2025/26,0.0,0.0,0.0115,0.0173,0.1923,0.0,0.0,0.0,48.75,54.3269,0.0,2.9808,5.6731,0.0962,0.0,4.3269,0.2885,0.0,0.0962,66.5385,1.25,0.0,1.5385,4.4231,5.3846,0.0962,0.0,0.8654,0.0,0.1923,0.0,0.0,0.0,DR/DC,Full-Back
8,8,8.26,6.38,63,25,13,7,726,881,57,18,35,24,0,334,59,0,43,1480,21,0,16,110,24,20,0,18,0,4,0,3,0,2396,36,593526,Nicolas Pépé,nicolas-pepe,Villarreal,2819,La Liga,Forward,2025/26,0.3005,0.3005,0.3103,0.2396,2.3664,0.9391,0.4883,0.2629,27.2705,33.0927,2.1411,0.6761,1.3147,0.9015,0.0,12.5459,2.2162,0.0,1.6152,55.5927,0.7888,0.0,0.601,4.1319,0.9015,0.7513,0.0,0.6761,0.0,0.1503,0.0,0.1127,0.0,MR/ST/RW,Winger
5,2,3.96,2.81,47,13,3,4,869,1079,24,88,169,5,0,249,15,0,21,1495,23,0,34,111,59,10,2,24,0,8,0,0,1,2143,30,879694,Pape Gueye,pape-gueye,Villarreal,2819,La Liga,Midfielder,2025/26,0.21,0.084,0.1663,0.118,1.9739,0.546,0.126,0.168,36.4956,45.315,1.0079,3.6958,7.0975,0.21,0.0,10.4573,0.63,0.0,0.8819,62.7858,0.9659,0.0,1.4279,4.6617,2.4778,0.42,0.084,1.0079,0.0,0.336,0.0,0.0,0.042,MC,Central Mid
0,0,0.07,0.18,2,2,1,0,860,973,4,34,85,1,0,63,7,0,3,1335,35,0,18,59,108,0,1,26,0,4,0,0,0,1924,23,1525863,Pau Navarro,pau-navarro,Villarreal,2819,La Liga,Defender,2025/26,0.0,0.0,0.0033,0.0084,0.0936,0.0936,0.0468,0.0,40.2287,45.5146,0.1871,1.5904,3.9761,0.0468,0.0,2.947,0.3274,0.0,0.1403,62.448,1.6372,0.0,0.842,2.7599,5.052,0.0,0.0468,1.2162,0.0,0.1871,0.0,0.0,0.0,DC/DR,Centre-Back
1,0,0.37,0.65,5,1,2,0,980,1086,7,73,128,0,0,94,2,0,0,1371,22,0,18,62,141,0,0,40,0,1,0,0,1,1980,23,984623,Rafa Marín,rafa-marin,Villarreal,2819,La Liga,Defender,2025/26,0.0455,0.0,0.0168,0.0295,0.2273,0.0455,0.0909,0.0,44.5455,49.3636,0.3182,3.3182,5.8182,0.0,0.0,4.2727,0.0909,0.0,0.0,62.3182,1.0,0.0,0.8182,2.8182,6.4091,0.0,0.0,1.8182,0.0,0.0455,0.0,0.0,0.0455,DC,Centre-Back
0,0,0.28,0.33,9,3,0,0,1365,1544,3,89,188,0,0,132,0,0,2,1878,9,0,23,87,156,3,0,49,0,5,1,0,1,2485,32,1087359,Renato Veiga,renato-veiga,Villarreal,2819,La Liga,Defender,2025/26,0.0,0.0,0.0101,0.012,0.326,0.1087,0.0,0.0,49.4366,55.9195,0.1087,3.2233,6.8089,0.0,0.0,4.7807,0.0,0.0,0.0724,68.0161,0.326,0.0,0.833,3.1509,5.6499,0.1087,0.0,1.7746,0.0,0.1811,0.0362,0.0,0.0362,DC,Centre-Back
3,6,4.17,3.5,27,7,3,4,1006,1209,27,42,80,2,0,274,11,0,27,1612,23,0,28,133,54,6,0,35,0,5,1,0,1,2413,34,843678,Santi Comesaña,santi-comesana,Villarreal,2819,La Liga,Midfielder,2025/26,0.1119,0.2238,0.1555,0.1305,1.007,0.2611,0.1119,0.1492,37.5218,45.0932,1.007,1.5665,2.9838,0.0746,0.0,10.2196,0.4103,0.0,1.007,60.1243,0.8579,0.0,1.0443,4.9606,2.0141,0.2238,0.0,1.3054,0.0,0.1865,0.0373,0.0,0.0373,MC,Central Mid
1,2,1.08,0.46,15,3,1,0,1039,1236,8,40,101,0,0,162,14,0,7,1954,66,0,29,142,127,4,0,38,0,9,1,0,0,2384,28,1468046,Santiago Mouriño,santiago-mourino,Villarreal,2819,La Liga,Defender,2025/26,0.0378,0.0755,0.0408,0.0174,0.5663,0.1133,0.0378,0.0,39.224,46.6611,0.302,1.5101,3.8129,0.0,0.0,6.1158,0.5285,0.0,0.2643,73.7668,2.4916,0.0,1.0948,5.3607,4.7945,0.151,0.0,1.4346,0.0,0.3398,0.0378,0.0,0.0,DR/DC,Full-Back
1,4,1.01,2.63,18,5,4,0,603,739,21,21,57,20,0,159,4,0,8,1322,31,0,36,73,58,2,1,20,0,4,0,0,0,1969,31,986245,Sergi Cardona,sergi-cardona,Villarreal,2819,La Liga,Defender,2025/26,0.0457,0.1828,0.0462,0.1202,0.8228,0.2285,0.1828,0.0,27.5622,33.7786,0.9599,0.9599,2.6054,0.9142,0.0,7.2676,0.1828,0.0,0.3657,60.4266,1.417,0.0,1.6455,3.3367,2.6511,0.0914,0.0457,0.9142,0.0,0.1828,0.0,0.0,0.0,DL,Full-Back
7,1,2.06,2.03,27,11,5,2,379,466,17,10,27,4,0,150,21,0,28,883,19,0,21,108,16,6,0,3,0,8,0,0,0,1835,34,973290,Tajon Buchanan,tajon-buchanan,Villarreal,2819,La Liga,Midfielder,2025/26,0.3433,0.049,0.101,0.0996,1.3243,0.5395,0.2452,0.0981,18.5886,22.8556,0.8338,0.4905,1.3243,0.1962,0.0,7.3569,1.03,0.0,1.3733,43.3079,0.9319,0.0,1.03,5.297,0.7847,0.2943,0.0,0.1471,0.0,0.3924,0.0,0.0,0.0,MR,Winger
2,2,3.38,0.48,16,7,3,6,71,112,6,4,5,2,0,32,9,0,21,272,5,0,1,17,8,3,1,22,0,1,0,0,0,922,27,1172477,Tani Oluwaseyi,oluwaseyi-tani,Villarreal,2819,La Liga,Forward,2025/26,0.1952,0.1952,0.3299,0.0469,1.5618,0.6833,0.2928,0.5857,6.9306,10.9328,0.5857,0.3905,0.4881,0.1952,0.0,3.1236,0.8785,0.0,2.0499,26.551,0.4881,0.0,0.0976,1.6594,0.7809,0.2928,0.0976,2.1475,0.0,0.0976,0.0,0.0,0.0,ST,Striker
0,0,0.7,0.44,11,2,0,0,473,547,8,22,39,3,0,104,8,0,13,697,6,0,14,55,18,3,2,14,0,1,0,0,1,930,25,316148,Thomas Partey,thomas-partey,Villarreal,2819,La Liga,Midfielder,2025/26,0.0,0.0,0.0677,0.0426,1.0645,0.1935,0.0,0.0,45.7742,52.9355,0.7742,2.129,3.7742,0.2903,0.0,10.0645,0.7742,0.0,1.2581,67.4516,0.5806,0.0,1.3548,5.3226,1.7419,0.2903,0.1935,1.3548,0.0,0.0968,0.0,0.0,0.0968,MC,Central Mid
2,2,2.42,2.29,27,9,2,4,1160,1274,21,28,44,10,0,476,8,0,15,1600,13,0,11,70,12,7,0,4,0,3,1,0,0,1374,18,814594,Achraf Hakimi,achraf-hakimi,Paris Saint-Germain,1644,Ligue 1,Defender,2025/26,0.131,0.131,0.1585,0.15,1.7686,0.5895,0.131,0.262,75.9825,83.4498,1.3755,1.8341,2.8821,0.655,0.0,31.179,0.524,0.0,0.9825,104.8035,0.8515,0.0,0.7205,4.5852,0.786,0.4585,0.0,0.262,0.0,0.1965,0.0655,0.0,0.0,DR,Full-Back
11,1,10.83,4.5,67,31,11,15,602,721,38,12,14,5,0,312,36,0,23,1095,17,0,12,59,6,17,0,10,0,2,0,1,0,1750,29,996952,Bradley Barcola,barcola-bradley,Paris Saint-Germain,1644,Ligue 1,Forward,2025/26,0.5657,0.0514,0.557,0.2314,3.4457,1.5943,0.5657,0.7714,30.96,37.08,1.9543,0.6171,0.72,0.2571,0.0,16.0457,1.8514,0.0,1.1829,56.3143,0.8743,0.0,0.6171,3.0343,0.3086,0.8743,0.0,0.5143,0.0,0.1029,0.0,0.0514,0.0,LW,Winger
1,0,1.01,0.76,9,3,0,1,357,392,8,3,5,0,0,101,6,0,9,507,6,0,8,35,6,2,0,4,0,0,0,0,0,682,12,1926085,Dro Fernández,pedro-fernandez,Paris Saint-Germain,1644,Ligue 1,Midfielder,2025/26,0.132,0.0,0.1333,0.1003,1.1877,0.3959,0.0,0.132,47.1114,51.7302,1.0557,0.3959,0.6598,0.0,0.0,13.3284,0.7918,0.0,1.1877,66.9062,0.7918,0.0,1.0557,4.6188,0.7918,0.2639,0.0,0.5279,0.0,0.0,0.0,0.0,0.0,AM,Attacking Mid
7,4,7.92,3.04,55,19,5,8,729,849,29,19,36,13,0,295,32,0,26,1264,19,0,12,65,5,16,1,1,0,0,0,3,0,1356,23,1154605,Désiré Doué,desire-doue,Paris Saint-Germain,1644,Ligue 1,Forward,2025/26,0.4646,0.2655,0.5257,0.2018,3.6504,1.2611,0.3319,0.531,48.385,56.3496,1.9248,1.2611,2.3894,0.8628,0.0,19.5796,2.1239,0.0,1.7257,83.8938,1.2611,0.0,0.7965,4.3142,0.3319,1.0619,0.0664,0.0664,0.0,0.0,0.0,0.1991,0.0,RW/LW,Winger
1,4,1.37,2.13,19,4,3,3,1122,1212,19,62,83,1,0,373,2,0,6,1379,9,0,14,49,7,6,0,2,0,2,0,0,0,1129,20,784655,Fabián Ruiz,fabian-ruiz,Paris Saint-Germain,1644,Ligue 1,Midfielder,2025/26,0.0797,0.3189,0.1092,0.1698,1.5146,0.3189,0.2391,0.2391,89.442,96.6165,1.5146,4.9424,6.6165,0.0797,0.0,29.7343,0.1594,0.0,0.4783,109.9291,0.7174,0.0,1.116,3.9061,0.558,0.4783,0.0,0.1594,0.0,0.1594,0.0,0.0,0.0,MC,Central Mid
6,1,9.0,1.43,58,25,2,14,283,340,17,2,3,1,0,99,17,0,14,572,12,0,5,30,10,13,0,21,0,2,1,0,0,1320,30,934510,Gonçalo Ramos,goncalo-ramos,Paris Saint-Germain,1644,Ligue 1,Forward,2025/26,0.4091,0.0682,0.6136,0.0975,3.9545,1.7045,0.1364,0.9545,19.2955,23.1818,1.1591,0.1364,0.2045,0.0682,0.0,6.75,1.1591,0.0,0.9545,39.0,0.8182,0.0,0.3409,2.0455,0.6818,0.8864,0.0,1.4318,0.0,0.1364,0.0682,0.0,0.0,ST,Striker
3,2,3.28,2.13,24,10,2,4,493,570,20,5,7,2,0,218,21,0,17,802,8,0,5,41,4,6,0,5,0,0,0,0,0,997,24,1590918,Ibrahim Mbaye,ibrahim-mbaye,Paris Saint-Germain,1644,Ligue 1,Forward,2025/26,0.2708,0.1805,0.2961,0.1923,2.1665,0.9027,0.1805,0.3611,44.5035,51.4544,1.8054,0.4514,0.6319,0.1805,0.0,19.679,1.8957,0.0,1.5346,72.3972,0.7222,0.0,0.4514,3.7011,0.3611,0.5416,0.0,0.4514,0.0,0.0,0.0,0.0,0.0,RW,Winger
1,0,0.5,0.46,4,3,0,1,2091,2212,4,83,127,0,0,247,3,0,2,2470,21,0,20,119,89,1,0,34,0,6,0,0,1,2387,28,1023567,Ilya Zabarnyi,illia-zabarnyi,Paris Saint-Germain,1644,Ligue 1,Defender,2025/26,0.0377,0.0,0.0189,0.0173,0.1508,0.1131,0.0,0.0377,78.8395,83.4018,0.1508,3.1295,4.7884,0.0,0.0,9.3129,0.1131,0.0,0.0754,93.1295,0.7918,0.0,0.7541,4.4868,3.3557,0.0377,0.0,1.2819,0.0,0.2262,0.0,0.0,0.0377,DC,Centre-Back
5,1,2.8,2.08,27,6,4,1,950,1039,14,36,56,2,0,237,8,0,6,1254,15,0,7,75,6,8,0,14,0,0,0,1,0,1287,21,1190933,João Neves,joao-neves,Paris Saint-Germain,1644,Ligue 1,Midfielder,2025/26,0.3497,0.0699,0.1958,0.1455,1.8881,0.4196,0.2797,0.0699,66.4336,72.6573,0.979,2.5175,3.9161,0.1399,0.0,16.5734,0.5594,0.0,0.4196,87.6923,1.049,0.0,0.4895,5.2448,0.4196,0.5594,0.0,0.979,0.0,0.0,0.0,0.0699,0.0,MC,Central Mid
3,4,2.66,5.5,37,15,12,1,951,1044,60,57,89,45,0,420,28,0,21,1399,9,0,3,63,7,10,2,7,0,3,0,0,1,1522,27,917087,Kang-in Lee,kang-in-lee,Paris Saint-Germain,1644,Ligue 1,Midfielder,2025/26,0.1774,0.2365,0.1573,0.3252,2.1879,0.887,0.7096,0.0591,56.2352,61.7346,3.548,3.3706,5.2628,2.661,0.0,24.8357,1.6557,0.0,1.2418,82.7267,0.5322,0.0,0.1774,3.7254,0.4139,0.5913,0.1183,0.4139,0.0,0.1774,0.0,0.0,0.0591,RW/MC,Winger
8,4,7.91,4.74,65,29,9,7,784,892,34,25,43,10,0,317,44,0,22,1278,12,0,11,55,4,17,0,7,0,1,0,0,0,1483,28,889259,Khvicha Kvaratskhelia,khvicha-kvaratskhelia,Paris Saint-Germain,1644,Ligue 1,Forward,2025/26,0.4855,0.2428,0.48,0.2877,3.9447,1.7599,0.5462,0.4248,47.5792,54.1335,2.0634,1.5172,2.6096,0.6069,0.0,19.238,2.6703,0.0,1.3351,77.559,0.7283,0.0,0.6676,3.3378,0.2428,1.0317,0.0,0.4248,0.0,0.0607,0.0,0.0,0.0,LW,Winger
2,1,1.66,1.2,14,4,3,0,1337,1430,14,45,76,0,0,200,0,0,5,1641,18,0,21,84,65,3,0,35,0,2,0,0,0,1570,20,1108441,Lucas Beraldo,lucas-beraldo,Paris Saint-Germain,1644,Ligue 1,Defender,2025/26,0.1146,0.0573,0.0952,0.0688,0.8025,0.2293,0.172,0.0,76.6433,81.9745,0.8025,2.5796,4.3567,0.0,0.0,11.465,0.0,0.0,0.2866,94.0701,1.0318,0.0,1.2038,4.8153,3.7261,0.172,0.0,2.0064,0.0,0.1146,0.0,0.0,0.0,DC,Centre-Back
0,3,0.52,0.75,11,3,1,1,1502,1636,15,34,77,2,0,290,3,0,6,1986,14,0,19,82,44,3,0,28,0,4,0,1,0,1751,25,352370,Lucas Hernández,lucas-hernandez,Paris Saint-Germain,1644,Ligue 1,Defender,2025/26,0.0,0.1542,0.0267,0.0385,0.5654,0.1542,0.0514,0.0514,77.2016,84.0891,0.771,1.7476,3.9577,0.1028,0.0,14.9058,0.1542,0.0,0.3084,102.0788,0.7196,0.0,0.9766,4.2147,2.2616,0.1542,0.0,1.4392,0.0,0.2056,0.0,0.0514,0.0,DL/DC,Full-Back
0,0,0.14,0.45,3,0,0,0,892,938,2,58,83,0,0,149,2,0,2,1042,12,0,8,43,35,2,0,22,0,0,0,0,1,1049,14,155995,Marquinhos,marquinhos,Paris Saint-Germain,1644,Ligue 1,Defender,2025/26,0.0,0.0,0.012,0.0386,0.2574,0.0,0.0,0.0,76.53,80.4766,0.1716,4.9762,7.1211,0.0,0.0,12.7836,0.1716,0.0,0.1716,89.3994,1.0296,0.0,0.6864,3.6892,3.0029,0.1716,0.0,1.8875,0.0,0.0,0.0,0.0,0.0858,DC,Centre-Back
4,5,4.33,3.63,30,15,11,3,856,957,30,51,79,15,0,273,25,0,13,1353,19,0,13,82,18,7,0,8,0,1,0,0,1,1251,20,989768,Nuno Mendes,nuno-mendes,Paris Saint-Germain,1644,Ligue 1,Defender,2025/26,0.2878,0.3597,0.3115,0.2612,2.1583,1.0791,0.7914,0.2158,61.5827,68.8489,2.1583,3.6691,5.6835,1.0791,0.0,19.6403,1.7986,0.0,0.9353,97.3381,1.3669,0.0,0.9353,5.8993,1.295,0.5036,0.0,0.5755,0.0,0.0719,0.0,0.0,0.0719,DL,Full-Back
10,7,6.6,4.5,45,18,9,4,619,745,41,30,38,12,0,332,24,0,12,940,3,0,0,25,3,7,0,2,0,0,0,0,0,1062,22,818244,Ousmane Dembélé,ousmane-dembele,Paris Saint-Germain,1644,Ligue 1,Forward,2025/26,0.8475,0.5932,0.5593,0.3814,3.8136,1.5254,0.7627,0.339,52.4576,63.1356,3.4746,2.5424,3.2203,1.0169,0.0,28.1356,2.0339,0.0,1.0169,79.661,0.2542,0.0,0.0,2.1186,0.2542,0.5932,0.0,0.1695,0.0,0.0,0.0,0.0,0.0,ST/RW,Striker
1,1,1.49,0.35,9,3,0,2,167,198,5,4,4,0,0,60,6,0,1,252,1,0,2,13,2,2,0,0,0,1,0,0,0,354,10,1861665,Quentin Ndjantou,quentin-ndjantou,Paris Saint-Germain,1644,Ligue 1,Forward,2025/26,0.2542,0.2542,0.3788,0.089,2.2881,0.7627,0.0,0.5085,42.4576,50.339,1.2712,1.0169,1.0169,0.0,0.0,15.2542,1.5254,0.0,0.2542,64.0678,0.2542,0.0,0.5085,3.3051,0.5085,0.5085,0.0,0.0,0.0,0.2542,0.0,0.0,0.0,MC,Central Mid
4,4,4.09,3.08,35,11,7,6,684,767,39,21,30,8,0,252,16,0,26,1132,29,0,11,82,5,6,0,8,0,3,0,0,0,1681,26,1473491,Senny Mayulu,mayulu-senny,Paris Saint-Germain,1644,Ligue 1,Midfielder,2025/26,0.2142,0.2142,0.219,0.1649,1.8739,0.5889,0.3748,0.3212,36.6211,41.0648,2.088,1.1243,1.6062,0.4283,0.0,13.492,0.8566,0.0,1.392,60.6068,1.5526,0.0,0.5889,4.3902,0.2677,0.3212,0.0,0.4283,0.0,0.1606,0.0,0.0,0.0,MC,Central Mid
1,7,1.06,3.74,34,10,8,0,2572,2743,34,174,231,7,0,629,13,0,10,2997,18,0,27,137,22,10,0,4,0,2,0,0,0,2121,29,902029,Vitinha,vitinha,Paris Saint-Germain,1644,Ligue 1,Midfielder,2025/26,0.0424,0.297,0.045,0.1587,1.4427,0.4243,0.3395,0.0,109.1372,116.3932,1.4427,7.3833,9.802,0.297,0.0,26.6902,0.5516,0.0,0.4243,127.1711,0.7638,0.0,1.1457,5.8133,0.9335,0.4243,0.0,0.1697,0.0,0.0849,0.0,0.0,0.0,MC,Central Mid
3,4,1.22,3.5,19,7,8,1,1929,2059,42,42,62,2,0,566,30,0,32,2485,29,0,12,149,22,7,1,17,0,3,0,0,0,2453,32,1142672,Warren Zaïre-Emery,warren-zaire-emery,Paris Saint-Germain,1644,Ligue 1,Midfielder,2025/26,0.1101,0.1468,0.0448,0.1284,0.6971,0.2568,0.2935,0.0367,70.7746,75.5442,1.541,1.541,2.2748,0.0734,0.0,20.7664,1.1007,0.0,1.1741,91.1741,1.064,0.0,0.4403,5.4668,0.8072,0.2568,0.0367,0.6237,0.0,0.1101,0.0,0.0,0.0,MC/DR,Central Mid
0,0,1.0,0.46,8,1,0,1,1609,1693,2,34,63,0,0,76,1,0,5,1923,26,0,24,110,66,2,0,36,0,0,0,0,0,1915,23,979480,Willian Pacho,willian-pacho,Paris Saint-Germain,1644,Ligue 1,Defender,2025/26,0.0,0.0,0.047,0.0216,0.376,0.047,0.0,0.047,75.6188,79.5666,0.094,1.5979,2.9608,0.0,0.0,3.5718,0.047,0.0,0.235,90.376,1.2219,0.0,1.1279,5.1697,3.1018,0.094,0.0,1.6919,0.0,0.0,0.0,0.0,0.0,DC,Centre-Back
0,1,0.46,0.68,5,1,3,0,289,354,8,10,31,3,0,116,3,0,2,546,9,0,9,28,25,1,0,12,0,0,0,0,0,713,12,846036,Ben White,ben-white,Arsenal,42,Premier League,Defender,2025/26,0.0,0.1262,0.0581,0.0858,0.6311,0.1262,0.3787,0.0,36.4797,44.6844,1.0098,1.2623,3.913,0.3787,0.0,14.6424,0.3787,0.0,0.2525,68.9201,1.136,0.0,1.136,3.5344,3.1557,0.1262,0.0,1.5147,0.0,0.0,0.0,0.0,0.0,DR,Full-Back
7,5,7.55,7.16,71,27,12,8,593,773,63,14,39,40,0,341,50,0,32,1382,21,0,16,117,11,24,0,22,0,2,0,0,0,2225,31,934235,Bukayo Saka,bukayo-saka,Arsenal,42,Premier League,Forward,2025/26,0.2831,0.2022,0.3054,0.2896,2.8719,1.0921,0.4854,0.3236,23.9865,31.2674,2.5483,0.5663,1.5775,1.618,0.0,13.7933,2.0225,0.0,1.2944,55.9011,0.8494,0.0,0.6472,4.7326,0.4449,0.9708,0.0,0.8899,0.0,0.0809,0.0,0.0,0.0,RW,Winger
0,0,0.1,0.63,1,0,0,0,578,633,5,11,27,1,0,106,1,0,8,819,19,0,8,34,47,0,0,20,0,4,0,0,0,1003,20,1144630,Cristhian Mosquera,cristhian-mosquera,Arsenal,42,Premier League,Defender,2025/26,0.0,0.0,0.009,0.0565,0.0897,0.0,0.0,0.0,51.8644,56.7996,0.4487,0.987,2.4227,0.0897,0.0,9.5115,0.0897,0.0,0.7178,73.4895,1.7049,0.0,0.7178,3.0508,4.2173,0.0,0.0,1.7946,0.0,0.3589,0.0,0.0,0.0,DC,Centre-Back
4,5,3.17,6.96,40,13,17,3,1865,2136,64,88,183,47,0,534,14,0,18,2769,35,0,37,180,78,13,1,50,0,3,0,0,0,3099,36,856714,Declan Rice,declan-rice,Arsenal,42,Premier League,Midfielder,2025/26,0.1162,0.1452,0.0921,0.2021,1.1617,0.3775,0.4937,0.0871,54.1626,62.0329,1.8587,2.5557,5.3146,1.365,0.0,15.5082,0.4066,0.0,0.5227,80.4163,1.0165,0.0,1.0745,5.2275,2.2652,0.3775,0.029,1.4521,0.0,0.0871,0.0,0.0,0.0,MC/DM,Central Mid
7,2,5.05,2.66,63,20,4,2,565,666,16,16,38,2,0,228,29,0,24,973,14,0,11,79,10,24,0,10,0,1,0,0,0,1900,33,864921,Eberechi Eze,eberechi-eze,Arsenal,42,Premier League,Midfielder,2025/26,0.3316,0.0947,0.2392,0.126,2.9842,0.9474,0.1895,0.0947,26.7632,31.5474,0.7579,0.7579,1.8,0.0947,0.0,10.8,1.3737,0.0,1.1368,46.0895,0.6632,0.0,0.5211,3.7421,0.4737,1.1368,0.0,0.4737,0.0,0.0474,0.0,0.0,0.0,AM,Attacking Mid
3,0,2.69,0.27,19,12,0,6,83,108,3,0,2,0,0,40,8,0,11,214,0,0,3,19,5,3,0,10,0,3,0,0,0,421,14,794839,Gabriel Jesus,gabriel-jesus,Arsenal,42,Premier League,Forward,2025/26,0.6413,0.0,0.5751,0.0577,4.0618,2.5653,0.0,1.2827,17.7435,23.0879,0.6413,0.0,0.4276,0.0,0.0,8.5511,1.7102,0.0,2.3515,45.7482,0.0,0.0,0.6413,4.0618,1.0689,0.6413,0.0,2.1378,0.0,0.6413,0.0,0.0,0.0,ST,Striker
3,4,2.93,1.82,27,7,5,4,1528,1733,7,78,175,1,0,205,1,0,4,2158,20,0,23,64,182,10,1,99,0,4,0,0,0,2751,32,869792,Gabriel Magalhães,gabriel-magalhaes,Arsenal,42,Premier League,Defender,2025/26,0.0981,0.1309,0.0959,0.0595,0.8833,0.229,0.1636,0.1309,49.9891,56.6957,0.229,2.5518,5.7252,0.0327,0.0,6.7067,0.0327,0.0,0.1309,70.5998,0.6543,0.0,0.7525,2.0938,5.9542,0.3272,0.0327,3.2388,0.0,0.1309,0.0,0.0,0.0,DC,Centre-Back
1,4,3.99,1.26,29,13,4,7,189,261,13,4,15,9,0,86,22,0,26,520,8,0,1,52,10,7,0,8,0,3,0,0,0,1079,30,922573,Gabriel Martinelli,gabriel-martinelli,Arsenal,42,Premier League,Forward,2025/26,0.0834,0.3336,0.3328,0.1051,2.4189,1.0843,0.3336,0.5839,15.7646,21.7702,1.0843,0.3336,1.2512,0.7507,0.0,7.1733,1.835,0.0,2.1687,43.3735,0.6673,0.0,0.0834,4.3373,0.8341,0.5839,0.0,0.6673,0.0,0.2502,0.0,0.0,0.0,LW,Winger
3,5,4.77,1.61,25,7,4,7,925,1085,27,20,52,6,0,344,13,0,25,1656,37,0,24,97,53,3,0,40,0,5,0,1,0,2457,30,958959,Jurriën Timber,jurrien-timber,Arsenal,42,Premier League,Defender,2025/26,0.1099,0.1832,0.1747,0.059,0.9158,0.2564,0.1465,0.2564,33.8828,39.7436,0.989,0.7326,1.9048,0.2198,0.0,12.6007,0.4762,0.0,0.9158,60.6593,1.3553,0.0,0.8791,3.5531,1.9414,0.1099,0.0,1.4652,0.0,0.1832,0.0,0.0366,0.0,DR,Full-Back
2,3,3.31,0.66,18,4,2,6,123,166,11,1,3,0,0,63,3,0,8,270,5,0,1,14,8,6,0,17,0,1,0,0,0,583,12,836705,Kai Havertz,kai-havertz,Arsenal,42,Premier League,Forward,2025/26,0.3087,0.4631,0.511,0.1019,2.7787,0.6175,0.3087,0.9262,18.988,25.6261,1.6981,0.1544,0.4631,0.0,0.0,9.7256,0.4631,0.0,1.235,41.681,0.7719,0.0,0.1544,2.1612,1.235,0.9262,0.0,2.6244,0.0,0.1544,0.0,0.0,0.0,ST,Striker
6,6,5.48,3.56,53,15,8,8,583,757,36,31,74,14,0,281,25,0,39,1194,17,0,9,80,14,18,0,6,0,2,0,0,0,2006,31,135666,Leandro Trossard,leandro-trossard,Arsenal,42,Premier League,Forward,2025/26,0.2692,0.2692,0.2459,0.1597,2.3779,0.673,0.3589,0.3589,26.1565,33.9631,1.6152,1.3908,3.32,0.6281,0.0,12.6072,1.1216,0.0,1.7498,53.5693,0.7627,0.0,0.4038,3.5892,0.6281,0.8076,0.0,0.2692,0.0,0.0897,0.0,0.0,0.0,LW,Winger
1,6,1.23,3.67,22,8,6,0,701,828,40,38,74,6,0,305,9,0,13,999,8,0,7,70,6,5,0,3,0,0,0,0,0,1370,24,547410,Martin Ødegaard,martin-degaard,Arsenal,42,Premier League,Midfielder,2025/26,0.0657,0.3942,0.0808,0.2411,1.4453,0.5255,0.3942,0.0,46.0511,54.3942,2.6277,2.4964,4.8613,0.3942,0.0,20.0365,0.5912,0.0,0.854,65.6277,0.5255,0.0,0.4599,4.5985,0.3942,0.3285,0.0,0.1971,0.0,0.0,0.0,0.0,0.0,MC,Central Mid
5,1,2.85,2.26,27,9,1,2,1684,1928,19,53,113,3,0,414,7,0,10,2331,38,0,39,116,78,8,2,65,0,4,0,0,0,3001,38,966837,Martín Zubimendi,martin-zubimendi,Arsenal,42,Premier League,Midfielder,2025/26,0.15,0.03,0.0855,0.0678,0.8097,0.2699,0.03,0.06,50.5032,57.8207,0.5698,1.5895,3.3889,0.09,0.0,12.4159,0.2099,0.0,0.2999,69.9067,1.1396,0.0,1.1696,3.4788,2.3392,0.2399,0.06,1.9494,0.0,0.12,0.0,0.0,0.0,MC/DM,Central Mid
4,3,3.38,1.46,22,8,4,5,281,370,12,8,23,0,0,97,5,0,17,556,13,0,10,57,19,6,0,28,0,1,0,0,0,1035,22,592010,Mikel Merino,mikel-merino,Arsenal,42,Premier League,Midfielder,2025/26,0.3478,0.2609,0.2939,0.127,1.913,0.6957,0.3478,0.4348,24.4348,32.1739,1.0435,0.6957,2.0,0.0,0.0,8.4348,0.4348,0.0,1.4783,48.3478,1.1304,0.0,0.8696,4.9565,1.6522,0.5217,0.0,2.4348,0.0,0.087,0.0,0.0,0.0,MC,Central Mid
0,0,0.11,0.2,2,0,0,0,350,382,4,9,16,0,0,80,8,0,7,506,5,0,5,30,11,1,0,6,0,3,0,0,0,722,20,1423711,Myles Lewis-Skelly,lewis-skelly-myles,Arsenal,42,Premier League,Defender,2025/26,0.0,0.0,0.0137,0.0249,0.2493,0.0,0.0,0.0,43.6288,47.6177,0.4986,1.1219,1.9945,0.0,0.0,9.9723,0.9972,0.0,0.8726,63.0748,0.6233,0.0,0.6233,3.7396,1.3712,0.1247,0.0,0.7479,0.0,0.374,0.0,0.0,0.0,DL/MC/DM,Full-Back
3,1,1.22,2.83,26,10,7,2,313,411,22,11,20,16,0,171,29,0,17,735,10,0,5,35,8,10,0,10,0,0,0,0,0,1226,26,966547,Noni Madueke,noni-madueke,Arsenal,42,Premier League,Forward,2025/26,0.2202,0.0734,0.0896,0.2077,1.9086,0.7341,0.5139,0.1468,22.9772,30.1713,1.615,0.8075,1.4682,1.1746,0.0,12.553,2.1289,0.0,1.248,53.956,0.7341,0.0,0.367,2.5693,0.5873,0.7341,0.0,0.7341,0.0,0.0,0.0,0.0,0.0,RW,Winger
1,2,0.36,1.63,3,2,2,0,744,837,13,22,65,4,0,169,7,0,5,1253,27,0,26,63,88,1,0,32,0,2,0,0,0,1792,25,1002837,Piero Hincapié,piero-hincapie,Arsenal,42,Premier League,Defender,2025/26,0.0502,0.1004,0.0181,0.0819,0.1507,0.1004,0.1004,0.0,37.3661,42.0368,0.6529,1.1049,3.2645,0.2009,0.0,8.4877,0.3516,0.0,0.2511,62.9297,1.356,0.0,1.3058,3.1641,4.4196,0.0502,0.0,1.6071,0.0,0.1004,0.0,0.0,0.0,DL/DC,Full-Back
1,2,3.34,0.76,32,8,0,3,647,756,9,20,42,3,0,194,16,0,10,1160,19,0,15,73,50,10,0,48,0,5,0,0,0,1707,26,957602,Riccardo Calafiori,riccardo-calafiori,Arsenal,42,Premier League,Defender,2025/26,0.0527,0.1054,0.1761,0.0401,1.6872,0.4218,0.0,0.1582,34.1125,39.8594,0.4745,1.0545,2.2144,0.1582,0.0,10.2285,0.8436,0.0,0.5272,61.1599,1.0018,0.0,0.7909,3.8489,2.6362,0.5272,0.0,2.5308,0.0,0.2636,0.0,0.0,0.0,DL/DC,Full-Back
14,1,12.4,1.94,55,22,4,13,199,319,20,1,3,3,0,119,7,0,25,652,5,0,1,55,19,14,0,30,0,5,0,0,0,2254,36,804508,Viktor Gyökeres,viktor-gyokeres,Arsenal,42,Premier League,Forward,2025/26,0.559,0.0399,0.4951,0.0775,2.1961,0.8784,0.1597,0.5191,7.9459,12.7374,0.7986,0.0399,0.1198,0.1198,0.0,4.7516,0.2795,0.0,0.9982,26.0337,0.1996,0.0,0.0399,2.1961,0.7587,0.559,0.0,1.1979,0.0,0.1996,0.0,0.0,0.0,ST,Striker
1,0,0.86,1.42,5,1,1,2,1954,2104,10,59,116,4,0,258,7,0,9,2412,22,0,17,113,133,1,0,73,0,2,0,0,0,2615,31,941168,William Saliba,william-saliba,Arsenal,42,Premier League,Defender,2025/26,0.0344,0.0,0.0296,0.0489,0.1721,0.0344,0.0344,0.0688,67.2505,72.413,0.3442,2.0306,3.9924,0.1377,0.0,8.8795,0.2409,0.0,0.3098,83.0134,0.7572,0.0,0.5851,3.8891,4.5774,0.0344,0.0,2.5124,0.0,0.0688,0.0,0.0,0.0,DC,Centre-Back
2,0,1.71,0.7,19,7,0,4,742,849,7,42,65,0,0,139,7,0,10,1149,30,0,25,72,59,4,1,45,0,3,0,0,0,1776,25,923973,Amadou Onana,amadou-onana,Aston Villa,40,Premier League,Midfielder,2025/26,0.1014,0.0,0.0867,0.0355,0.9628,0.3547,0.0,0.2027,37.6014,43.0236,0.3547,2.1284,3.2939,0.0,0.0,7.0439,0.3547,0.0,0.5068,58.2264,1.5203,0.0,1.2669,3.6486,2.9899,0.2027,0.0507,2.2804,0.0,0.152,0.0,0.0,0.0,MC/DM,Central Mid
1,3,0.49,0.86,7,4,0,2,722,818,15,31,46,0,0,198,14,0,15,1048,17,0,18,65,20,3,0,36,0,5,0,0,0,1418,18,826204,Boubacar Kamara,boubacar-kamara,Aston Villa,40,Premier League,Midfielder,2025/26,0.0635,0.1904,0.0311,0.0546,0.4443,0.2539,0.0,0.1269,45.8251,51.9182,0.952,1.9676,2.9196,0.0,0.0,12.567,0.8886,0.0,0.952,66.5162,1.079,0.0,1.1425,4.1255,1.2694,0.1904,0.0,2.2849,0.0,0.3173,0.0,0.0,0.0,MC/DM,Central Mid
4,1,4.07,0.34,27,9,0,5,73,94,7,1,5,2,0,40,8,0,13,206,3,0,0,10,2,6,0,3,0,0,0,0,0,680,21,803039,Donyell Malen,donyell-malen,Aston Villa,40,Premier League,Forward,2025/26,0.5294,0.1324,0.5387,0.045,3.5735,1.1912,0.0,0.6618,9.6618,12.4412,0.9265,0.1324,0.6618,0.2647,0.0,5.2941,1.0588,0.0,1.7206,27.2647,0.3971,0.0,0.0,1.3235,0.2647,0.7941,0.0,0.3971,0.0,0.0,0.0,0.0,0.0,ST/RW,Striker
1,0,0.53,1.43,11,5,3,2,588,653,19,29,49,11,0,141,6,0,3,852,13,0,15,52,12,3,0,9,0,3,0,0,1,944,21,867887,Douglas Luiz,douglas-luiz,Aston Villa,40,Premier League,Midfielder,2025/26,0.0953,0.0,0.0505,0.1363,1.0487,0.4767,0.286,0.1907,56.0593,62.2564,1.8114,2.7648,4.6716,1.0487,0.0,13.4428,0.572,0.0,0.286,81.2288,1.2394,0.0,1.4301,4.9576,1.1441,0.286,0.0,0.8581,0.0,0.286,0.0,0.0,0.0953,MC/DM,Central Mid
6,2,3.42,2.29,49,13,5,2,536,658,30,24,39,0,0,224,9,0,35,1051,27,0,15,109,20,13,0,21,0,6,0,0,0,1784,36,783126,Emiliano Buendía,emiliano-buendia,Aston Villa,40,Premier League,Midfielder,2025/26,0.3027,0.1009,0.1725,0.1155,2.472,0.6558,0.2522,0.1009,27.0404,33.1951,1.5135,1.2108,1.9675,0.0,0.0,11.3004,0.454,0.0,1.7657,53.0213,1.3621,0.0,0.7567,5.4989,1.009,0.6558,0.0,1.0594,0.0,0.3027,0.0,0.0,0.0,LW/AM,Winger
0,0,1.25,0.58,11,2,1,1,2003,2098,5,61,100,1,0,177,8,0,6,2439,8,0,23,108,122,4,1,32,0,0,1,0,0,3036,34,827679,Ezri Konsa,ezri-konsa,Aston Villa,40,Premier League,Defender,2025/26,0.0,0.0,0.0371,0.0172,0.3261,0.0593,0.0296,0.0296,59.3775,62.1937,0.1482,1.8083,2.9644,0.0296,0.0,5.247,0.2372,0.0,0.1779,72.3024,0.2372,0.0,0.6818,3.2016,3.6166,0.1186,0.0296,0.9486,0.0,0.0,0.0296,0.0,0.0,DC,Centre-Back
0,1,1.3,2.41,20,5,5,1,615,715,26,25,37,12,0,206,21,0,23,1268,32,0,19,82,64,6,0,18,0,2,0,0,0,1615,30,976263,Ian Maatsen,ian-maatsen,Aston Villa,40,Premier League,Defender,2025/26,0.0,0.0557,0.0724,0.1343,1.1146,0.2786,0.2786,0.0557,34.2724,39.8452,1.4489,1.3932,2.0619,0.6687,0.0,11.4799,1.1703,0.0,1.2817,70.6625,1.7833,0.0,1.0588,4.5697,3.5666,0.3344,0.0,1.0031,0.0,0.1115,0.0,0.0,0.0,DL,Full-Back
0,2,0.58,1.94,10,3,3,1,316,378,21,2,3,3,0,169,16,0,9,527,3,0,2,26,9,6,1,3,0,0,0,0,0,891,23,851100,Jadon Sancho,jadon-sancho,Aston Villa,40,Premier League,Midfielder,2025/26,0.0,0.202,0.0586,0.196,1.0101,0.303,0.303,0.101,31.9192,38.1818,2.1212,0.202,0.303,0.303,0.0,17.0707,1.6162,0.0,0.9091,53.2323,0.303,0.0,0.202,2.6263,0.9091,0.6061,0.101,0.303,0.0,0.0,0.0,0.0,0.0,LW/RW,Winger
5,4,2.96,3.99,28,12,7,4,621,754,41,43,71,21,0,238,19,0,46,1175,17,0,12,89,15,7,0,11,0,5,0,0,0,2169,30,250223,John McGinn,john-mcginn,Aston Villa,40,Premier League,Midfielder,2025/26,0.2075,0.166,0.1228,0.1656,1.1618,0.4979,0.2905,0.166,25.7676,31.2863,1.7012,1.7842,2.9461,0.8714,0.0,9.8755,0.7884,0.0,1.9087,48.7552,0.7054,0.0,0.4979,3.6929,0.6224,0.2905,0.0,0.4564,0.0,0.2075,0.0,0.0,0.0,RW/AM,Winger
0,0,0.0,0.21,0,0,0,0,453,505,2,7,19,1,0,94,2,0,10,668,18,0,5,43,23,0,1,9,0,5,0,0,0,1104,28,1089388,Lamare Bogarde,lamare-bogarde,Aston Villa,40,Premier League,Midfielder,2025/26,0.0,0.0,0.0,0.0171,0.0,0.0,0.0,0.0,36.9293,41.1685,0.163,0.5707,1.5489,0.0815,0.0,7.663,0.163,0.0,0.8152,54.4565,1.4674,0.0,0.4076,3.5054,1.875,0.0,0.0815,0.7337,0.0,0.4076,0.0,0.0,0.0,MC/DM/DC,Central Mid
0,1,0.49,1.46,8,1,1,1,107,139,12,3,5,5,0,65,5,0,9,260,6,0,3,31,4,3,0,4,0,1,0,0,0,466,13,808590,Leon Bailey,leon-bailey,Aston Villa,40,Premier League,Forward,2025/26,0.0,0.1931,0.0946,0.282,1.5451,0.1931,0.1931,0.1931,20.6652,26.8455,2.3176,0.5794,0.9657,0.9657,0.0,12.5536,0.9657,0.0,1.7382,50.2146,1.1588,0.0,0.5794,5.9871,0.7725,0.5794,0.0,0.7725,0.0,0.1931,0.0,0.0,0.0,RW/MR,Winger
0,6,0.72,3.26,14,5,4,0,591,731,26,12,56,33,0,179,4,0,11,1226,28,0,15,63,61,6,2,35,0,3,0,0,0,1866,31,96538,Lucas Digne,lucas-digne,Aston Villa,40,Premier League,Defender,2025/26,0.0,0.2894,0.0347,0.1572,0.6752,0.2412,0.1929,0.0,28.5048,35.2572,1.254,0.5788,2.701,1.5916,0.0,8.6334,0.1929,0.0,0.5305,59.1318,1.3505,0.0,0.7235,3.0386,2.9421,0.2894,0.0965,1.6881,0.0,0.1447,0.0,0.0,0.0,DL,Full-Back
3,3,1.19,2.95,30,10,4,0,1191,1393,31,56,132,26,0,330,11,0,17,2167,32,0,22,88,84,8,2,32,0,9,0,0,0,3020,35,833956,Matty Cash,matty-cash,Aston Villa,40,Premier League,Defender,2025/26,0.0894,0.0894,0.0355,0.0879,0.894,0.298,0.1192,0.0,35.4934,41.5132,0.9238,1.6689,3.9338,0.7748,0.0,9.8344,0.3278,0.0,0.5066,64.5795,0.9536,0.0,0.6556,2.6225,2.5033,0.2384,0.0596,0.9536,0.0,0.2682,0.0,0.0,0.0,DR,Full-Back
10,6,6.78,4.3,84,32,13,4,797,1068,47,37,60,3,0,375,42,0,80,1805,23,0,13,139,32,26,0,26,0,7,0,0,1,3285,37,948261,Morgan Rogers,morgan-rogers,Aston Villa,40,Premier League,Midfielder,2025/26,0.274,0.1644,0.1858,0.1178,2.3014,0.8767,0.3562,0.1096,21.8356,29.2603,1.2877,1.0137,1.6438,0.0822,0.0,10.274,1.1507,0.0,2.1918,49.4521,0.6301,0.0,0.3562,3.8082,0.8767,0.7123,0.0,0.7123,0.0,0.1918,0.0,0.0,0.0274,AM/RW/LW,Attacking Mid
16,3,15.14,1.3,83,38,4,19,346,476,23,4,8,2,0,164,26,0,43,887,14,0,6,49,15,23,0,36,0,4,0,0,0,2852,37,555386,Ollie Watkins,ollie-watkins,Aston Villa,40,Premier League,Forward,2025/26,0.5049,0.0947,0.4778,0.041,2.6192,1.1992,0.1262,0.5996,10.9187,15.021,0.7258,0.1262,0.2525,0.0631,0.0,5.1753,0.8205,0.0,1.3569,27.9909,0.4418,0.0,0.1893,1.5463,0.4734,0.7258,0.0,1.136,0.0,0.1262,0.0,0.0,0.0,ST,Striker
0,0,1.27,0.37,9,1,0,2,1040,1168,1,53,124,0,0,145,7,0,4,1350,14,0,11,80,61,1,2,25,0,1,0,0,0,1676,21,864169,Pau Torres,pau-torres,Aston Villa,40,Premier League,Defender,2025/26,0.0,0.0,0.0682,0.0199,0.4833,0.0537,0.0,0.1074,55.8473,62.7208,0.0537,2.8461,6.6587,0.0,0.0,7.7864,0.3759,0.0,0.2148,72.494,0.7518,0.0,0.5907,4.2959,3.2757,0.0537,0.1074,1.3425,0.0,0.0537,0.0,0.0,0.0,DC,Centre-Back
3,1,1.51,1.35,18,8,4,2,357,407,10,14,19,0,0,121,13,0,16,540,10,0,2,45,10,4,0,14,0,1,0,0,0,865,21,98435,Ross Barkley,ross-barkley,Aston Villa,40,Premier League,Midfielder,2025/26,0.3121,0.104,0.1571,0.1405,1.8728,0.8324,0.4162,0.2081,37.1445,42.3468,1.0405,1.4566,1.9769,0.0,0.0,12.5896,1.3526,0.0,1.6647,56.185,1.0405,0.0,0.2081,4.6821,1.0405,0.4162,0.0,1.4566,0.0,0.104,0.0,0.0,0.0,MC/DM/AM,Central Mid
0,0,1.37,0.42,9,1,1,2,842,936,5,37,88,1,0,82,2,0,3,1109,2,0,11,47,83,4,0,40,0,1,0,0,0,1323,17,303638,Tyrone Mings,tyrone-mings,Aston Villa,40,Premier League,Defender,2025/26,0.0,0.0,0.0932,0.0286,0.6122,0.068,0.068,0.1361,57.2789,63.6735,0.3401,2.517,5.9864,0.068,0.0,5.5782,0.1361,0.0,0.2041,75.4422,0.1361,0.0,0.7483,3.1973,5.6463,0.2721,0.0,2.7211,0.0,0.068,0.0,0.0,0.0,DC,Centre-Back
0,1,0.28,0.12,3,0,1,1,602,639,2,13,27,0,0,47,0,0,2,717,3,0,8,19,34,0,0,11,0,0,0,0,0,985,17,143334,Victor Lindelöf,victor-lindelof,Aston Villa,40,Premier League,Defender,2025/26,0.0,0.0914,0.0256,0.011,0.2741,0.0,0.0914,0.0914,55.0051,58.3858,0.1827,1.1878,2.467,0.0,0.0,4.2944,0.0,0.0,0.1827,65.5127,0.2741,0.0,0.731,1.736,3.1066,0.0,0.0,1.0051,0.0,0.0,0.0,0.0,0.0,DC,Centre-Back
0,4,1.17,3.33,24,7,5,2,959,1129,32,60,95,14,0,281,9,0,13,1484,36,0,18,94,19,7,0,22,0,0,0,0,0,1862,25,331737,Youri Tielemans,youri-tielemans,Aston Villa,40,Premier League,Midfielder,2025/26,0.0,0.1933,0.0566,0.161,1.16,0.3383,0.2417,0.0967,46.3534,54.5704,1.5467,2.9001,4.5918,0.6767,0.0,13.5822,0.435,0.0,0.6284,71.7293,1.7401,0.0,0.87,4.5435,0.9184,0.3383,0.0,1.0634,0.0,0.0,0.0,0.0,0.0,MC/DM,Central Mid
0,2,0.0,0.25,0,0,1,0,283,363,5,12,57,1,0,71,1,0,2,572,12,0,8,29,38,0,0,14,0,3,0,0,0,1095,22,44566,Adam Smith,adam-smith,Bournemouth,60,Premier League,Defender,2025/26,0.0,0.1644,0.0,0.0205,0.0,0.0,0.0822,0.0,23.2603,29.8356,0.411,0.9863,4.6849,0.0822,0.0,5.8356,0.0822,0.0,0.1644,47.0137,0.9863,0.0,0.6575,2.3836,3.1233,0.0,0.0,1.1507,0.0,0.2466,0.0,0.0,0.0,DR,Full-Back
1,5,1.36,2.98,16,6,4,1,1302,1560,32,38,120,34,0,368,33,0,24,2597,52,0,48,188,143,5,1,44,0,5,0,0,0,3380,38,999028,Adrien Truffert,truffert-adrien,Bournemouth,60,Premier League,Defender,2025/26,0.0266,0.1331,0.0362,0.0793,0.426,0.1598,0.1065,0.0266,34.6686,41.5385,0.8521,1.0118,3.1953,0.9053,0.0,9.7988,0.8787,0.0,0.6391,69.1509,1.3846,0.0,1.2781,5.0059,3.8077,0.1331,0.0266,1.1716,0.0,0.1331,0.0,0.0,0.0,DL/ML,Full-Back
3,1,3.81,2.95,44,13,4,2,1182,1393,28,53,129,14,0,265,29,0,26,2006,38,0,36,195,81,14,0,37,0,5,0,0,1,2859,37,1104986,Alex Scott,alex-scott,Bournemouth,60,Premier League,Midfielder,2025/26,0.0944,0.0315,0.1199,0.0929,1.3851,0.4092,0.1259,0.063,37.2088,43.851,0.8814,1.6684,4.0609,0.4407,0.0,8.3421,0.9129,0.0,0.8185,63.148,1.1962,0.0,1.1333,6.1385,2.5498,0.4407,0.0,1.1647,0.0,0.1574,0.0,0.0,0.0315,MC/DM/AM,Central Mid
3,1,2.6,1.62,20,9,1,4,319,413,16,2,10,2,0,129,8,0,9,675,16,0,7,61,17,6,0,30,0,2,0,1,0,1106,31,991478,Amine Adli,amine-adli,Bournemouth,60,Premier League,Midfielder,2025/26,0.2441,0.0814,0.2116,0.1318,1.6275,0.7324,0.0814,0.3255,25.9584,33.6076,1.302,0.1627,0.8137,0.1627,0.0,10.4973,0.651,0.0,0.7324,54.9277,1.302,0.0,0.5696,4.9638,1.3834,0.4882,0.0,2.4412,0.0,0.1627,0.0,0.0814,0.0,LW/AM/ST,Winger
0,0,0.02,0.18,1,0,0,0,659,749,3,34,72,0,0,85,0,0,1,922,15,0,12,48,83,0,0,35,0,1,0,0,1,1286,18,962408,Bafodé Diakité,bafode-diakite,Bournemouth,60,Premier League,Defender,2025/26,0.0,0.0,0.0014,0.0126,0.07,0.0,0.0,0.0,46.1198,52.4184,0.21,2.3795,5.0389,0.0,0.0,5.9487,0.0,0.0,0.07,64.5257,1.0498,0.0,0.8398,3.3593,5.8087,0.0,0.0,2.4495,0.0,0.07,0.0,0.0,0.07,DC,Centre-Back
1,3,5.83,3.3,48,13,8,11,343,445,26,12,26,11,0,164,17,0,10,734,13,0,4,56,15,17,0,6,0,7,0,0,0,1220,31,855731,David Brooks,david-brooks,Bournemouth,60,Premier League,Midfielder,2025/26,0.0738,0.2213,0.4301,0.2434,3.541,0.959,0.5902,0.8115,25.3033,32.8279,1.918,0.8852,1.918,0.8115,0.0,12.0984,1.2541,0.0,0.7377,54.1475,0.959,0.0,0.2951,4.1311,1.1066,1.2541,0.0,0.4426,0.0,0.5164,0.0,0.0,0.0,RW,Winger
13,0,8.35,1.53,52,22,3,3,355,467,22,16,25,1,0,120,15,0,20,742,6,0,9,61,33,19,0,8,0,5,0,0,0,1690,33,1426228,Eli Junior Kroupi,eli-junior-kroupi,Bournemouth,60,Premier League,Forward,2025/26,0.6923,0.0,0.4447,0.0815,2.7692,1.1716,0.1598,0.1598,18.9053,24.8698,1.1716,0.8521,1.3314,0.0533,0.0,6.3905,0.7988,0.0,1.0651,39.5148,0.3195,0.0,0.4793,3.2485,1.7574,1.0118,0.0,0.426,0.0,0.2663,0.0,0.0,0.0,ST,Striker
6,1,10.59,1.49,70,22,3,10,356,465,31,4,8,0,0,137,16,0,39,839,5,0,8,80,29,13,0,47,0,2,0,2,0,2759,36,998490,Evanilson,evanilson,Bournemouth,60,Premier League,Forward,2025/26,0.1957,0.0326,0.3455,0.0486,2.2834,0.7177,0.0979,0.3262,11.6129,15.1685,1.0112,0.1305,0.261,0.0,0.0,4.469,0.5219,0.0,1.2722,27.3686,0.1631,0.0,0.261,2.6096,0.946,0.4241,0.0,1.5332,0.0,0.0652,0.0,0.0652,0.0,ST,Striker
0,3,0.89,1.16,12,2,2,1,806,1037,13,53,175,2,0,81,2,0,5,1495,20,0,39,75,168,2,0,114,0,5,0,0,0,2120,29,1156586,James Hill,james-hill,Bournemouth,60,Premier League,Defender,2025/26,0.0,0.1274,0.0378,0.0492,0.5094,0.0849,0.0849,0.0425,34.217,44.0236,0.5519,2.25,7.4292,0.0849,0.0,3.4387,0.0849,0.0,0.2123,63.467,0.8491,0.0,1.6557,3.184,7.1321,0.0849,0.0,4.8396,0.0,0.2123,0.0,0.0,0.0,DC/DR,Centre-Back
2,0,2.32,1.53,17,4,3,1,280,345,21,13,18,8,0,136,11,0,15,530,6,0,4,46,2,6,0,6,0,5,0,0,0,951,20,851596,Justin Kluivert,justin-kluivert,Bournemouth,60,Premier League,Midfielder,2025/26,0.1893,0.0,0.2196,0.1448,1.6088,0.3785,0.2839,0.0946,26.4984,32.6498,1.9874,1.2303,1.7035,0.7571,0.0,12.8707,1.041,0.0,1.4196,50.1577,0.5678,0.0,0.3785,4.3533,0.1893,0.5678,0.0,0.5678,0.0,0.4732,0.0,0.0,0.0,AM,Attacking Mid
0,1,0.08,0.54,3,0,0,0,429,498,11,26,57,10,0,86,3,0,3,685,16,0,24,62,26,1,0,9,0,1,1,0,0,905,18,548188,Lewis Cook,lewis-cook,Bournemouth,60,Premier League,Midfielder,2025/26,0.0,0.0994,0.008,0.0537,0.2983,0.0,0.0,0.0,42.663,49.5249,1.0939,2.5856,5.6685,0.9945,0.0,8.5525,0.2983,0.0,0.2983,68.1215,1.5912,0.0,2.3867,6.1657,2.5856,0.0994,0.0,0.895,0.0,0.0994,0.0994,0.0,0.0,MC/DM,Central Mid
0,5,1.52,4.67,17,5,7,2,1801,2319,24,182,477,8,0,330,6,0,14,2990,35,0,56,154,253,4,0,92,0,8,0,1,0,3290,37,830659,Marcos Senesi,marcos-senesi,Bournemouth,60,Premier League,Defender,2025/26,0.0,0.1368,0.0416,0.1278,0.465,0.1368,0.1915,0.0547,49.2675,63.4377,0.6565,4.9787,13.0486,0.2188,0.0,9.0274,0.1641,0.0,0.383,81.7933,0.9574,0.0,1.5319,4.2128,6.921,0.1094,0.0,2.5167,0.0,0.2188,0.0,0.0274,0.0,DC,Centre-Back
7,4,9.06,4.64,70,24,9,8,943,1128,55,30,77,19,0,424,39,0,44,1789,22,0,17,150,39,19,0,24,0,6,0,0,0,2738,34,895576,Marcus Tavernier,marcus-tavernier,Bournemouth,60,Premier League,Midfielder,2025/26,0.2301,0.1315,0.2978,0.1525,2.3009,0.7889,0.2958,0.263,30.9971,37.0782,1.8079,0.9861,2.531,0.6245,0.0,13.9372,1.282,0.0,1.4463,58.8057,0.7232,0.0,0.5588,4.9306,1.282,0.6245,0.0,0.7889,0.0,0.1972,0.0,0.0,0.0,LW/RW,Winger
5,2,2.91,1.82,28,8,3,0,249,318,14,10,16,4,0,98,13,0,10,538,7,0,8,43,20,11,0,25,0,1,0,0,1,1119,15,1464966,Rayan,rayan,Bournemouth,60,Premier League,Midfielder,2025/26,0.4021,0.1609,0.234,0.1464,2.252,0.6434,0.2413,0.0,20.0268,25.5764,1.126,0.8043,1.2869,0.3217,0.0,7.882,1.0456,0.0,0.8043,43.2708,0.563,0.0,0.6434,3.4584,1.6086,0.8847,0.0,2.0107,0.0,0.0804,0.0,0.0,0.0804,RW/ST,Winger
2,0,1.92,0.83,25,8,2,1,428,547,11,25,62,3,0,145,19,0,15,782,17,0,12,62,18,10,0,13,0,3,1,0,1,986,26,322391,Ryan Christie,ryan-christie,Bournemouth,60,Premier League,Midfielder,2025/26,0.1826,0.0,0.1753,0.0758,2.2819,0.7302,0.1826,0.0913,39.0669,49.929,1.0041,2.2819,5.6592,0.2738,0.0,13.2353,1.7343,0.0,1.3692,71.3793,1.5517,0.0,1.0953,5.6592,1.643,0.9128,0.0,1.1866,0.0,0.2738,0.0913,0.0,0.0913,MC/DM,Central Mid
2,2,0.6,0.61,10,6,2,0,880,1010,7,33,68,2,0,181,6,0,11,1310,23,0,33,96,42,2,0,27,0,8,0,0,0,1778,25,800419,Tyler Adams,tyler-adams,Bournemouth,60,Premier League,Midfielder,2025/26,0.1012,0.1012,0.0304,0.0309,0.5062,0.3037,0.1012,0.0,44.5444,51.1249,0.3543,1.6704,3.4421,0.1012,0.0,9.162,0.3037,0.0,0.5568,66.3105,1.1642,0.0,1.6704,4.8594,2.126,0.1012,0.0,1.3667,0.0,0.4049,0.0,0.0,0.0,MC/DM,Central Mid
0,0,0.15,0.2,1,0,0,1,160,190,1,8,26,0,0,19,1,0,1,248,4,0,4,13,25,0,0,11,0,0,0,0,0,375,7,1406130,Veljko Milosavljević,milosavljevic-veljko,Bournemouth,60,Premier League,Defender,2025/26,0.0,0.0,0.036,0.048,0.24,0.0,0.0,0.24,38.4,45.6,0.24,1.92,6.24,0.0,0.0,4.56,0.24,0.0,0.24,59.52,0.96,0.0,0.96,3.12,6.0,0.0,0.0,2.64,0.0,0.0,0.0,0.0,0.0,DC,Centre-Back
1,0,1.13,1.61,21,4,2,0,696,868,14,41,88,11,0,217,39,0,20,1468,48,0,27,135,41,9,0,13,0,10,0,0,1,2330,31,1184308,Álex Jiménez,alex-jimenez,Bournemouth,60,Premier League,Defender,2025/26,0.0386,0.0,0.0436,0.0622,0.8112,0.1545,0.0773,0.0,26.8841,33.5279,0.5408,1.5837,3.3991,0.4249,0.0,8.382,1.5064,0.0,0.7725,56.7039,1.8541,0.0,1.0429,5.2146,1.5837,0.3476,0.0,0.5021,0.0,0.3863,0.0,0.0,0.0386,DR,Full-Back
0,0,0.46,0.14,6,1,0,1,239,286,0,11,23,0,0,38,0,0,5,447,7,0,8,35,23,1,0,9,0,1,0,0,0,716,21,966869,Aaron Hickey,aaron-hickey,Brentford,50,Premier League,Defender,2025/26,0.0,0.0,0.0578,0.0176,0.7542,0.1257,0.0,0.1257,30.0419,35.9497,0.0,1.3827,2.8911,0.0,0.0,4.7765,0.0,0.0,0.6285,56.1872,0.8799,0.0,1.0056,4.3994,2.8911,0.1257,0.0,1.1313,0.0,0.1257,0.0,0.0,0.0,DR/ML,Full-Back
7,3,7.72,4.17,56,20,12,13,306,485,27,18,39,19,0,133,23,0,31,1075,13,0,24,85,52,14,0,52,0,5,0,5,0,2279,32,1106451,Dango Ouattara,dango-ouattara,Brentford,50,Premier League,Midfielder,2025/26,0.2764,0.1185,0.3049,0.1647,2.2115,0.7898,0.4739,0.5134,12.0842,19.1531,1.0663,0.7108,1.5401,0.7503,0.0,5.2523,0.9083,0.0,1.2242,42.4528,0.5134,0.0,0.9478,3.3567,2.0535,0.5529,0.0,2.0535,0.0,0.1975,0.0,0.1975,0.0,RW/LW,Winger
22,1,20.57,1.88,84,43,6,20,436,630,24,13,25,7,0,147,29,0,42,1215,22,0,12,93,64,17,0,112,0,7,0,0,0,3284,38,1016907,Igor Thiago,igor-thiago,Brentford,50,Premier League,Forward,2025/26,0.6029,0.0274,0.5637,0.0515,2.3021,1.1784,0.1644,0.5481,11.9488,17.2655,0.6577,0.3563,0.6851,0.1918,0.0,4.0286,0.7948,0.0,1.151,33.2978,0.6029,0.0,0.3289,2.5487,1.754,0.4659,0.0,3.0694,0.0,0.1918,0.0,0.0,0.0,ST,Striker
1,3,0.33,2.45,6,1,8,0,902,1158,19,71,190,17,0,203,3,0,6,1382,13,0,17,98,34,2,0,13,0,6,0,0,0,1929,32,42694,Jordan Henderson,jordan-henderson,Brentford,50,Premier League,Midfielder,2025/26,0.0467,0.14,0.0154,0.1143,0.2799,0.0467,0.3733,0.0,42.084,54.028,0.8865,3.3126,8.8647,0.7932,0.0,9.4712,0.14,0.0,0.2799,64.479,0.6065,0.0,0.7932,4.5723,1.5863,0.0933,0.0,0.6065,0.0,0.2799,0.0,0.0,0.0,MC/DM,Central Mid
3,3,3.04,2.5,31,9,6,2,441,568,19,24,80,22,0,145,16,0,15,993,14,0,12,96,37,12,1,11,0,1,0,0,0,1990,36,972421,Keane Lewis-Potter,keane-lewis-potter,Brentford,50,Premier League,Defender,2025/26,0.1357,0.1357,0.1375,0.1131,1.402,0.407,0.2714,0.0905,19.9447,25.6884,0.8593,1.0854,3.6181,0.995,0.0,6.5578,0.7236,0.0,0.6784,44.9095,0.6332,0.0,0.5427,4.3417,1.6734,0.5427,0.0452,0.4975,0.0,0.0452,0.0,0.0,0.0,DL/LW,Full-Back
8,3,12.18,2.08,57,24,7,15,357,527,29,7,18,5,0,145,20,0,45,1088,24,0,18,94,31,12,0,87,0,6,1,2,0,2757,35,1006387,Kevin Schade,kevin-schade,Brentford,50,Premier League,Midfielder,2025/26,0.2612,0.0979,0.3976,0.0679,1.8607,0.7835,0.2285,0.4897,11.654,17.2035,0.9467,0.2285,0.5876,0.1632,0.0,4.7334,0.6529,0.0,1.469,35.5169,0.7835,0.0,0.5876,3.0686,1.012,0.3917,0.0,2.84,0.0,0.1959,0.0326,0.0653,0.0,LW/ST,Winger
0,1,0.78,0.72,10,3,1,1,565,706,4,24,85,1,0,57,3,0,6,1026,22,0,18,59,119,2,0,60,0,4,0,0,1,1820,27,576384,Kristoffer Ajer,kristoffer-ajer,Brentford,50,Premier League,Defender,2025/26,0.0,0.0495,0.0386,0.0356,0.4945,0.1484,0.0495,0.0495,27.9396,34.9121,0.1978,1.1868,4.2033,0.0495,0.0,2.8187,0.1484,0.0,0.2967,50.7363,1.0879,0.0,0.8901,2.9176,5.8846,0.0989,0.0,2.967,0.0,0.1978,0.0,0.0,0.0495,DC/DR,Centre-Back
3,1,2.27,6.02,29,8,11,2,907,1122,35,98,179,38,0,307,19,0,25,1603,23,0,21,117,37,10,0,8,0,3,0,0,0,2277,36,799251,Mathias Jensen,mathias-jensen,Brentford,50,Premier League,Midfielder,2025/26,0.1186,0.0395,0.0897,0.2379,1.1462,0.3162,0.4348,0.0791,35.8498,44.3478,1.3834,3.8735,7.0751,1.502,0.0,12.1344,0.751,0.0,0.9881,63.3597,0.9091,0.0,0.83,4.6245,1.4625,0.3953,0.0,0.3162,0.0,0.1186,0.0,0.0,0.0,MC,Central Mid
1,1,1.18,2.8,9,3,4,1,970,1141,36,38,85,14,0,186,55,0,31,2177,45,0,38,163,99,4,1,41,0,8,0,0,2,3264,37,1137431,Michael Kayode,michael-kayode,Brentford,50,Premier League,Defender,2025/26,0.0276,0.0276,0.0325,0.0772,0.2482,0.0827,0.1103,0.0276,26.7463,31.4614,0.9926,1.0478,2.3438,0.386,0.0,5.1287,1.5165,0.0,0.8548,60.0276,1.2408,0.0,1.0478,4.4945,2.7298,0.1103,0.0276,1.1305,0.0,0.2206,0.0,0.0,0.0551,DR,Full-Back
4,4,2.62,5.44,29,11,12,3,726,951,42,37,92,28,0,309,18,0,33,1420,35,0,25,139,16,5,1,19,0,0,0,0,0,2078,33,907072,Mikkel Damsgaard,mikkel-damsgaard,Brentford,50,Premier League,Midfielder,2025/26,0.1732,0.1732,0.1135,0.2356,1.256,0.4764,0.5197,0.1299,31.4437,41.1886,1.8191,1.6025,3.9846,1.2127,0.0,13.3831,0.7796,0.0,1.4293,61.5014,1.5159,0.0,1.0828,6.0202,0.693,0.2166,0.0433,0.8229,0.0,0.0,0.0,0.0,0.0,AM/MC,Attacking Mid
1,2,2.28,1.62,20,6,5,4,1457,1753,11,88,247,1,0,126,7,0,10,2245,14,0,37,139,209,4,1,89,0,7,0,1,1,2972,35,958916,Nathan Collins,nathan-collins,Brentford,50,Premier League,Defender,2025/26,0.0303,0.0606,0.069,0.0491,0.6057,0.1817,0.1514,0.1211,44.1218,53.0855,0.3331,2.6649,7.4798,0.0303,0.0,3.8156,0.212,0.0,0.3028,67.9845,0.424,0.0,1.1205,4.2093,6.3291,0.1211,0.0303,2.6952,0.0,0.212,0.0,0.0303,0.0303,DC,Centre-Back
0,1,0.18,0.55,5,0,1,0,370,481,4,23,59,3,0,75,15,0,9,817,11,0,8,72,41,1,1,19,0,2,0,0,1,1334,25,599128,Rico Henry,rico-henry,Brentford,50,Premier League,Defender,2025/26,0.0,0.0675,0.0121,0.0371,0.3373,0.0,0.0675,0.0,24.9625,32.4513,0.2699,1.5517,3.9805,0.2024,0.0,5.06,1.012,0.0,0.6072,55.1199,0.7421,0.0,0.5397,4.8576,2.7661,0.0675,0.0675,1.2819,0.0,0.1349,0.0,0.0,0.0675,DL/ML,Full-Back
0,2,3.13,1.49,23,7,5,4,1259,1422,7,53,103,0,0,99,1,0,4,1815,10,0,29,109,195,3,2,140,0,2,0,0,0,2761,32,924378,Sepp van den Berg,sepp-van-den-berg,Brentford,50,Premier League,Defender,2025/26,0.0,0.0652,0.102,0.0486,0.7497,0.2282,0.163,0.1304,41.0395,46.3528,0.2282,1.7276,3.3575,0.0,0.0,3.2271,0.0326,0.0,0.1304,59.1633,0.326,0.0,0.9453,3.5531,6.3564,0.0978,0.0652,4.5636,0.0,0.0652,0.0,0.0,0.0,DC,Centre-Back
1,4,0.91,2.27,12,3,7,1,708,811,21,43,85,19,0,165,5,0,6,1081,16,0,30,85,34,3,1,23,0,8,0,0,0,1449,25,814873,Vitaly Janelt,vitaly-janelt,Brentford,50,Premier League,Midfielder,2025/26,0.0621,0.2484,0.0565,0.141,0.7453,0.1863,0.4348,0.0621,43.9752,50.3727,1.3043,2.6708,5.2795,1.1801,0.0,10.2484,0.3106,0.0,0.3727,67.1429,0.9938,0.0,1.8634,5.2795,2.1118,0.1863,0.0621,1.4286,0.0,0.4969,0.0,0.0,0.0,MC/DM,Central Mid
1,2,1.2,1.39,16,4,1,0,1136,1347,15,67,141,8,0,223,15,0,23,1782,45,0,28,187,41,4,0,32,0,7,0,0,0,2675,37,1031258,Yehor Yarmoliuk,yehor-yarmoliuk,Brentford,50,Premier League,Midfielder,2025/26,0.0336,0.0673,0.0404,0.0468,0.5383,0.1346,0.0336,0.0,38.2206,45.3196,0.5047,2.2542,4.7439,0.2692,0.0,7.5028,0.5047,0.0,0.7738,59.9551,1.514,0.0,0.9421,6.2916,1.3794,0.1346,0.0,1.0766,0.0,0.2355,0.0,0.0,0.0,MC/DM,Central Mid
1,1,1.72,0.88,16,6,1,2,194,248,16,7,13,3,0,90,20,0,17,442,5,0,2,40,2,4,1,8,0,2,0,0,0,740,18,1198075,Brajan Gruda,gruda-brajan,Brighton & Hove Albion,30,Premier League,Midfielder,2025/26,0.1216,0.1216,0.2092,0.107,1.9459,0.7297,0.1216,0.2432,23.5946,30.1622,1.9459,0.8514,1.5811,0.3649,0.0,10.9459,2.4324,0.0,2.0676,53.7568,0.6081,0.0,0.2432,4.8649,0.2432,0.4865,0.1216,0.973,0.0,0.2432,0.0,0.0,0.0,RW/AM,Winger
0,0,0.75,0.76,20,2,1,1,644,748,9,34,60,0,0,105,12,0,19,1045,20,0,29,105,32,8,0,29,0,5,0,0,1,1677,31,1199043,Carlos Baleba,carlos-baleba,Brighton & Hove Albion,30,Premier League,Midfielder,2025/26,0.0,0.0,0.0403,0.0408,1.0733,0.1073,0.0537,0.0537,34.5617,40.1431,0.483,1.8247,3.22,0.0,0.0,5.6351,0.644,0.0,1.0197,56.0823,1.0733,0.0,1.5564,5.6351,1.7174,0.4293,0.0,1.5564,0.0,0.2683,0.0,0.0,0.0537,MC/DM,Central Mid
2,1,2.14,0.56,21,8,3,2,95,127,10,1,4,0,0,45,11,0,10,265,7,0,1,25,4,5,0,22,0,2,0,0,0,386,21,1416535,Charalampos Kostoulas,kostoulas-charalampos,Brighton & Hove Albion,30,Premier League,Forward,2025/26,0.4663,0.2332,0.499,0.1306,4.8964,1.8653,0.6995,0.4663,22.1503,29.6114,2.3316,0.2332,0.9326,0.0,0.0,10.4922,2.5648,0.0,2.3316,61.7876,1.6321,0.0,0.2332,5.829,0.9326,1.1658,0.0,5.1295,0.0,0.4663,0.0,0.0,0.0,ST,Striker
13,1,12.44,1.4,56,28,4,11,386,486,20,5,9,0,0,142,11,0,20,781,14,0,9,51,30,10,1,19,0,5,0,0,0,2268,37,33902,Danny Welbeck,danny-welbeck,Brighton & Hove Albion,30,Premier League,Forward,2025/26,0.5159,0.0397,0.4937,0.0556,2.2222,1.1111,0.1587,0.4365,15.3175,19.2857,0.7937,0.1984,0.3571,0.0,0.0,5.6349,0.4365,0.0,0.7937,30.9921,0.5556,0.0,0.3571,2.0238,1.1905,0.3968,0.0397,0.754,0.0,0.1984,0.0,0.0,0.0,ST,Striker
5,1,6.29,1.71,42,14,4,7,587,753,21,17,41,6,0,166,19,0,29,1207,50,0,18,112,28,11,0,55,0,9,0,0,1,2136,32,1065588,Diego Gómez,diego-gomez,Brighton & Hove Albion,30,Premier League,Midfielder,2025/26,0.2107,0.0421,0.265,0.0721,1.7697,0.5899,0.1685,0.2949,24.7331,31.7275,0.8848,0.7163,1.7275,0.2528,0.0,6.9944,0.8006,0.0,1.2219,50.8567,2.1067,0.0,0.7584,4.7191,1.1798,0.4635,0.0,2.3174,0.0,0.3792,0.0,0.0,0.0421,MC/RW/LW,Central Mid
1,0,2.03,3.33,28,13,2,3,1170,1367,22,44,93,23,0,400,12,0,18,2065,39,0,26,130,81,6,0,32,0,6,0,0,0,3134,37,825844,Ferdi Kadıoğlu,ferdi-kadioglu,Brighton & Hove Albion,30,Premier League,Defender,2025/26,0.0287,0.0,0.0583,0.0956,0.8041,0.3733,0.0574,0.0862,33.5992,39.2565,0.6318,1.2636,2.6707,0.6605,0.0,11.4869,0.3446,0.0,0.5169,59.3012,1.12,0.0,0.7466,3.7332,2.3261,0.1723,0.0,0.919,0.0,0.1723,0.0,0.0,0.0,DL,Full-Back
3,3,3.02,2.93,42,14,8,3,303,436,25,16,28,3,0,152,28,0,59,925,20,0,11,60,26,14,0,19,0,2,0,1,0,1804,32,946695,Georginio Rutter,georginio-rutter,Brighton & Hove Albion,30,Premier League,Midfielder,2025/26,0.1497,0.1497,0.1507,0.1462,2.0953,0.6984,0.3991,0.1497,15.1164,21.7517,1.2472,0.7982,1.3969,0.1497,0.0,7.5831,1.3969,0.0,2.9435,46.1475,0.9978,0.0,0.5488,2.9933,1.2971,0.6984,0.0,0.9479,0.0,0.0998,0.0,0.0499,0.0,AM/ST,Attacking Mid
4,3,4.92,2.34,37,15,2,6,522,632,15,9,24,0,0,150,3,0,9,842,14,0,5,61,25,8,0,12,0,0,0,0,0,1750,27,1142315,Jack Hinshelwood,jack-hinshelwood,Brighton & Hove Albion,30,Premier League,Midfielder,2025/26,0.2057,0.1543,0.253,0.1203,1.9029,0.7714,0.1029,0.3086,26.8457,32.5029,0.7714,0.4629,1.2343,0.0,0.0,7.7143,0.1543,0.0,0.4629,43.3029,0.72,0.0,0.2571,3.1371,1.2857,0.4114,0.0,0.6171,0.0,0.0,0.0,0.0,0.0,MC/DM,Central Mid
1,1,1.02,0.63,8,2,1,0,423,487,8,20,47,6,0,103,1,0,3,592,9,0,6,40,19,2,1,6,0,2,0,0,0,802,20,791,James Milner,james-milner,Brighton & Hove Albion,30,Premier League,Midfielder,2025/26,0.1122,0.1122,0.1145,0.0707,0.8978,0.2244,0.1122,0.0,47.4688,54.6509,0.8978,2.2444,5.2743,0.6733,0.0,11.5586,0.1122,0.0,0.3367,66.4339,1.01,0.0,0.6733,4.4888,2.1322,0.2244,0.1122,0.6733,0.0,0.2244,0.0,0.0,0.0,MC/DR,Central Mid
3,3,3.3,1.62,23,10,2,3,2198,2521,13,133,282,10,0,333,3,0,6,3041,30,0,47,113,189,7,4,114,0,9,0,0,1,3211,36,962012,Jan Paul van Hecke,jan-paul-van-hecke,Brighton & Hove Albion,30,Premier League,Defender,2025/26,0.0841,0.0841,0.0925,0.0454,0.6447,0.2803,0.0561,0.0841,61.607,70.6602,0.3644,3.7278,7.9041,0.2803,0.0,9.3335,0.0841,0.0,0.1682,85.2351,0.8409,0.0,1.3173,3.1672,5.2974,0.1962,0.1121,3.1953,0.0,0.2523,0.0,0.0,0.028,DC,Centre-Back
1,0,1.11,0.22,4,1,0,0,361,442,4,13,41,2,0,97,2,0,2,752,17,0,18,40,44,2,0,20,0,5,0,0,0,1073,24,219572,Joël Veltman,joel-veltman,Brighton & Hove Albion,30,Premier League,Defender,2025/26,0.0839,0.0,0.0931,0.0185,0.3355,0.0839,0.0,0.0,30.2796,37.0736,0.3355,1.0904,3.439,0.1678,0.0,8.1361,0.1678,0.0,0.1678,63.0755,1.4259,0.0,1.5098,3.3551,3.6906,0.1678,0.0,1.6775,0.0,0.4194,0.0,0.0,0.0,DR/DC,Full-Back
3,1,4.06,2.84,32,13,4,8,473,574,31,12,19,8,0,229,28,0,23,925,12,0,9,62,17,8,0,15,0,5,0,0,0,1721,25,936849,Kaoru Mitoma,kaoru-mitoma,Brighton & Hove Albion,30,Premier League,Midfielder,2025/26,0.1569,0.0523,0.2123,0.1485,1.6734,0.6798,0.2092,0.4184,24.7356,30.0174,1.6212,0.6275,0.9936,0.4184,0.0,11.9756,1.4643,0.0,1.2028,48.373,0.6275,0.0,0.4707,3.2423,0.889,0.4184,0.0,0.7844,0.0,0.2615,0.0,0.0,0.0,LW,Winger
1,0,1.71,0.57,24,3,1,0,2301,2492,7,82,172,1,0,190,4,0,5,2862,22,0,30,136,142,5,1,76,0,10,0,1,1,2844,33,115365,Lewis Dunk,lewis-dunk,Brighton & Hove Albion,30,Premier League,Defender,2025/26,0.0316,0.0,0.0541,0.018,0.7595,0.0949,0.0316,0.0,72.8165,78.8608,0.2215,2.5949,5.443,0.0316,0.0,6.0127,0.1266,0.0,0.1582,90.5696,0.6962,0.0,0.9494,4.3038,4.4937,0.1582,0.0316,2.4051,0.0,0.3165,0.0,0.0316,0.0316,DC,Centre-Back
2,3,1.93,1.87,18,6,4,2,733,881,20,40,74,3,0,186,9,0,22,1434,42,0,25,103,71,5,0,44,0,8,0,0,0,1914,26,959628,Mats Wieffer,mats-wieffer,Brighton & Hove Albion,30,Premier League,Defender,2025/26,0.094,0.1411,0.0908,0.0879,0.8464,0.2821,0.1881,0.094,34.4671,41.4263,0.9404,1.8809,3.4796,0.1411,0.0,8.7461,0.4232,0.0,1.0345,67.4295,1.9749,0.0,1.1755,4.8433,3.3386,0.2351,0.0,2.069,0.0,0.3762,0.0,0.0,0.0,MC/DM/DR,Central Mid
2,3,1.82,4.13,13,6,9,1,583,692,33,13,41,36,0,135,7,0,5,1022,12,0,12,68,28,4,0,10,0,2,0,0,1,1443,30,997152,Maxim De Cuyper,maxim-de-cuyper,Brighton & Hove Albion,30,Premier League,Defender,2025/26,0.1247,0.1871,0.1135,0.2576,0.8108,0.3742,0.5613,0.0624,36.3617,43.1601,2.0582,0.8108,2.5572,2.2453,0.0,8.42,0.4366,0.0,0.3119,63.7422,0.7484,0.0,0.7484,4.2412,1.7464,0.2495,0.0,0.6237,0.0,0.1247,0.0,0.0,0.0624,DL,Full-Back
0,1,0.04,0.46,1,0,0,0,652,754,4,32,78,5,0,91,2,0,1,902,9,0,18,54,42,0,0,17,0,2,0,0,0,819,12,788784,Olivier Boscagli,olivier-boscagli,Brighton & Hove Albion,30,Premier League,Defender,2025/26,0.0,0.1099,0.0044,0.0505,0.1099,0.0,0.0,0.0,71.6484,82.8571,0.4396,3.5165,8.5714,0.5495,0.0,10.0,0.2198,0.0,0.1099,99.1209,0.989,0.0,1.978,5.9341,4.6154,0.0,0.0,1.8681,0.0,0.2198,0.0,0.0,0.0,DC,Centre-Back
1,3,1.45,3.83,18,9,5,1,922,1073,39,36,76,40,0,268,7,0,10,1394,18,0,12,76,24,6,0,13,0,2,0,0,0,1636,19,48480,Pascal Groß,pascal-gro,Brighton & Hove Albion,30,Premier League,Midfielder,2025/26,0.055,0.165,0.0798,0.2107,0.9902,0.4951,0.2751,0.055,50.7213,59.0281,2.1455,1.9804,4.1809,2.2005,0.0,14.7433,0.3851,0.0,0.5501,76.687,0.9902,0.0,0.6601,4.1809,1.3203,0.3301,0.0,0.7152,0.0,0.11,0.0,0.0,0.0,MC/DM,Central Mid
3,4,3.8,5.12,41,11,11,4,428,630,46,15,31,37,0,206,65,0,34,1304,37,0,17,95,16,15,0,19,0,3,0,1,0,2398,34,1400106,Yankuba Minteh,yankuba-minteh,Brighton & Hove Albion,30,Premier League,Midfielder,2025/26,0.1126,0.1501,0.1426,0.1922,1.5388,0.4128,0.4128,0.1501,16.0634,23.6447,1.7264,0.563,1.1635,1.3887,0.0,7.7314,2.4395,0.0,1.2761,48.9408,1.3887,0.0,0.638,3.5655,0.6005,0.563,0.0,0.7131,0.0,0.1126,0.0,0.0375,0.0,RW,Winger
3,3,2.71,1.14,41,10,2,0,829,963,16,40,68,5,0,144,18,0,19,1322,24,0,26,124,24,11,0,9,0,1,0,0,0,1941,29,1036269,Yasin Ayari,yasin-ayari,Brighton & Hove Albion,30,Premier League,Midfielder,2025/26,0.1391,0.1391,0.1257,0.0529,1.9011,0.4637,0.0927,0.0,38.4389,44.6522,0.7419,1.8547,3.153,0.2318,0.0,6.677,0.8346,0.0,0.881,61.2983,1.1128,0.0,1.2056,5.7496,1.1128,0.51,0.0,0.4173,0.0,0.0464,0.0,0.0,0.0,MC/DM,Central Mid
1,1,2.15,0.23,16,6,1,3,105,151,5,1,1,1,0,52,8,0,20,324,3,0,3,26,9,8,0,35,0,0,0,0,0,874,24,996985,Armando Broja,armando-broja,Burnley,6,Premier League,Forward,2025/26,0.103,0.103,0.2214,0.0237,1.6476,0.6178,0.103,0.3089,10.8124,15.5492,0.5149,0.103,0.103,0.103,0.0,5.3547,0.8238,0.0,2.0595,33.3638,0.3089,0.0,0.3089,2.6773,0.9268,0.8238,0.0,3.6041,0.0,0.0,0.0,0.0,0.0,ST,Striker
1,0,0.61,0.14,2,1,0,0,481,569,0,22,65,0,0,31,0,0,0,723,8,0,11,40,83,0,0,22,0,1,0,0,1,1202,14,817979,Axel Tuanzebe,axel-tuanzebe,Burnley,6,Premier League,Defender,2025/26,0.0749,0.0,0.0457,0.0105,0.1498,0.0749,0.0,0.0,36.015,42.604,0.0,1.6473,4.8669,0.0,0.0,2.3211,0.0,0.0,0.0,54.1348,0.599,0.0,0.8236,2.995,6.2146,0.0,0.0,1.6473,0.0,0.0749,0.0,0.0,0.0749,DC/DR,Centre-Back
0,0,0.42,0.68,9,3,1,1,697,851,9,49,122,3,0,124,6,0,6,1161,18,0,11,69,84,4,0,26,0,6,0,0,0,1578,20,996910,Bashir Humphreys,bashir-humphreys,Burnley,6,Premier League,Defender,2025/26,0.0,0.0,0.024,0.0388,0.5133,0.1711,0.057,0.057,39.7529,48.5361,0.5133,2.7947,6.9582,0.1711,0.0,7.0722,0.3422,0.0,0.3422,66.2167,1.0266,0.0,0.6274,3.9354,4.7909,0.2281,0.0,1.4829,0.0,0.3422,0.0,0.0,0.0,DC/DL,Centre-Back
0,2,0.66,0.55,13,2,0,2,891,1042,13,47,72,1,0,171,7,0,17,1431,49,0,41,113,56,3,1,24,0,6,0,0,2,2118,31,855845,Florentino Luís,florentino-luis,Burnley,6,Premier League,Midfielder,2025/26,0.0,0.085,0.028,0.0234,0.5524,0.085,0.0,0.085,37.8612,44.2776,0.5524,1.9972,3.0595,0.0425,0.0,7.2663,0.2975,0.0,0.7224,60.8074,2.0822,0.0,1.7422,4.8017,2.3796,0.1275,0.0425,1.0198,0.0,0.255,0.0,0.0,0.085,MC/DM,Central Mid
1,4,0.89,2.06,19,5,5,0,394,510,21,18,45,11,0,172,20,0,33,815,17,0,8,65,7,8,0,6,0,10,0,0,1,1253,27,1009386,Hannibal Mejbri,hannibal-mejbri,Burnley,6,Premier League,Midfielder,2025/26,0.0718,0.2873,0.0639,0.148,1.3647,0.3591,0.3591,0.0,28.3001,36.6321,1.5084,1.2929,3.2322,0.7901,0.0,12.3543,1.4366,0.0,2.3703,58.5395,1.2211,0.0,0.5746,4.6688,0.5028,0.5746,0.0,0.431,0.0,0.7183,0.0,0.0,0.0718,AM/MC,Attacking Mid
0,0,0.26,0.27,6,1,0,1,579,681,4,30,78,0,0,38,2,0,4,925,16,0,12,49,125,2,1,52,0,0,0,0,0,1539,19,875360,Hjalmar Ekdal,hjalmar-ekdal,Burnley,6,Premier League,Defender,2025/26,0.0,0.0,0.0152,0.0158,0.3509,0.0585,0.0,0.0585,33.8596,39.8246,0.2339,1.7544,4.5614,0.0,0.0,2.2222,0.117,0.0,0.2339,54.0936,0.9357,0.0,0.7018,2.8655,7.3099,0.117,0.0585,3.0409,0.0,0.0,0.0,0.0,0.0,DC,Centre-Back
0,1,1.38,1.17,17,4,2,2,238,292,12,3,10,9,0,107,10,0,11,504,4,0,6,31,13,7,0,11,0,0,0,0,0,1038,28,809276,Jacob Bruun Larsen,jacob-bruun-larsen,Burnley,6,Premier League,Forward,2025/26,0.0,0.0867,0.1197,0.1014,1.474,0.3468,0.1734,0.1734,20.6358,25.3179,1.0405,0.2601,0.8671,0.7803,0.0,9.2775,0.8671,0.0,0.9538,43.6994,0.3468,0.0,0.5202,2.6879,1.1272,0.6069,0.0,0.9538,0.0,0.0,0.0,0.0,0.0,LW,Winger
8,2,5.13,2.87,55,23,6,3,717,897,37,29,61,14,0,237,36,0,41,1541,22,0,15,141,27,13,0,12,0,4,0,1,1,2743,37,1020680,Jaidon Anthony,jaidon-anthony,Burnley,6,Premier League,Midfielder,2025/26,0.2625,0.0656,0.1683,0.0942,1.8046,0.7546,0.1969,0.0984,23.5253,29.4313,1.214,0.9515,2.0015,0.4594,0.0,7.7762,1.1812,0.0,1.3452,50.5614,0.7218,0.0,0.4922,4.6263,0.8859,0.4265,0.0,0.3937,0.0,0.1312,0.0,0.0328,0.0328,LW/RW,Winger
0,1,0.22,1.88,5,2,8,0,545,614,23,28,53,28,0,117,2,0,4,829,7,0,20,49,17,3,2,10,0,1,0,0,0,1109,18,161717,James Ward-Prowse,james-ward-prowse,Burnley,6,Premier League,Midfielder,2025/26,0.0,0.0812,0.0179,0.1526,0.4058,0.1623,0.6492,0.0,44.229,49.8287,1.8665,2.2723,4.3012,2.2723,0.0,9.495,0.1623,0.0,0.3246,67.2768,0.5681,0.0,1.6231,3.9766,1.3796,0.2435,0.1623,0.8115,0.0,0.0812,0.0,0.0,0.0,MC/DM/AM,Central Mid
0,0,0.08,0.02,1,0,0,0,125,155,0,5,19,0,0,6,0,0,0,253,3,0,5,10,60,0,0,21,0,0,0,0,0,517,11,838399,Joe Worrall,joe-worrall,Burnley,6,Premier League,Defender,2025/26,0.0,0.0,0.0139,0.0035,0.1741,0.0,0.0,0.0,21.7602,26.9826,0.0,0.8704,3.3075,0.0,0.0,1.0445,0.0,0.0,0.0,44.0426,0.5222,0.0,0.8704,1.7408,10.4449,0.0,0.0,3.6557,0.0,0.0,0.0,0.0,0.0,DC/DR,Centre-Back
2,2,0.9,1.35,11,6,4,0,728,866,13,42,96,1,0,164,2,0,10,1084,18,0,22,73,35,4,0,17,0,2,0,0,1,1519,18,792122,Josh Cullen,cullen-josh,Burnley,6,Premier League,Midfielder,2025/26,0.1185,0.1185,0.0533,0.08,0.6517,0.3555,0.237,0.0,43.1336,51.3101,0.7702,2.4885,5.688,0.0592,0.0,9.7169,0.1185,0.0,0.5925,64.2265,1.0665,0.0,1.3035,4.3252,2.0737,0.237,0.0,1.0072,0.0,0.1185,0.0,0.0,0.0592,MC/DM,Central Mid
1,0,0.85,0.49,14,4,0,1,502,643,12,16,58,4,0,102,9,0,15,925,25,0,27,64,39,4,1,26,0,7,1,0,1,1783,33,552036,Josh Laurent,josh-laurent,Burnley,6,Premier League,Midfielder,2025/26,0.0505,0.0,0.0429,0.0247,0.7067,0.2019,0.0,0.0505,25.3393,32.4565,0.6057,0.8076,2.9277,0.2019,0.0,5.1486,0.4543,0.0,0.7572,46.691,1.2619,0.0,1.3629,3.2305,1.9686,0.2019,0.0505,1.3124,0.0,0.3533,0.0505,0.0,0.0505,MC/DM,Central Mid
0,2,0.16,1.34,4,0,3,0,1115,1441,13,94,237,7,0,257,13,0,14,2232,33,0,45,155,102,3,0,47,0,9,0,0,0,3097,36,44614,Kyle Walker,kyle-walker,Burnley,6,Premier League,Defender,2025/26,0.0,0.0581,0.0046,0.0389,0.1162,0.0,0.0872,0.0,32.4023,41.876,0.3778,2.7317,6.8873,0.2034,0.0,7.4685,0.3778,0.0,0.4068,64.8628,0.959,0.0,1.3077,4.5044,2.9642,0.0872,0.0,1.3658,0.0,0.2615,0.0,0.0,0.0,DR,Full-Back
3,1,2.5,0.42,23,8,0,1,657,788,10,25,47,1,0,163,16,0,31,1154,25,0,18,100,24,9,1,26,0,1,1,0,1,2359,35,1048916,Lesley Ugochukwu,lesley-ugochukwu,Burnley,6,Premier League,Midfielder,2025/26,0.1145,0.0382,0.0954,0.016,0.8775,0.3052,0.0,0.0382,25.0657,30.0636,0.3815,0.9538,1.7931,0.0382,0.0,6.2187,0.6104,0.0,1.1827,44.0271,0.9538,0.0,0.6867,3.8152,0.9156,0.3434,0.0382,0.9919,0.0,0.0382,0.0382,0.0,0.0382,MC/DM,Central Mid
2,1,1.25,0.93,23,9,1,1,257,342,13,13,22,10,0,98,7,0,17,578,9,0,2,38,10,9,0,14,0,2,0,0,0,1316,29,1004505,Loum Tchaouna,loum-tchaouna,Burnley,6,Premier League,Midfielder,2025/26,0.1368,0.0684,0.0855,0.0636,1.5729,0.6155,0.0684,0.0684,17.576,23.3891,0.8891,0.8891,1.5046,0.6839,0.0,6.7021,0.4787,0.0,1.1626,39.5289,0.6155,0.0,0.1368,2.5988,0.6839,0.6155,0.0,0.9574,0.0,0.1368,0.0,0.0,0.0,RW,Winger
0,0,0.58,1.48,16,4,1,1,470,560,20,14,41,9,0,140,18,0,12,959,22,0,20,86,39,6,0,3,0,1,1,0,0,1406,20,1136896,Lucas Pires,lucas-pires,Burnley,6,Premier League,Defender,2025/26,0.0,0.0,0.0371,0.0947,1.0242,0.256,0.064,0.064,30.0853,35.8464,1.2802,0.8962,2.6245,0.5761,0.0,8.9616,1.1522,0.0,0.7681,61.3869,1.4083,0.0,1.2802,5.505,2.4964,0.3841,0.0,0.192,0.0,0.064,0.064,0.0,0.0,DL,Full-Back
3,2,3.25,0.49,20,6,2,3,196,280,10,7,14,1,0,79,10,0,32,523,12,0,4,42,20,7,0,28,0,4,0,0,0,1372,26,901907,Lyle Foster,lyle-foster,Burnley,6,Premier League,Forward,2025/26,0.1968,0.1312,0.2132,0.0321,1.312,0.3936,0.1312,0.1968,12.8571,18.3673,0.656,0.4592,0.9184,0.0656,0.0,5.1822,0.656,0.0,2.0991,34.3076,0.7872,0.0,0.2624,2.7551,1.312,0.4592,0.0,1.8367,0.0,0.2624,0.0,0.0,0.0,ST,Striker
1,3,1.49,1.85,23,6,6,2,279,338,20,6,12,5,0,133,14,0,28,548,5,0,2,50,4,9,0,2,0,0,0,0,0,1073,23,795066,Marcus Edwards,marcus-edwards,Burnley,6,Premier League,Forward,2025/26,0.0839,0.2516,0.125,0.1552,1.9292,0.5033,0.5033,0.1678,23.4017,28.3504,1.6775,0.5033,1.0065,0.4194,0.0,11.1556,1.1743,0.0,2.3486,45.9646,0.4194,0.0,0.1678,4.1938,0.3355,0.7549,0.0,0.1678,0.0,0.0,0.0,0.0,0.0,RW/AM,Winger
0,0,0.72,0.66,10,1,1,0,1170,1347,7,52,137,2,0,92,3,0,3,1787,26,0,37,114,221,1,2,80,0,1,0,0,0,2937,34,1117223,Maxime Estève,maxime-esteve,Burnley,6,Premier League,Defender,2025/26,0.0,0.0,0.0221,0.0202,0.3064,0.0306,0.0306,0.0,35.8529,41.2768,0.2145,1.5935,4.1982,0.0613,0.0,2.8192,0.0919,0.0,0.0919,54.76,0.7967,0.0,1.1338,3.4934,6.7722,0.0306,0.0613,2.4515,0.0,0.0306,0.0,0.0,0.0,DC,Centre-Back
0,5,0.34,1.99,9,3,6,1,557,736,20,35,104,11,0,118,5,0,6,1198,32,0,31,69,66,2,1,10,0,1,0,0,0,1830,21,1392044,Quilindschy Hartman,quilindschy-hartman,Burnley,6,Premier League,Defender,2025/26,0.0,0.2459,0.0167,0.0979,0.4426,0.1475,0.2951,0.0492,27.3934,36.1967,0.9836,1.7213,5.1148,0.541,0.0,5.8033,0.2459,0.0,0.2951,58.918,1.5738,0.0,1.5246,3.3934,3.2459,0.0984,0.0492,0.4918,0.0,0.0492,0.0,0.0,0.0,DL,Full-Back
11,0,7.87,0.42,53,21,0,10,180,277,10,10,17,1,0,66,4,0,17,589,10,0,7,33,37,15,0,68,0,5,0,0,0,1808,29,875137,Zian Flemming,zian-flemming,Burnley,6,Premier League,Forward,2025/26,0.5476,0.0,0.3918,0.0209,2.6383,1.0454,0.0,0.4978,8.9602,13.7887,0.4978,0.4978,0.8462,0.0498,0.0,3.2854,0.1991,0.0,0.8462,29.3197,0.4978,0.0,0.3485,1.6427,1.8418,0.7467,0.0,3.385,0.0,0.2489,0.0,0.0,0.0,ST,Striker
1,4,3.45,3.68,33,7,6,7,413,473,29,13,13,8,0,204,14,0,12,745,12,0,4,45,6,10,0,3,0,2,0,0,0,1283,24,1135873,Alejandro Garnacho,alejandro-garnacho,Chelsea,38,Premier League,Forward,2025/26,0.0701,0.2806,0.242,0.2581,2.3149,0.491,0.4209,0.491,28.9712,33.18,2.0343,0.9119,0.9119,0.5612,0.0,14.3102,0.9821,0.0,0.8418,52.2603,0.8418,0.0,0.2806,3.1567,0.4209,0.7015,0.0,0.2104,0.0,0.1403,0.0,0.0,0.0,LW/AM,Winger
1,0,2.0,0.88,11,2,1,3,718,797,8,14,28,0,0,136,2,0,2,987,19,0,20,48,18,2,0,14,0,4,0,0,0,1280,27,1105779,Andrey Santos,santos-andrey,Chelsea,38,Premier League,Midfielder,2025/26,0.0703,0.0,0.1406,0.0619,0.7734,0.1406,0.0703,0.2109,50.4844,56.0391,0.5625,0.9844,1.9687,0.0,0.0,9.5625,0.1406,0.0,0.1406,69.3984,1.3359,0.0,1.4062,3.375,1.2656,0.1406,0.0,0.9844,0.0,0.2812,0.0,0.0,0.0,MC/DM,Central Mid
0,0,0.0,0.07,0,0,0,0,408,439,0,19,34,0,0,25,0,0,0,499,4,0,10,16,27,0,1,8,0,2,0,0,0,471,8,904827,Benoît Badiashile,benoit-badiashile,Chelsea,38,Premier League,Defender,2025/26,0.0,0.0,0.0,0.0134,0.0,0.0,0.0,0.0,77.9618,83.8854,0.0,3.6306,6.4968,0.0,0.0,4.7771,0.0,0.0,0.0,95.3503,0.7643,0.0,1.9108,3.0573,5.1592,0.0,0.1911,1.5287,0.0,0.3822,0.0,0.0,0.0,DC,Centre-Back
10,1,10.56,2.47,64,25,3,6,703,820,25,35,53,5,0,302,22,0,35,1222,12,0,15,83,12,21,0,0,0,5,0,0,0,1965,26,982780,Cole Palmer,cole-palmer,Chelsea,38,Premier League,Midfielder,2025/26,0.458,0.0458,0.4837,0.1131,2.9313,1.145,0.1374,0.2748,32.1985,37.5573,1.145,1.6031,2.4275,0.229,0.0,13.8321,1.0076,0.0,1.6031,55.9695,0.5496,0.0,0.687,3.8015,0.5496,0.9618,0.0,0.0,0.0,0.229,0.0,0.0,0.0,AM,Attacking Mid
10,4,11.29,7.25,72,31,11,9,1755,2040,69,95,158,16,0,574,13,0,41,2608,22,0,21,140,28,20,0,26,0,10,0,0,0,3121,36,974505,Enzo Fernández,enzo-fernandez,Chelsea,38,Premier League,Midfielder,2025/26,0.2884,0.1153,0.3256,0.2091,2.0763,0.8939,0.3172,0.2595,50.6088,58.8273,1.9897,2.7395,4.5562,0.4614,0.0,16.5524,0.3749,0.0,1.1823,75.2067,0.6344,0.0,0.6056,4.0372,0.8074,0.5767,0.0,0.7498,0.0,0.2884,0.0,0.0,0.0,MC/DM/AM,Central Mid
2,2,2.92,2.2,28,8,4,2,218,270,16,5,9,5,0,107,29,0,20,492,5,0,4,36,5,11,0,3,0,4,0,1,0,852,22,1597265,Estêvão,estevao,Chelsea,38,Premier League,Midfielder,2025/26,0.2113,0.2113,0.3085,0.2324,2.9577,0.8451,0.4225,0.2113,23.0282,28.5211,1.6901,0.5282,0.9507,0.5282,0.0,11.3028,3.0634,0.0,2.1127,51.9718,0.5282,0.0,0.4225,3.8028,0.5282,1.162,0.0,0.3169,0.0,0.4225,0.0,0.1056,0.0,RW,Winger
0,2,0.82,0.93,10,2,2,1,118,149,9,3,4,3,0,49,13,0,4,255,3,0,2,15,3,6,0,3,0,0,0,0,0,495,16,1140599,Jamie Gittens,jamie-bynoe-gittens,Chelsea,38,Premier League,Midfielder,2025/26,0.0,0.3636,0.1491,0.1691,1.8182,0.3636,0.3636,0.1818,21.4545,27.0909,1.6364,0.5455,0.7273,0.5455,0.0,8.9091,2.3636,0.0,0.7273,46.3636,0.5455,0.0,0.3636,2.7273,0.5455,1.0909,0.0,0.5455,0.0,0.0,0.0,0.0,0.0,LW,Winger
0,0,0.31,0.63,4,0,1,0,700,761,8,8,26,4,0,96,7,0,4,993,22,0,18,50,39,0,0,16,0,7,0,0,0,1159,22,1153079,Jorrel Hato,jorrel-hato,Chelsea,38,Premier League,Defender,2025/26,0.0,0.0,0.0241,0.0489,0.3106,0.0,0.0777,0.0,54.3572,59.094,0.6212,0.6212,2.019,0.3106,0.0,7.4547,0.5436,0.0,0.3106,77.1096,1.7084,0.0,1.3978,3.8827,3.0285,0.0,0.0,1.2425,0.0,0.5436,0.0,0.0,0.0,DL/DC,Full-Back
1,0,0.63,0.14,4,2,0,0,440,478,2,4,18,1,0,38,11,0,8,599,8,0,11,26,20,2,2,11,0,1,0,0,0,700,17,1403050,Josh Acheampong,josh-acheampong,Chelsea,38,Premier League,Defender,2025/26,0.1286,0.0,0.081,0.018,0.5143,0.2571,0.0,0.0,56.5714,61.4571,0.2571,0.5143,2.3143,0.1286,0.0,4.8857,1.4143,0.0,1.0286,77.0143,1.0286,0.0,1.4143,3.3429,2.5714,0.2571,0.2571,1.4143,0.0,0.1286,0.0,0.0,0.0,DR/DC,Full-Back
15,5,14.96,2.0,73,28,6,12,522,693,29,11,22,1,0,196,40,0,55,1246,18,0,7,72,27,21,0,74,0,5,0,3,0,2674,35,975079,João Pedro,joao-pedro,Chelsea,38,Premier League,Forward,2025/26,0.5049,0.1683,0.5035,0.0673,2.457,0.9424,0.2019,0.4039,17.5692,23.3246,0.9761,0.3702,0.7405,0.0337,0.0,6.5969,1.3463,0.0,1.8512,41.9372,0.6058,0.0,0.2356,2.4233,0.9088,0.7068,0.0,2.4907,0.0,0.1683,0.0,0.101,0.0,ST/AM,Striker
1,0,4.47,0.22,36,11,0,4,132,189,3,1,2,0,0,58,10,0,22,377,3,0,1,25,11,10,0,25,0,4,0,1,0,1139,28,997087,Liam Delap,liam-delap,Chelsea,38,Premier League,Forward,2025/26,0.079,0.0,0.3532,0.0174,2.8446,0.8692,0.0,0.3161,10.4302,14.9342,0.2371,0.079,0.158,0.0,0.0,4.583,0.7902,0.0,1.7384,29.7893,0.2371,0.0,0.079,1.9754,0.8692,0.7902,0.0,1.9754,0.0,0.3161,0.0,0.079,0.0,ST,Striker
2,3,1.56,2.99,12,6,4,1,1097,1264,28,41,83,12,0,308,13,0,16,1807,24,0,31,122,39,3,1,15,0,3,1,0,1,2267,34,996958,Malo Gusto,gusto-malo,Chelsea,38,Premier League,Defender,2025/26,0.0794,0.1191,0.0619,0.1187,0.4764,0.2382,0.1588,0.0397,43.5509,50.1809,1.1116,1.6277,3.2951,0.4764,0.0,12.2276,0.5161,0.0,0.6352,71.738,0.9528,0.0,1.2307,4.8434,1.5483,0.1191,0.0397,0.5955,0.0,0.1191,0.0397,0.0,0.0397,DR,Full-Back
1,4,2.35,3.21,20,6,6,1,1268,1445,39,43,90,13,0,331,1,0,7,2029,40,0,32,113,87,6,0,36,0,8,1,0,0,2710,34,794939,Marc Cucurella,marc-cucurella,Chelsea,38,Premier League,Defender,2025/26,0.0332,0.1328,0.078,0.1066,0.6642,0.1993,0.1993,0.0332,42.1107,47.9889,1.2952,1.428,2.9889,0.4317,0.0,10.9926,0.0332,0.0,0.2325,67.3838,1.3284,0.0,1.0627,3.7528,2.8893,0.1993,0.0,1.1956,0.0,0.2657,0.0332,0.0,0.0,DL,Full-Back
3,1,1.44,2.38,27,7,4,1,1883,2053,19,65,101,2,0,394,15,0,19,2496,46,0,59,177,28,13,1,15,0,11,1,0,1,2802,33,987650,Moisés Caicedo,moises-caicedo,Chelsea,38,Premier League,Midfielder,2025/26,0.0964,0.0321,0.0463,0.0764,0.8672,0.2248,0.1285,0.0321,60.4818,65.9422,0.6103,2.0878,3.2441,0.0642,0.0,12.6552,0.4818,0.0,0.6103,80.1713,1.4775,0.0,1.8951,5.6852,0.8994,0.4176,0.0321,0.4818,0.0,0.3533,0.0321,0.0,0.0321,MC/DM,Central Mid
5,6,4.62,6.83,46,13,12,3,813,931,55,30,45,38,0,397,47,0,25,1510,11,0,6,84,13,22,0,9,0,2,1,0,0,2643,34,879349,Pedro Neto,pedro-neto,Chelsea,38,Premier League,Midfielder,2025/26,0.1703,0.2043,0.1573,0.2326,1.5664,0.4427,0.4086,0.1022,27.6844,31.7026,1.8729,1.0216,1.5323,1.294,0.0,13.5187,1.6005,0.0,0.8513,51.4188,0.3746,0.0,0.2043,2.8604,0.4427,0.7491,0.0,0.3065,0.0,0.0681,0.0341,0.0,0.0,RW/LW,Winger
2,4,1.04,3.19,22,7,8,0,1178,1324,27,57,103,30,0,301,11,0,13,1845,33,0,33,102,41,9,1,31,0,4,0,0,0,1961,29,885908,Reece James,reece-james,Chelsea,38,Premier League,Defender,2025/26,0.0918,0.1836,0.0477,0.1464,1.0097,0.3213,0.3672,0.0,54.0643,60.7649,1.2392,2.616,4.7272,1.3768,0.0,13.8144,0.5048,0.0,0.5966,84.6762,1.5145,0.0,1.5145,4.6813,1.8817,0.4131,0.0459,1.4227,0.0,0.1836,0.0,0.0,0.0,DR/MC/DM,Full-Back
0,0,0.2,0.54,3,0,1,0,263,284,1,12,14,0,0,63,3,0,6,347,7,0,5,20,4,1,0,3,0,0,0,0,0,377,12,1069488,Roméo Lavia,romeo-lavia,Chelsea,38,Premier League,Midfielder,2025/26,0.0,0.0,0.0477,0.1289,0.7162,0.0,0.2387,0.0,62.7851,67.7984,0.2387,2.8647,3.3422,0.0,0.0,15.0398,0.7162,0.0,1.4324,82.8382,1.6711,0.0,1.1936,4.7745,0.9549,0.2387,0.0,0.7162,0.0,0.0,0.0,0.0,0.0,MC/DM,Central Mid
0,0,0.11,0.4,2,0,1,0,685,757,1,20,48,0,0,30,0,0,1,874,8,0,9,22,66,1,1,41,0,2,0,0,0,796,16,352668,Tosin Adarabioyo,tosin-adarabioyo,Chelsea,38,Premier League,Defender,2025/26,0.0,0.0,0.0124,0.0452,0.2261,0.0,0.1131,0.0,77.4497,85.5905,0.1131,2.2613,5.4271,0.0,0.0,3.392,0.0,0.0,0.1131,98.8191,0.9045,0.0,1.0176,2.4874,7.4623,0.1131,0.1131,4.6357,0.0,0.2261,0.0,0.0,0.0,DC,Centre-Back
3,0,1.43,1.05,16,5,1,2,2124,2283,5,50,125,1,0,183,7,0,5,2686,23,0,35,119,178,3,1,75,0,3,1,0,0,2782,34,826134,Trevoh Chalobah,trevoh-chalobah,Chelsea,38,Premier League,Defender,2025/26,0.0971,0.0,0.0463,0.034,0.5176,0.1618,0.0324,0.0647,68.7132,73.8569,0.1618,1.6175,4.0439,0.0324,0.0,5.9202,0.2265,0.0,0.1618,86.8943,0.7441,0.0,1.1323,3.8497,5.7584,0.0971,0.0324,2.4263,0.0,0.0971,0.0324,0.0,0.0,DC/DR,Centre-Back
0,1,0.72,0.62,8,1,1,0,1154,1253,3,30,60,1,0,120,10,0,5,1569,10,0,40,81,129,3,0,69,0,5,2,0,0,1726,25,923894,Wesley Fofana,wesley-fofana,Chelsea,38,Premier League,Defender,2025/26,0.0,0.0521,0.0375,0.0323,0.4171,0.0521,0.0521,0.0,60.1738,65.336,0.1564,1.5643,3.1286,0.0521,0.0,6.2572,0.5214,0.0,0.2607,81.8134,0.5214,0.0,2.0857,4.2236,6.7265,0.1564,0.0,3.5979,0.0,0.2607,0.1043,0.0,0.0,DC/DR,Centre-Back
1,5,1.52,7.38,32,6,14,0,977,1232,44,68,141,28,0,279,15,0,27,1700,37,0,27,165,42,15,0,24,0,4,1,0,1,2562,34,1109771,Adam Wharton,adam-wharton,Crystal Palace,7,Premier League,Midfielder,2025/26,0.0351,0.1756,0.0534,0.2593,1.1241,0.2108,0.4918,0.0,34.3208,43.2787,1.5457,2.3888,4.9532,0.9836,0.0,9.8009,0.5269,0.0,0.9485,59.719,1.2998,0.0,0.9485,5.7963,1.4754,0.5269,0.0,0.8431,0.0,0.1405,0.0351,0.0,0.0351,MC/DM,Central Mid
2,1,2.43,1.31,23,5,1,2,252,382,19,10,43,18,0,97,9,0,12,702,18,0,4,56,32,7,0,16,0,6,0,0,0,1752,34,1085180,Brennan Johnson,brennan-johnson,Crystal Palace,7,Premier League,Forward,2025/26,0.1027,0.0514,0.1248,0.0673,1.1815,0.2568,0.0514,0.1027,12.9452,19.6233,0.976,0.5137,2.2089,0.9247,0.0,4.9829,0.4623,0.0,0.6164,36.0616,0.9247,0.0,0.2055,2.8767,1.6438,0.3596,0.0,0.8219,0.0,0.3082,0.0,0.0,0.0,RW,Winger
0,1,0.33,0.13,4,2,1,2,323,374,1,23,46,0,0,33,1,0,3,460,4,0,6,32,28,0,0,13,0,2,0,0,0,554,9,1064218,Chadi Riad,chadi-riad,Crystal Palace,7,Premier League,Defender,2025/26,0.0,0.1625,0.0536,0.0211,0.6498,0.3249,0.1625,0.3249,52.4729,60.7581,0.1625,3.7365,7.4729,0.0,0.0,5.361,0.1625,0.0,0.4874,74.7292,0.6498,0.0,0.9747,5.1986,4.5487,0.0,0.0,2.1119,0.0,0.3249,0.0,0.0,0.0,DC/DL,Centre-Back
1,0,2.36,1.38,15,2,1,1,1242,1479,9,66,174,5,0,133,4,0,11,2081,35,0,43,65,196,7,2,107,0,4,0,0,0,2826,33,931844,Chris Richards,chris-richards,Crystal Palace,7,Premier League,Defender,2025/26,0.0318,0.0,0.0752,0.0439,0.4777,0.0637,0.0318,0.0318,39.5541,47.1019,0.2866,2.1019,5.5414,0.1592,0.0,4.2357,0.1274,0.0,0.3503,66.2739,1.1146,0.0,1.3694,2.0701,6.242,0.2229,0.0637,3.4076,0.0,0.1274,0.0,0.0,0.0,DC/DR,Centre-Back
0,0,1.65,3.24,19,4,5,1,693,825,20,31,57,11,0,178,12,0,16,1154,37,0,14,108,23,7,0,14,0,3,0,1,0,1908,28,794338,Daichi Kamada,daichi-kamada,Crystal Palace,7,Premier League,Midfielder,2025/26,0.0,0.0,0.0778,0.1528,0.8962,0.1887,0.2358,0.0472,32.6887,38.9151,0.9434,1.4623,2.6887,0.5189,0.0,8.3962,0.566,0.0,0.7547,54.434,1.7453,0.0,0.6604,5.0943,1.0849,0.3302,0.0,0.6604,0.0,0.1415,0.0,0.0472,0.0,MC/DM/AM,Central Mid
4,3,2.44,3.97,27,13,8,1,653,824,28,26,70,14,0,191,2,0,7,1412,48,0,26,97,97,7,0,44,0,7,0,0,0,2403,29,870360,Daniel Muñoz,daniel-munoz,Crystal Palace,7,Premier League,Midfielder,2025/26,0.1498,0.1124,0.0914,0.1487,1.0112,0.4869,0.2996,0.0375,24.4569,30.8614,1.0487,0.9738,2.6217,0.5243,0.0,7.1536,0.0749,0.0,0.2622,52.8839,1.7978,0.0,0.9738,3.633,3.633,0.2622,0.0,1.6479,0.0,0.2622,0.0,0.0,0.0,MR,Winger
2,0,1.77,0.48,15,6,1,1,70,87,7,1,2,0,0,20,5,0,11,216,6,0,2,17,10,6,0,8,0,2,0,0,0,416,12,858194,Eddie Nketiah,eddie-nketiah,Crystal Palace,7,Premier League,Forward,2025/26,0.4327,0.0,0.3829,0.1038,3.2452,1.2981,0.2163,0.2163,15.1442,18.8221,1.5144,0.2163,0.4327,0.0,0.0,4.3269,1.0817,0.0,2.3798,46.7308,1.2981,0.0,0.4327,3.6779,2.1635,1.2981,0.0,1.7308,0.0,0.4327,0.0,0.0,0.0,ST,Striker
1,2,1.56,1.02,11,6,2,3,154,187,5,1,2,0,0,61,14,0,28,412,13,0,5,43,10,1,1,11,0,0,0,0,0,933,21,930245,Evann Guessand,evann-guessand,Crystal Palace,7,Premier League,Forward,2025/26,0.0965,0.1929,0.1505,0.0984,1.0611,0.5788,0.1929,0.2894,14.8553,18.0386,0.4823,0.0965,0.1929,0.0,0.0,5.8842,1.3505,0.0,2.701,39.7428,1.254,0.0,0.4823,4.1479,0.9646,0.0965,0.0965,1.0611,0.0,0.0,0.0,0.0,0.0,ST/RW/AM,Striker
9,1,10.91,1.13,48,21,3,11,338,474,19,8,22,3,0,136,11,0,43,863,9,0,8,80,28,11,0,24,0,2,0,2,0,2176,28,845286,Ismaïla Sarr,ismaila-sarr,Crystal Palace,7,Premier League,Forward,2025/26,0.3722,0.0414,0.4512,0.0467,1.9853,0.8686,0.1241,0.455,13.9798,19.6048,0.7858,0.3309,0.9099,0.1241,0.0,5.625,0.455,0.0,1.7785,35.6939,0.3722,0.0,0.3309,3.3088,1.1581,0.455,0.0,0.9926,0.0,0.0827,0.0,0.0827,0.0,AM/RW,Attacking Mid
0,0,1.48,0.34,7,1,0,3,675,765,3,37,76,0,0,119,2,0,5,1031,24,0,12,54,103,0,1,37,0,3,0,0,1,1347,20,1471671,Jaydee Canvot,jaydee-canvot,Crystal Palace,7,Premier League,Defender,2025/26,0.0,0.0,0.0989,0.0227,0.4677,0.0668,0.0,0.2004,45.1002,51.1136,0.2004,2.4722,5.078,0.0,0.0,7.951,0.1336,0.0,0.3341,68.8864,1.6036,0.0,0.8018,3.608,6.882,0.0,0.0668,2.4722,0.0,0.2004,0.0,0.0,0.0668,DC/DR/DL,Centre-Back
12,0,14.51,1.31,63,32,2,20,196,315,9,11,18,5,0,67,14,0,41,684,5,0,6,57,46,7,0,67,0,2,0,1,0,2222,32,848276,Jean-Philippe Mateta,jean-philippe-mateta,Crystal Palace,7,Premier League,Forward,2025/26,0.486,0.0,0.5877,0.0531,2.5518,1.2961,0.081,0.8101,7.9388,12.7588,0.3645,0.4455,0.7291,0.2025,0.0,2.7138,0.5671,0.0,1.6607,27.7048,0.2025,0.0,0.243,2.3087,1.8632,0.2835,0.0,2.7138,0.0,0.081,0.0,0.0405,0.0,ST,Striker
0,2,1.82,1.48,19,7,3,3,692,871,14,44,98,5,0,137,3,0,9,1193,16,0,25,102,61,5,1,65,0,7,0,1,0,1730,31,355796,Jefferson Lerma,jefferson-lerma,Crystal Palace,7,Premier League,Midfielder,2025/26,0.0,0.104,0.0947,0.077,0.9884,0.3642,0.1561,0.1561,36.0,45.3121,0.7283,2.289,5.0983,0.2601,0.0,7.1272,0.1561,0.0,0.4682,62.0636,0.8324,0.0,1.3006,5.3064,3.1734,0.2601,0.052,3.3815,0.0,0.3642,0.0,0.052,0.0,MC/DM/DC,Central Mid
1,0,2.62,0.38,13,4,0,4,185,253,7,9,28,0,0,60,3,0,11,453,11,0,1,34,12,4,0,8,0,0,0,0,0,830,21,1084311,Justin Devenny,devenny-justin,Crystal Palace,7,Premier League,Midfielder,2025/26,0.1084,0.0,0.2841,0.0412,1.4096,0.4337,0.0,0.4337,20.0602,27.4337,0.759,0.9759,3.0361,0.0,0.0,6.506,0.3253,0.0,1.1928,49.1205,1.1928,0.0,0.1084,3.6867,1.3012,0.4337,0.0,0.8675,0.0,0.0,0.0,0.0,0.0,MC/DM,Central Mid
4,1,5.32,1.11,44,14,1,5,318,493,10,9,19,0,0,109,11,0,27,829,3,0,4,37,38,10,0,80,0,4,0,0,0,2316,36,876599,Jørgen Strand Larsen,jorgen-strand-larsen,Crystal Palace,7,Premier League,Forward,2025/26,0.1554,0.0389,0.2067,0.0431,1.7098,0.544,0.0389,0.1943,12.3575,19.158,0.3886,0.3497,0.7383,0.0,0.0,4.2358,0.4275,0.0,1.0492,32.215,0.1166,0.0,0.1554,1.4378,1.4767,0.3886,0.0,3.1088,0.0,0.1554,0.0,0.0,0.0,ST,Striker
1,2,2.38,0.89,24,7,3,2,1460,1656,7,84,171,2,0,92,7,0,6,2224,38,0,45,94,252,7,1,119,0,4,1,0,2,3087,35,879674,Maxence Lacroix,maxence-lacroix,Crystal Palace,7,Premier League,Defender,2025/26,0.0292,0.0583,0.0694,0.0259,0.6997,0.2041,0.0875,0.0583,42.5656,48.2799,0.2041,2.449,4.9854,0.0583,0.0,2.6822,0.2041,0.0,0.1749,64.8397,1.1079,0.0,1.312,2.7405,7.3469,0.2041,0.0292,3.4694,0.0,0.1166,0.0292,0.0,0.0583,DC,Centre-Back
0,1,0.43,0.68,3,0,2,0,147,184,3,3,12,2,0,40,4,0,1,302,9,0,5,17,26,1,0,2,0,1,0,0,0,604,10,43215,Nathaniel Clyne,nathaniel-clyne,Crystal Palace,7,Premier League,Midfielder,2025/26,0.0,0.149,0.0641,0.1013,0.447,0.0,0.298,0.0,21.904,27.4172,0.447,0.447,1.7881,0.298,0.0,5.9603,0.596,0.0,0.149,45.0,1.3411,0.0,0.745,2.5331,3.8742,0.149,0.0,0.298,0.0,0.149,0.0,0.0,0.0,DR,Full-Back
1,2,1.61,2.52,19,7,4,3,809,1107,29,39,146,22,0,235,15,0,26,2025,63,0,34,187,100,5,0,26,0,6,0,0,0,3253,38,988275,Tyrick Mitchell,tyrick-mitchell,Crystal Palace,7,Premier League,Midfielder,2025/26,0.0277,0.0553,0.0445,0.0697,0.5257,0.1937,0.1107,0.083,22.3824,30.6271,0.8023,1.079,4.0393,0.6087,0.0,6.5017,0.415,0.0,0.7193,56.0252,1.743,0.0,0.9407,5.1737,2.7667,0.1383,0.0,0.7193,0.0,0.166,0.0,0.0,0.0,ML,Winger
0,0,1.09,1.89,17,0,1,1,551,678,21,24,55,12,0,169,11,0,14,946,15,0,15,66,28,7,0,17,0,7,0,0,1,1577,31,193554,Will Hughes,will-hughes,Crystal Palace,7,Premier League,Midfielder,2025/26,0.0,0.0,0.0622,0.1079,0.9702,0.0,0.0571,0.0571,31.4458,38.6937,1.1985,1.3697,3.1389,0.6848,0.0,9.6449,0.6278,0.0,0.799,53.9886,0.8561,0.0,0.8561,3.7666,1.598,0.3995,0.0,0.9702,0.0,0.3995,0.0,0.0,0.0571,MC/DM,Central Mid
2,2,4.51,6.11,45,11,15,5,620,831,48,38,73,16,0,231,18,0,34,1259,20,0,9,101,21,21,0,22,0,4,0,0,0,2100,34,984624,Yéremy Pino,yeremy-pino,Crystal Palace,7,Premier League,Forward,2025/26,0.0857,0.0857,0.1933,0.2619,1.9286,0.4714,0.6429,0.2143,26.5714,35.6143,2.0571,1.6286,3.1286,0.6857,0.0,9.9,0.7714,0.0,1.4571,53.9571,0.8571,0.0,0.3857,4.3286,0.9,0.9,0.0,0.9429,0.0,0.1714,0.0,0.0,0.0,AM/MR/LW,Attacking Mid
9,1,8.91,0.22,43,17,1,10,129,208,12,1,1,0,0,45,14,0,30,561,4,0,1,26,43,11,0,92,0,3,0,0,0,1613,37,987489,Beto,beto,Everton,48,Premier League,Forward,2025/26,0.5022,0.0558,0.4971,0.0123,2.3993,0.9485,0.0558,0.558,7.1978,11.6057,0.6696,0.0558,0.0558,0.0,0.0,2.5108,0.7812,0.0,1.6739,31.3019,0.2232,0.0,0.0558,1.4507,2.3993,0.6138,0.0,5.1333,0.0,0.1674,0.0,0.0,0.0,ST,Striker
0,1,1.24,0.54,20,5,2,1,251,307,10,12,18,3,0,84,7,0,9,452,9,0,3,43,7,8,0,14,0,4,0,0,0,730,20,1017392,Carlos Alcaraz,carlos-alcaraz,Everton,48,Premier League,Midfielder,2025/26,0.0,0.1233,0.1529,0.0666,2.4658,0.6164,0.2466,0.1233,30.9452,37.8493,1.2329,1.4795,2.2192,0.3699,0.0,10.3562,0.863,0.0,1.1096,55.726,1.1096,0.0,0.3699,5.3014,0.863,0.9863,0.0,1.726,0.0,0.4932,0.0,0.0,0.0,MC/AM,Central Mid
0,1,1.39,1.92,24,5,1,1,264,324,15,7,20,10,0,93,7,0,19,555,17,0,10,62,13,12,1,7,0,1,0,0,0,1188,22,935543,Dwight McNeil,dwight-mcneil,Everton,48,Premier League,Midfielder,2025/26,0.0,0.0758,0.1053,0.1455,1.8182,0.3788,0.0758,0.0758,20.0,24.5455,1.1364,0.5303,1.5152,0.7576,0.0,7.0455,0.5303,0.0,1.4394,42.0455,1.2879,0.0,0.7576,4.697,0.9848,0.9091,0.0758,0.5303,0.0,0.0758,0.0,0.0,0.0,ML/LW,Winger
0,0,0.79,0.21,5,2,0,1,166,206,4,5,8,0,0,61,1,0,8,291,10,0,4,25,8,1,0,6,0,0,0,0,0,537,13,1627560,Harrison Armstrong,harrison-armstrong,Everton,48,Premier League,Midfielder,2025/26,0.0,0.0,0.1324,0.0352,0.838,0.3352,0.0,0.1676,27.8212,34.5251,0.6704,0.838,1.3408,0.0,0.0,10.2235,0.1676,0.0,1.3408,48.7709,1.676,0.0,0.6704,4.1899,1.3408,0.1676,0.0,1.0056,0.0,0.0,0.0,0.0,0.0,MC/DM,Central Mid
2,3,2.0,1.77,29,7,2,0,930,1065,13,20,44,4,0,260,7,0,9,1364,20,0,28,114,24,11,0,13,0,1,1,0,0,2101,25,106337,Idrissa Gana Gueye,idrissa-gana-gueye,Everton,48,Premier League,Midfielder,2025/26,0.0857,0.1285,0.0857,0.0758,1.2423,0.2999,0.0857,0.0,39.8382,45.6211,0.5569,0.8567,1.8848,0.1713,0.0,11.1376,0.2999,0.0,0.3855,58.4293,0.8567,0.0,1.1994,4.8834,1.0281,0.4712,0.0,0.5569,0.0,0.0428,0.0428,0.0,0.0,MC/DM,Central Mid
6,3,6.71,4.41,43,22,7,3,790,941,30,6,19,7,0,327,73,0,64,1576,43,0,16,178,19,13,0,11,0,2,0,0,0,2786,32,914309,Iliman Ndiaye,iliman-ndiaye,Everton,48,Premier League,Midfielder,2025/26,0.1938,0.0969,0.2168,0.1425,1.3891,0.7107,0.2261,0.0969,25.5205,30.3984,0.9691,0.1938,0.6138,0.2261,0.0,10.5635,2.3582,0.0,2.0675,50.9117,1.3891,0.0,0.5169,5.7502,0.6138,0.42,0.0,0.3553,0.0,0.0646,0.0,0.0,0.0,LW/RW,Winger
2,6,2.15,3.57,26,8,5,4,482,573,40,18,32,10,0,238,23,0,30,932,15,0,12,87,11,12,0,4,0,3,1,0,0,1631,20,189061,Jack Grealish,jack-grealish,Everton,48,Premier League,Midfielder,2025/26,0.1104,0.3311,0.1186,0.197,1.4347,0.4414,0.2759,0.2207,26.5972,31.6186,2.2072,0.9933,1.7658,0.5518,0.0,13.133,1.2692,0.0,1.6554,51.4286,0.8277,0.0,0.6622,4.8007,0.607,0.6622,0.0,0.2207,0.0,0.1655,0.0552,0.0,0.0,LW,Winger
1,1,1.74,0.99,13,6,0,1,798,1079,17,41,133,13,0,179,6,0,21,1814,32,0,15,114,144,3,1,116,0,6,1,0,1,3131,37,998253,Jake O'Brien,jake-obrien,Everton,48,Premier League,Defender,2025/26,0.0287,0.0287,0.05,0.0285,0.3737,0.1725,0.0,0.0287,22.9384,31.0156,0.4887,1.1785,3.8231,0.3737,0.0,5.1453,0.1725,0.0,0.6036,52.1431,0.9198,0.0,0.4312,3.2769,4.1393,0.0862,0.0287,3.3344,0.0,0.1725,0.0287,0.0,0.0287,DR/DC,Full-Back
2,7,2.03,5.95,45,14,12,0,1564,1793,56,60,131,53,0,490,18,0,15,2654,71,0,59,184,85,11,0,30,0,12,0,0,0,3414,38,927361,James Garner,james-garner,Everton,48,Premier League,Midfielder,2025/26,0.0527,0.1845,0.0535,0.1569,1.1863,0.3691,0.3163,0.0,41.2302,47.2671,1.4763,1.5817,3.4534,1.3972,0.0,12.9174,0.4745,0.0,0.3954,69.9649,1.8717,0.0,1.5554,4.8506,2.2408,0.29,0.0,0.7909,0.0,0.3163,0.0,0.0,0.0,MC/DM,Central Mid
2,3,2.75,2.07,21,10,2,4,1257,1559,19,100,243,2,0,151,4,0,1,2093,29,0,32,88,242,6,1,147,0,8,0,0,1,3330,37,145188,James Tarkowski,james-tarkovsky,Everton,48,Premier League,Defender,2025/26,0.0541,0.0811,0.0743,0.0559,0.5676,0.2703,0.0541,0.1081,33.973,42.1351,0.5135,2.7027,6.5676,0.0541,0.0,4.0811,0.1081,0.0,0.027,56.5676,0.7838,0.0,0.8649,2.3784,6.5405,0.1622,0.027,3.973,0.0,0.2162,0.0,0.0,0.027,DC,Centre-Back
1,0,0.35,0.12,6,2,1,0,294,351,3,21,39,0,0,66,0,0,2,464,5,0,11,29,41,1,0,30,0,1,0,1,0,689,10,979563,Jarrad Branthwaite,jarrad-branthwaite,Everton,48,Premier League,Defender,2025/26,0.1306,0.0,0.0457,0.0157,0.7837,0.2612,0.1306,0.0,38.4035,45.8491,0.3919,2.7431,5.0943,0.0,0.0,8.6212,0.0,0.0,0.2612,60.6096,0.6531,0.0,1.4369,3.7881,5.3556,0.1306,0.0,3.9187,0.0,0.1306,0.0,0.1306,0.0,DC,Centre-Back
8,4,4.31,5.38,39,15,10,3,846,1026,37,23,67,21,0,368,27,0,49,1580,25,0,12,134,28,11,0,21,0,6,0,0,1,2635,31,861970,Kiernan Dewsbury-Hall,kiernan-dewsbury-hall,Everton,48,Premier League,Midfielder,2025/26,0.2732,0.1366,0.1472,0.1838,1.3321,0.5123,0.3416,0.1025,28.8956,35.0436,1.2638,0.7856,2.2884,0.7173,0.0,12.5693,0.9222,0.0,1.6736,53.9658,0.8539,0.0,0.4099,4.5769,0.9564,0.3757,0.0,0.7173,0.0,0.2049,0.0,0.0,0.0342,AM/MC/DM,Attacking Mid
1,0,0.78,0.32,11,1,0,1,131,169,6,3,6,3,0,40,3,0,15,312,12,0,4,28,9,4,0,15,0,0,0,0,0,694,16,1064082,Merlin Röhl,merlin-rohl,Everton,48,Premier League,Midfielder,2025/26,0.1297,0.0,0.1012,0.0415,1.4265,0.1297,0.0,0.1297,16.9885,21.9164,0.7781,0.389,0.7781,0.389,0.0,5.1873,0.389,0.0,1.9452,40.4611,1.5562,0.0,0.5187,3.6311,1.1671,0.5187,0.0,1.9452,0.0,0.0,0.0,0.0,0.0,MC/DM/AM,Central Mid
3,1,2.33,0.51,26,7,0,3,942,1102,2,61,128,0,0,81,6,0,5,1537,23,0,37,88,203,8,0,112,0,1,1,0,0,2619,33,110846,Michael Keane,michael-keane,Everton,48,Premier League,Defender,2025/26,0.1031,0.0344,0.0801,0.0175,0.8935,0.2405,0.0,0.1031,32.3711,37.8694,0.0687,2.0962,4.3986,0.0,0.0,2.7835,0.2062,0.0,0.1718,52.8179,0.7904,0.0,1.2715,3.0241,6.9759,0.2749,0.0,3.8488,0.0,0.0344,0.0344,0.0,0.0,DC,Centre-Back
8,0,8.15,0.47,38,14,2,10,219,362,12,1,3,1,0,90,9,0,23,678,4,0,5,35,25,7,0,130,0,3,0,0,0,1932,38,1395746,Thierno Barry,thierno-barry,Everton,48,Premier League,Forward,2025/26,0.3727,0.0,0.3797,0.0219,1.7702,0.6522,0.0932,0.4658,10.2019,16.8634,0.559,0.0466,0.1398,0.0466,0.0,4.1925,0.4193,0.0,1.0714,31.5839,0.1863,0.0,0.2329,1.6304,1.1646,0.3261,0.0,6.0559,0.0,0.1398,0.0,0.0,0.0,ST,Striker
0,2,0.6,0.71,12,1,3,0,399,490,8,9,17,0,0,108,15,0,28,794,45,0,22,78,9,4,1,22,0,9,0,1,0,1505,29,1085950,Tim Iroegbunam,tim-iroegbunam,Everton,48,Premier League,Midfielder,2025/26,0.0,0.1196,0.0359,0.0425,0.7176,0.0598,0.1794,0.0,23.8605,29.3023,0.4784,0.5382,1.0166,0.0,0.0,6.4585,0.897,0.0,1.6744,47.4817,2.691,0.0,1.3156,4.6645,0.5382,0.2392,0.0598,1.3156,0.0,0.5382,0.0,0.0598,0.0,MC/DM,Central Mid
0,0,0.2,0.16,4,0,0,0,88,102,4,3,4,1,0,29,13,0,10,207,3,0,6,22,4,3,0,2,0,2,0,0,0,371,14,1174472,Tyler Dibling,tyler-dibling,Everton,48,Premier League,Midfielder,2025/26,0.0,0.0,0.0485,0.0388,0.9704,0.0,0.0,0.0,21.3477,24.7439,0.9704,0.7278,0.9704,0.2426,0.0,7.035,3.1536,0.0,2.4259,50.2156,0.7278,0.0,1.4555,5.3369,0.9704,0.7278,0.0,0.4852,0.0,0.4852,0.0,0.0,0.0,RW/MC,Winger
0,0,0.63,1.18,10,5,3,1,89,111,3,1,5,5,0,42,7,0,9,192,5,0,2,14,0,1,0,1,0,2,0,0,0,370,15,1403061,Tyrique George,tyrique-george,Everton,48,Premier League,Forward,2025/26,0.0,0.0,0.1532,0.287,2.4324,1.2162,0.7297,0.2432,21.6486,27.0,0.7297,0.2432,1.2162,1.2162,0.0,10.2162,1.7027,0.0,2.1892,46.7027,1.2162,0.0,0.4865,3.4054,0.0,0.2432,0.0,0.2432,0.0,0.4865,0.0,0.0,0.0,LW,Winger
0,1,0.29,2.46,9,2,1,0,948,1188,23,53,163,20,0,308,10,0,11,2016,28,0,30,107,145,3,1,50,0,6,0,0,0,2960,33,876643,Vitaliy Mykolenko,vitaliy-mykolenko,Everton,48,Premier League,Defender,2025/26,0.0,0.0304,0.0088,0.0748,0.2736,0.0608,0.0304,0.0,28.8243,36.1216,0.6993,1.6115,4.9561,0.6081,0.0,9.3649,0.3041,0.0,0.3345,61.2973,0.8514,0.0,0.9122,3.2534,4.4088,0.0912,0.0304,1.5203,0.0,0.1824,0.0,0.0,0.0,DL,Full-Back
4,3,1.92,4.69,39,15,4,0,1219,1432,44,73,115,32,0,376,19,0,24,1818,19,0,14,127,18,15,0,7,0,3,0,0,0,2434,29,352770,Alex Iwobi,alex-iwobi,Fulham,43,Premier League,Midfielder,2025/26,0.1479,0.1109,0.071,0.1734,1.4421,0.5546,0.1479,0.0,45.074,52.9499,1.627,2.6993,4.2523,1.1832,0.0,13.903,0.7025,0.0,0.8874,67.2227,0.7025,0.0,0.5177,4.696,0.6656,0.5546,0.0,0.2588,0.0,0.1109,0.0,0.0,0.0,LW/MC/DM,Winger
1,0,1.07,1.57,6,1,1,0,640,800,22,33,76,14,0,182,12,0,7,1292,30,0,29,98,55,4,0,18,0,5,0,0,0,1492,22,803174,Antonee Robinson,antonee-robinson,Fulham,43,Premier League,Defender,2025/26,0.0603,0.0,0.0645,0.0947,0.3619,0.0603,0.0603,0.0,38.6059,48.2574,1.3271,1.9906,4.5845,0.8445,0.0,10.9786,0.7239,0.0,0.4223,77.9357,1.8097,0.0,1.7493,5.9115,3.3177,0.2413,0.0,1.0858,0.0,0.3016,0.0,0.0,0.0,DL,Full-Back
1,0,1.72,0.39,13,2,0,0,1497,1706,10,56,154,3,0,157,10,0,17,2130,36,0,22,119,99,6,2,39,0,5,0,1,1,2544,30,861972,Calvin Bassey,calvin-bassey,Fulham,43,Premier League,Defender,2025/26,0.0354,0.0,0.0608,0.0138,0.4599,0.0708,0.0,0.0,52.9599,60.3538,0.3538,1.9811,5.4481,0.1061,0.0,5.5542,0.3538,0.0,0.6014,75.3538,1.2736,0.0,0.7783,4.2099,3.5024,0.2123,0.0708,1.3797,0.0,0.1769,0.0,0.0354,0.0354,DC,Centre-Back
3,0,4.77,1.11,36,11,1,5,838,920,18,9,14,1,0,288,14,0,31,1223,21,0,22,71,18,11,0,7,0,1,0,0,0,1943,37,867445,Emile Smith Rowe,emile-smith-rowe,Fulham,43,Premier League,Midfielder,2025/26,0.139,0.0,0.2209,0.0514,1.6675,0.5095,0.0463,0.2316,38.8163,42.6145,0.8338,0.4169,0.6485,0.0463,0.0,13.3402,0.6485,0.0,1.4359,56.6495,0.9727,0.0,1.019,3.2887,0.8338,0.5095,0.0,0.3242,0.0,0.0463,0.0,0.0,0.0,AM,Attacking Mid
10,7,5.83,4.78,78,25,8,1,631,777,39,37,65,32,0,265,18,0,23,1264,19,0,15,82,48,27,0,5,0,7,0,0,0,2691,36,355528,Harry Wilson,harry-wilson,Fulham,43,Premier League,Midfielder,2025/26,0.3344,0.2341,0.195,0.1599,2.6087,0.8361,0.2676,0.0334,21.1037,25.9866,1.3043,1.2375,2.1739,1.0702,0.0,8.8629,0.602,0.0,0.7692,42.2742,0.6355,0.0,0.5017,2.7425,1.6054,0.903,0.0,0.1672,0.0,0.2341,0.0,0.0,0.0,RW/AM,Winger
1,0,0.8,0.05,2,1,0,0,433,494,0,15,45,0,0,28,1,0,0,589,4,0,6,19,42,0,0,15,0,2,0,0,0,827,13,825719,Issa Diop,issa-diop,Fulham,43,Premier League,Defender,2025/26,0.1088,0.0,0.0871,0.0054,0.2177,0.1088,0.0,0.0,47.1221,53.7606,0.0,1.6324,4.8972,0.0,0.0,3.0472,0.1088,0.0,0.0,64.0992,0.4353,0.0,0.653,2.0677,4.5707,0.0,0.0,1.6324,0.0,0.2177,0.0,0.0,0.0,DC,Centre-Back
0,1,1.48,1.82,16,4,3,2,1958,2275,7,166,362,4,0,227,6,0,3,2749,27,0,36,114,229,3,2,79,0,7,1,0,0,2884,33,362682,Joachim Andersen,joachim-andersen,Fulham,43,Premier League,Defender,2025/26,0.0,0.0312,0.0462,0.0568,0.4993,0.1248,0.0936,0.0624,61.1026,70.9951,0.2184,5.1803,11.2968,0.1248,0.0,7.0839,0.1872,0.0,0.0936,85.7871,0.8426,0.0,1.1234,3.5576,7.1463,0.0936,0.0624,2.4653,0.0,0.2184,0.0312,0.0,0.0,DC,Centre-Back
0,0,0.05,0.56,1,0,1,0,553,626,3,26,74,1,0,44,2,0,0,774,9,0,16,40,75,0,0,17,0,6,0,0,0,965,15,868715,Jorge Cuenca,jorge-cuenca,Fulham,43,Premier League,Defender,2025/26,0.0,0.0,0.0047,0.0522,0.0933,0.0,0.0933,0.0,51.5751,58.3834,0.2798,2.4249,6.9016,0.0933,0.0,4.1036,0.1865,0.0,0.0,72.1865,0.8394,0.0,1.4922,3.7306,6.9948,0.0,0.0,1.5855,0.0,0.5596,0.0,0.0,0.0,DC,Centre-Back
1,2,2.47,0.65,26,11,0,3,278,348,15,3,8,0,0,110,16,0,19,602,14,0,3,59,14,5,1,3,0,4,0,0,0,1310,32,1546231,Josh King,joshua-king,Fulham,43,Premier League,Midfielder,2025/26,0.0687,0.1374,0.1697,0.0447,1.7863,0.7557,0.0,0.2061,19.0992,23.9084,1.0305,0.2061,0.5496,0.0,0.0,7.5573,1.0992,0.0,1.3053,41.3588,0.9618,0.0,0.2061,4.0534,0.9618,0.3435,0.0687,0.2061,0.0,0.2748,0.0,0.0,0.0,AM/MC,Attacking Mid
1,0,0.96,1.42,16,3,1,0,748,886,11,36,77,13,0,145,8,0,16,1407,38,0,27,82,68,6,0,27,0,2,0,0,0,1802,22,190877,Kenny Tete,kenny-tete,Fulham,43,Premier League,Defender,2025/26,0.0499,0.0,0.0479,0.0709,0.7991,0.1498,0.0499,0.0,37.3585,44.2508,0.5494,1.798,3.8457,0.6493,0.0,7.242,0.3996,0.0,0.7991,70.2719,1.8979,0.0,1.3485,4.0954,3.3962,0.2997,0.0,1.3485,0.0,0.0999,0.0,0.0,0.0,DR,Full-Back
1,1,1.2,1.48,25,10,1,1,259,339,14,20,27,12,0,125,44,0,23,669,11,0,9,48,8,6,0,8,0,1,0,1,0,1037,26,1112879,Kevin,kevin,Fulham,43,Premier League,Midfielder,2025/26,0.0868,0.0868,0.1041,0.1284,2.1697,0.8679,0.0868,0.0868,22.4783,29.4214,1.215,1.7358,2.3433,1.0415,0.0,10.8486,3.8187,0.0,1.9961,58.0617,0.9547,0.0,0.7811,4.1659,0.6943,0.5207,0.0,0.6943,0.0,0.0868,0.0,0.0868,0.0,LW,Winger
0,1,1.48,2.11,12,3,1,1,344,401,22,2,8,4,0,164,27,0,23,629,12,0,9,42,3,4,0,6,0,1,0,0,0,1050,23,1065216,Oscar Bobb,oscar-bobb,Fulham,43,Premier League,Midfielder,2025/26,0.0,0.0857,0.1269,0.1809,1.0286,0.2571,0.0857,0.0857,29.4857,34.3714,1.8857,0.1714,0.6857,0.3429,0.0,14.0571,2.3143,0.0,1.9714,53.9143,1.0286,0.0,0.7714,3.6,0.2571,0.3429,0.0,0.5143,0.0,0.0857,0.0,0.0,0.0,RW,Winger
9,3,11.5,0.93,74,19,2,9,329,518,25,16,26,2,0,109,10,0,28,925,21,0,8,55,30,21,1,85,0,5,0,2,0,2206,36,192442,Raúl Jiménez,raul-jimenez,Fulham,43,Premier League,Forward,2025/26,0.3672,0.1224,0.4692,0.0379,3.019,0.7752,0.0816,0.3672,13.4225,21.1333,1.0199,0.6528,1.0607,0.0816,0.0,4.447,0.408,0.0,1.1423,37.738,0.8568,0.0,0.3264,2.2439,1.2239,0.8568,0.0408,3.4678,0.0,0.204,0.0,0.0816,0.0,ST,Striker
1,1,3.34,0.14,32,5,1,6,56,132,8,3,10,0,0,26,5,0,12,332,3,0,2,15,24,11,0,78,0,2,0,0,0,997,21,1015256,Rodrigo Muniz,rodrigo-muniz,Fulham,43,Premier League,Forward,2025/26,0.0903,0.0903,0.3015,0.0126,2.8887,0.4514,0.0903,0.5416,5.0552,11.9157,0.7222,0.2708,0.9027,0.0,0.0,2.347,0.4514,0.0,1.0832,29.9699,0.2708,0.0,0.1805,1.3541,2.1665,0.993,0.0,7.0411,0.0,0.1805,0.0,0.0,0.0,ST,Striker
3,1,1.61,1.81,16,4,3,1,519,679,14,21,58,6,0,139,9,0,18,1247,29,0,25,74,64,6,0,19,0,0,0,0,2,1822,27,836698,Ryan Sessegnon,ryan-sessegnon,Fulham,43,Premier League,Defender,2025/26,0.1482,0.0494,0.0795,0.0894,0.7903,0.1976,0.1482,0.0494,25.6367,33.5401,0.6915,1.0373,2.865,0.2964,0.0,6.8661,0.4446,0.0,0.8891,61.5971,1.4325,0.0,1.2349,3.6553,3.1614,0.2964,0.0,0.9385,0.0,0.0,0.0,0.0,0.0988,DL/ML,Full-Back
3,4,2.07,3.3,25,7,4,2,305,413,24,16,23,8,0,126,18,0,15,634,4,0,7,57,10,8,0,7,0,0,0,0,0,1075,23,822470,Samuel Chukwueze,samuel-chukwueze,Fulham,43,Premier League,Midfielder,2025/26,0.2512,0.3349,0.1733,0.2763,2.093,0.586,0.3349,0.1674,25.5349,34.5767,2.0093,1.3395,1.9256,0.6698,0.0,10.5488,1.507,0.0,1.2558,53.0791,0.3349,0.0,0.586,4.7721,0.8372,0.6698,0.0,0.586,0.0,0.0,0.0,0.0,0.0,RW,Winger
0,1,1.54,1.5,15,3,3,3,1553,1729,21,54,86,3,0,296,9,0,20,2075,40,0,25,133,50,7,1,50,0,5,0,0,1,2911,35,793167,Sander Berge,sander-berge,Fulham,43,Premier League,Midfielder,2025/26,0.0,0.0309,0.0476,0.0464,0.4638,0.0928,0.0928,0.0928,48.0144,53.4559,0.6493,1.6695,2.6589,0.0928,0.0,9.1515,0.2783,0.0,0.6183,64.1532,1.2367,0.0,0.7729,4.112,1.5459,0.2164,0.0309,1.5459,0.0,0.1546,0.0,0.0,0.0309,MC/DM,Central Mid
1,2,2.26,1.91,18,6,3,3,625,730,28,9,17,19,0,172,6,0,9,1057,27,0,18,71,36,5,0,23,0,9,0,0,0,1734,26,371222,Saša Lukić,sasa-lukic,Fulham,43,Premier League,Midfielder,2025/26,0.0519,0.1038,0.1173,0.0991,0.9343,0.3114,0.1557,0.1557,32.4394,37.8893,1.4533,0.4671,0.8824,0.9862,0.0,8.9273,0.3114,0.0,0.4671,54.8616,1.4014,0.0,0.9343,3.6851,1.8685,0.2595,0.0,1.1938,0.0,0.4671,0.0,0.0,0.0,MC/DM,Central Mid
0,0,1.42,1.46,14,6,3,1,687,796,18,33,59,15,0,158,3,0,2,1216,24,0,31,56,65,5,0,27,0,4,0,1,0,1872,30,329417,Timothy Castagne,timothy-castagne,Fulham,43,Premier League,Defender,2025/26,0.0,0.0,0.0683,0.0702,0.6731,0.2885,0.1442,0.0481,33.0288,38.2692,0.8654,1.5865,2.8365,0.7212,0.0,7.5962,0.1442,0.0,0.0962,58.4615,1.1538,0.0,1.4904,2.6923,3.125,0.2404,0.0,1.2981,0.0,0.1923,0.0,0.0481,0.0,DR,Full-Back
2,0,1.21,0.82,17,2,0,0,641,692,11,23,34,2,0,160,4,0,4,785,3,0,4,43,7,7,0,10,0,3,0,0,0,805,24,82566,Tom Cairney,tom-cairney,Fulham,43,Premier League,Midfielder,2025/26,0.2236,0.0,0.1353,0.0917,1.9006,0.2236,0.0,0.0,71.6646,77.3665,1.2298,2.5714,3.8012,0.2236,0.0,17.8882,0.4472,0.0,0.4472,87.764,0.3354,0.0,0.4472,4.8075,0.7826,0.7826,0.0,1.118,0.0,0.3354,0.0,0.0,0.0,MC/DM/AM,Central Mid
5,3,2.92,4.51,55,14,9,1,726,939,63,42,78,45,0,250,20,0,26,1525,36,0,20,119,52,24,0,48,0,3,0,0,1,2378,29,889861,Anton Stach,anton-stach,Leeds United,34,Premier League,Midfielder,2025/26,0.1892,0.1135,0.1105,0.1707,2.0816,0.5299,0.3406,0.0378,27.4769,35.5383,2.3844,1.5896,2.9521,1.7031,0.0,9.4617,0.7569,0.0,0.984,57.7166,1.3625,0.0,0.7569,4.5038,1.968,0.9083,0.0,1.8167,0.0,0.1135,0.0,0.0,0.0378,MC/DM,Central Mid
2,0,1.61,1.47,17,5,1,1,590,690,18,21,43,14,0,130,4,0,8,907,14,0,21,81,15,2,0,12,0,1,0,0,0,1326,28,871886,Ao Tanaka,ao-tanaka,Leeds United,34,Premier League,Midfielder,2025/26,0.1357,0.0,0.1093,0.0998,1.1538,0.3394,0.0679,0.0679,40.0452,46.8326,1.2217,1.4253,2.9186,0.9502,0.0,8.8235,0.2715,0.0,0.543,61.5611,0.9502,0.0,1.4253,5.4977,1.0181,0.1357,0.0,0.8145,0.0,0.0679,0.0,0.0,0.0,MC/DM,Central Mid
4,5,4.55,3.63,47,17,9,4,542,668,34,7,24,10,0,192,31,0,74,1277,25,0,15,130,17,18,0,24,0,3,0,0,1,2473,37,973431,Brenden Aaronson,brenden-aaronson,Leeds United,34,Premier League,Forward,2025/26,0.1456,0.182,0.1656,0.1321,1.7105,0.6187,0.3275,0.1456,19.725,24.3106,1.2374,0.2548,0.8734,0.3639,0.0,6.9875,1.1282,0.0,2.6931,46.4739,0.9098,0.0,0.5459,4.7311,0.6187,0.6551,0.0,0.8734,0.0,0.1092,0.0,0.0,0.0364,AM,Attacking Mid
0,0,0.91,0.73,14,3,1,2,72,119,9,3,8,7,0,41,6,0,4,257,4,0,1,19,8,7,0,7,0,0,0,0,0,566,19,828639,Daniel James,daniel-james,Leeds United,34,Premier League,Midfielder,2025/26,0.0,0.0,0.1447,0.1161,2.2261,0.477,0.159,0.318,11.4488,18.9223,1.4311,0.477,1.2721,1.1131,0.0,6.5194,0.9541,0.0,0.636,40.8657,0.636,0.0,0.159,3.0212,1.2721,1.1131,0.0,1.1131,0.0,0.0,0.0,0.0,0.0,RW,Winger
14,1,15.81,1.09,74,34,2,20,269,460,20,5,10,1,0,130,8,0,29,893,4,0,4,46,36,8,0,128,0,3,0,2,0,2726,35,372344,Dominic Calvert-Lewin,dominic-calvert-lewin,Leeds United,34,Premier League,Forward,2025/26,0.4622,0.033,0.522,0.036,2.4431,1.1225,0.066,0.6603,8.8811,15.1871,0.6603,0.1651,0.3302,0.033,0.0,4.292,0.2641,0.0,0.9574,29.4828,0.1321,0.0,0.1321,1.5187,1.1886,0.2641,0.0,4.226,0.0,0.099,0.0,0.066,0.0,ST,Striker
1,1,2.5,2.25,26,6,1,3,1482,1731,20,83,158,10,0,283,12,0,12,2370,46,0,50,182,83,11,0,57,0,10,0,1,1,3123,35,847097,Ethan Ampadu,ethan-ampadu,Leeds United,34,Premier League,Midfielder,2025/26,0.0288,0.0288,0.072,0.0648,0.7493,0.1729,0.0288,0.0865,42.7089,49.8847,0.5764,2.3919,4.5533,0.2882,0.0,8.1556,0.3458,0.0,0.3458,68.2997,1.3256,0.0,1.4409,5.245,2.3919,0.317,0.0,1.6427,0.0,0.2882,0.0,0.0288,0.0288,MC/DM/DC,Central Mid
0,0,1.1,2.75,18,3,4,0,730,957,21,30,105,24,0,169,39,0,26,1730,44,0,27,112,83,5,1,18,0,4,1,0,0,2642,32,834308,Gabriel Gudmundsson,gabriel-gudmundsson,Leeds United,34,Premier League,Midfielder,2025/26,0.0,0.0,0.0375,0.0937,0.6132,0.1022,0.1363,0.0,24.8675,32.6003,0.7154,1.022,3.5768,0.8176,0.0,5.757,1.3285,0.0,0.8857,58.9326,1.4989,0.0,0.9198,3.8153,2.8274,0.1703,0.0341,0.6132,0.0,0.1363,0.0341,0.0,0.0,DL/ML,Full-Back
0,3,0.47,0.88,7,1,2,1,523,584,11,19,28,4,0,80,6,0,5,748,12,0,15,51,19,1,0,14,0,3,0,0,0,1334,23,911679,Ilia Gruev,ilia-gruev,Leeds United,34,Premier League,Midfielder,2025/26,0.0,0.2024,0.0317,0.0594,0.4723,0.0675,0.1349,0.0675,35.2849,39.4003,0.7421,1.2819,1.8891,0.2699,0.0,5.3973,0.4048,0.0,0.3373,50.4648,0.8096,0.0,1.012,3.4408,1.2819,0.0675,0.0,0.9445,0.0,0.2024,0.0,0.0,0.0,MC/DM,Central Mid
1,2,0.88,0.78,15,6,3,1,857,1010,7,68,136,0,0,77,2,0,0,1319,14,0,24,63,160,4,0,66,0,4,0,0,1,1913,25,886930,Jaka Bijol,jaka-bijol,Leeds United,34,Premier League,Defender,2025/26,0.047,0.0941,0.0414,0.0367,0.7057,0.2823,0.1411,0.047,40.3189,47.517,0.3293,3.1992,6.3983,0.0,0.0,3.6226,0.0941,0.0,0.0,62.0544,0.6587,0.0,1.1291,2.9639,7.5274,0.1882,0.0,3.1051,0.0,0.1882,0.0,0.0,0.047,DC,Centre-Back
2,1,1.67,1.17,24,6,5,2,539,709,12,34,86,6,0,107,3,0,10,1227,37,0,28,70,90,8,0,40,0,4,0,0,0,1916,29,827681,James Justin,james-justin,Leeds United,34,Premier League,Defender,2025/26,0.0939,0.047,0.0784,0.055,1.1273,0.2818,0.2349,0.0939,25.3184,33.3038,0.5637,1.5971,4.0397,0.2818,0.0,5.0261,0.1409,0.0,0.4697,57.6357,1.738,0.0,1.3152,3.2881,4.2276,0.3758,0.0,1.8789,0.0,0.1879,0.0,0.0,0.0,DR/DL,Full-Back
1,2,2.11,3.16,18,4,7,3,674,884,21,33,90,16,0,172,19,0,34,1547,43,0,34,134,73,7,1,24,0,6,0,1,0,2809,34,929132,Jayden Bogle,jayden-bogle,Leeds United,34,Premier League,Midfielder,2025/26,0.032,0.0641,0.0676,0.1012,0.5767,0.1282,0.2243,0.0961,21.5949,28.3232,0.6728,1.0573,2.8836,0.5126,0.0,5.5109,0.6088,0.0,1.0894,49.5657,1.3777,0.0,1.0894,4.2933,2.3389,0.2243,0.032,0.769,0.0,0.1922,0.0,0.032,0.0,DR/MR,Full-Back
2,0,1.41,0.57,18,7,1,1,1267,1450,9,38,95,3,0,130,1,0,6,1921,20,0,29,85,185,4,1,85,0,3,0,0,0,2953,35,828640,Joe Rodon,joe-rodon,Leeds United,34,Premier League,Defender,2025/26,0.061,0.0,0.043,0.0174,0.5486,0.2133,0.0305,0.0305,38.615,44.1923,0.2743,1.1581,2.8954,0.0914,0.0,3.9621,0.0305,0.0,0.1829,58.5472,0.6095,0.0,0.8838,2.5906,5.6383,0.1219,0.0305,2.5906,0.0,0.0914,0.0,0.0,0.0,DC/DR,Centre-Back
6,1,7.23,1.56,30,16,2,7,142,216,11,6,8,0,0,56,7,0,18,413,7,0,3,31,11,5,0,32,0,0,0,0,0,1092,31,803185,Lukas Nmecha,lukas-nmecha,Leeds United,34,Premier League,Forward,2025/26,0.4945,0.0824,0.5959,0.1286,2.4725,1.3187,0.1648,0.5769,11.7033,17.8022,0.9066,0.4945,0.6593,0.0,0.0,4.6154,0.5769,0.0,1.4835,34.0385,0.5769,0.0,0.2473,2.5549,0.9066,0.4121,0.0,2.6374,0.0,0.0,0.0,0.0,0.0,ST,Striker
8,1,5.26,1.32,35,15,4,4,253,332,20,22,28,7,0,107,39,0,31,708,15,0,12,61,16,10,0,12,0,3,0,0,0,1573,28,865523,Noah Okafor,noah-okafor,Leeds United,34,Premier League,Forward,2025/26,0.4577,0.0572,0.301,0.0755,2.0025,0.8582,0.2289,0.2289,14.4755,18.9955,1.1443,1.2587,1.602,0.4005,0.0,6.1221,2.2314,0.0,1.7737,40.5086,0.8582,0.0,0.6866,3.4901,0.9154,0.5722,0.0,0.6866,0.0,0.1716,0.0,0.0,0.0,ST,Striker
0,1,3.02,0.78,31,5,2,4,1627,1839,12,71,153,0,0,171,4,0,8,2295,23,0,31,118,207,8,0,110,0,5,0,0,0,2937,34,836675,Pascal Struijk,pascal-struijk,Leeds United,34,Premier League,Defender,2025/26,0.0,0.0306,0.0925,0.0239,0.9499,0.1532,0.0613,0.1226,49.857,56.3534,0.3677,2.1757,4.6885,0.0,0.0,5.24,0.1226,0.0,0.2451,70.3269,0.7048,0.0,0.9499,3.6159,6.3432,0.2451,0.0,3.3708,0.0,0.1532,0.0,0.0,0.0,DC,Centre-Back
2,2,1.25,1.91,16,4,6,1,380,449,25,15,35,27,0,83,2,0,12,667,23,0,12,43,11,3,0,10,0,2,0,0,0,1046,23,866191,Sean Longstaff,sean-longstaff,Leeds United,34,Premier League,Midfielder,2025/26,0.1721,0.1721,0.1076,0.1643,1.3767,0.3442,0.5163,0.086,32.696,38.6329,2.1511,1.2906,3.0115,2.3231,0.0,7.1415,0.1721,0.0,1.0325,57.3901,1.979,0.0,1.0325,3.6998,0.9465,0.2581,0.0,0.8604,0.0,0.1721,0.0,0.0,0.0,MC,Central Mid
0,0,0.2,0.02,1,0,0,0,121,146,0,11,20,1,0,9,1,0,1,224,4,0,5,13,30,0,0,11,0,1,0,0,0,439,12,826167,Sebastiaan Bornauw,sebastiaan-bornauw,Leeds United,34,Premier League,Defender,2025/26,0.0,0.0,0.041,0.0041,0.205,0.0,0.0,0.0,24.8064,29.9317,0.0,2.2551,4.1002,0.205,0.0,1.8451,0.205,0.0,0.205,45.9226,0.82,0.0,1.0251,2.6651,6.1503,0.0,0.0,2.2551,0.0,0.205,0.0,0.0,0.0,DC,Centre-Back
0,1,0.41,0.72,10,0,1,0,167,218,9,6,8,2,0,76,5,0,9,360,14,0,3,26,12,4,0,1,0,3,0,1,0,535,23,998951,Wilfried Gnonto,wilfried-gnonto,Leeds United,34,Premier League,Forward,2025/26,0.0,0.1682,0.069,0.1211,1.6822,0.0,0.1682,0.0,28.0935,36.6729,1.514,1.0093,1.3458,0.3364,0.0,12.785,0.8411,0.0,1.514,60.5607,2.3551,0.0,0.5047,4.3738,2.0187,0.6729,0.0,0.1682,0.0,0.5047,0.0,0.1682,0.0,RW/LW,Winger
3,1,2.65,0.1,17,6,1,5,55,88,2,3,5,0,0,31,1,0,7,180,6,0,0,13,9,2,0,8,0,0,0,0,0,714,14,823941,Alexander Isak,alexander-isak,Liverpool FC,44,Premier League,Forward,2025/26,0.3782,0.1261,0.334,0.0126,2.1429,0.7563,0.1261,0.6303,6.9328,11.0924,0.2521,0.3782,0.6303,0.0,0.0,3.9076,0.1261,0.0,0.8824,22.6891,0.7563,0.0,0.0,1.6387,1.1345,0.2521,0.0,1.0084,0.0,0.0,0.0,0.0,0.0,ST,Striker
2,4,3.89,1.68,52,12,4,2,1245,1438,36,48,95,9,0,366,11,0,29,1862,26,0,21,112,35,20,0,17,0,7,0,0,0,2675,37,895324,Alexis Mac Allister,alexis-mac-allister,Liverpool FC,44,Premier League,Midfielder,2025/26,0.0673,0.1346,0.1309,0.0565,1.7495,0.4037,0.1346,0.0673,41.8879,48.3813,1.2112,1.615,3.1963,0.3028,0.0,12.314,0.3701,0.0,0.9757,62.6467,0.8748,0.0,0.7065,3.7682,1.1776,0.6729,0.0,0.572,0.0,0.2355,0.0,0.0,0.0,MC/DM,Central Mid
1,0,1.1,1.39,10,3,3,0,592,711,20,27,71,13,0,210,3,0,1,962,9,0,8,40,32,6,1,14,0,0,0,0,0,1188,24,262911,Andy Robertson,andy-robertson,Liverpool FC,44,Premier League,Defender,2025/26,0.0758,0.0,0.0833,0.1053,0.7576,0.2273,0.2273,0.0,44.8485,53.8636,1.5152,2.0455,5.3788,0.9848,0.0,15.9091,0.2273,0.0,0.0758,72.8788,0.6818,0.0,0.6061,3.0303,2.4242,0.4545,0.0758,1.0606,0.0,0.0,0.0,0.0,0.0,DL,Full-Back
7,5,8.46,4.69,87,21,10,8,589,750,54,15,26,11,0,339,34,0,28,1316,14,0,13,87,21,33,0,56,0,3,0,1,0,2754,36,862967,Cody Gakpo,cody-gakpo,Liverpool FC,44,Premier League,Midfielder,2025/26,0.2288,0.1634,0.2765,0.1533,2.8431,0.6863,0.3268,0.2614,19.2484,24.5098,1.7647,0.4902,0.8497,0.3595,0.0,11.0784,1.1111,0.0,0.915,43.0065,0.4575,0.0,0.4248,2.8431,0.6863,1.0784,0.0,1.8301,0.0,0.098,0.0,0.0327,0.0,LW,Winger
0,1,0.24,0.94,6,0,3,0,413,492,4,10,40,4,0,137,7,0,11,808,15,0,13,43,29,4,0,15,0,5,0,0,0,932,15,1008402,Conor Bradley,conor-bradley,Liverpool FC,44,Premier League,Defender,2025/26,0.0,0.0966,0.0232,0.0908,0.5794,0.0,0.2897,0.0,39.882,47.5107,0.3863,0.9657,3.8627,0.3863,0.0,13.2296,0.676,0.0,1.0622,78.0258,1.4485,0.0,1.2554,4.1524,2.8004,0.3863,0.0,1.4485,0.0,0.4828,0.0,0.0,0.0,DR/MR,Full-Back
1,2,2.77,2.79,23,7,4,3,1509,1647,21,62,91,1,0,480,22,0,23,2013,24,0,18,144,29,6,0,11,0,2,0,0,0,1950,34,927353,Curtis Jones,curtis-jones,Liverpool FC,44,Premier League,Midfielder,2025/26,0.0462,0.0923,0.1278,0.1288,1.0615,0.3231,0.1846,0.1385,69.6462,76.0154,0.9692,2.8615,4.2,0.0462,0.0,22.1538,1.0154,0.0,1.0615,92.9077,1.1077,0.0,0.8308,6.6462,1.3385,0.2769,0.0,0.5077,0.0,0.0923,0.0,0.0,0.0,MC/DM,Central Mid
6,7,4.85,6.81,71,23,14,4,1919,2187,78,130,209,68,0,660,26,0,27,2996,32,0,30,187,58,24,2,19,0,8,1,0,0,3233,36,869856,Dominik Szoboszlai,dominik-szoboszlai,Liverpool FC,44,Premier League,Midfielder,2025/26,0.167,0.1949,0.135,0.1896,1.9765,0.6403,0.3897,0.1114,53.421,60.8815,2.1714,3.6189,5.8181,1.893,0.0,18.373,0.7238,0.0,0.7516,83.4024,0.8908,0.0,0.8351,5.2057,1.6146,0.6681,0.0557,0.5289,0.0,0.2227,0.0278,0.0,0.0,MC/AM/DM,Central Mid
2,1,1.5,0.61,17,5,2,1,81,113,3,1,4,0,0,42,2,0,4,223,6,0,4,9,7,6,0,3,0,3,0,0,0,400,26,845386,Federico Chiesa,federico-chiesa,Liverpool FC,44,Premier League,Forward,2025/26,0.45,0.225,0.3375,0.1372,3.825,1.125,0.45,0.225,18.225,25.425,0.675,0.225,0.9,0.0,0.0,9.45,0.45,0.0,0.9,50.175,1.35,0.0,0.9,2.025,1.575,1.35,0.0,0.675,0.0,0.675,0.0,0.0,0.0,ST/RW,Striker
5,3,7.03,5.17,51,18,5,8,1201,1421,61,40,69,5,0,585,39,0,36,1875,26,0,11,115,13,19,0,7,0,1,0,0,0,2388,33,1019322,Florian Wirtz,florian-wirtz,Liverpool FC,44,Premier League,Midfielder,2025/26,0.1884,0.1131,0.2649,0.1948,1.9221,0.6784,0.1884,0.3015,45.2638,53.5553,2.299,1.5075,2.6005,0.1884,0.0,22.0477,1.4698,0.0,1.3568,70.6658,0.9799,0.0,0.4146,4.3342,0.4899,0.7161,0.0,0.2638,0.0,0.0377,0.0,0.0,0.0,AM,Attacking Mid
11,4,9.87,2.67,65,19,3,11,307,400,21,3,5,1,0,162,38,0,26,745,7,0,3,42,27,17,0,31,0,0,0,0,0,1810,28,1048422,Hugo Ekitiké,hugo-ekitike,Liverpool FC,44,Premier League,Forward,2025/26,0.547,0.1989,0.4908,0.1328,3.232,0.9448,0.1492,0.547,15.2652,19.8895,1.0442,0.1492,0.2486,0.0497,0.0,8.0552,1.8895,0.0,1.2928,37.0442,0.3481,0.0,0.1492,2.0884,1.3425,0.8453,0.0,1.5414,0.0,0.0,0.0,0.0,0.0,ST,Striker
1,0,1.21,0.98,12,4,2,2,1943,2168,8,66,144,1,0,249,5,0,5,2638,28,0,29,117,190,3,0,124,0,7,0,0,1,3100,36,826215,Ibrahima Konaté,ibrahima-konate,Liverpool FC,44,Premier League,Defender,2025/26,0.029,0.0,0.0351,0.0285,0.3484,0.1161,0.0581,0.0581,56.4097,62.9419,0.2323,1.9161,4.1806,0.029,0.0,7.229,0.1452,0.0,0.1452,76.5871,0.8129,0.0,0.8419,3.3968,5.5161,0.0871,0.0,3.6,0.0,0.2032,0.0,0.0,0.029,DC,Centre-Back
0,1,0.51,1.58,10,2,5,0,373,441,15,7,25,11,0,157,18,0,17,732,10,0,6,52,13,4,0,7,0,1,0,0,0,1068,21,970361,Jeremie Frimpong,jeremie-frimpong,Liverpool FC,44,Premier League,Defender,2025/26,0.0,0.0843,0.043,0.1331,0.8427,0.1685,0.4213,0.0,31.4326,37.1629,1.264,0.5899,2.1067,0.927,0.0,13.2303,1.5169,0.0,1.4326,61.6854,0.8427,0.0,0.5056,4.382,1.0955,0.3371,0.0,0.5899,0.0,0.0843,0.0,0.0,0.0,MR/DR,Winger
0,2,0.27,0.66,5,1,3,0,255,320,6,10,26,3,0,47,3,0,6,482,7,0,9,20,25,0,0,13,0,4,0,0,0,644,21,318927,Joe Gomez,joe-gomez,Liverpool FC,44,Premier League,Defender,2025/26,0.0,0.2795,0.0377,0.0922,0.6988,0.1398,0.4193,0.0,35.6366,44.7205,0.8385,1.3975,3.6335,0.4193,0.0,6.5683,0.4193,0.0,0.8385,67.3602,0.9783,0.0,1.2578,2.795,3.4938,0.0,0.0,1.8168,0.0,0.559,0.0,0.0,0.0,DC/DR,Centre-Back
2,1,1.59,0.7,9,2,3,0,913,1070,26,28,82,15,0,307,12,0,7,1614,26,0,14,88,71,2,1,33,0,4,0,0,0,2301,34,1097425,Miloš Kerkez,milos-kerkez,Liverpool FC,44,Premier League,Defender,2025/26,0.0782,0.0391,0.0622,0.0274,0.352,0.0782,0.1173,0.0,35.7106,41.8514,1.0169,1.0952,3.2073,0.5867,0.0,12.0078,0.4694,0.0,0.2738,63.1291,1.0169,0.0,0.5476,3.442,2.7771,0.0782,0.0391,1.2907,0.0,0.1565,0.0,0.0,0.0,DL,Full-Back
7,7,8.16,5.31,68,19,11,11,610,793,49,20,40,20,0,354,19,0,50,1323,12,0,4,81,7,23,0,8,0,1,0,0,0,2148,27,159665,Mohamed Salah,mohamed-salah,Liverpool FC,44,Premier League,Midfielder,2025/26,0.2933,0.2933,0.3419,0.2225,2.8492,0.7961,0.4609,0.4609,25.5587,33.2263,2.0531,0.838,1.676,0.838,0.0,14.8324,0.7961,0.0,2.095,55.433,0.5028,0.0,0.1676,3.3939,0.2933,0.9637,0.0,0.3352,0.0,0.0419,0.0,0.0,0.0,RW,Winger
2,1,1.31,2.03,16,6,3,0,167,192,16,3,6,7,0,110,30,0,12,353,2,0,3,19,3,4,0,0,0,0,0,0,0,582,19,1881902,Rio Ngumoha,rio-ngumoha,Liverpool FC,44,Premier League,Forward,2025/26,0.3093,0.1546,0.2026,0.3139,2.4742,0.9278,0.4639,0.0,25.8247,29.6907,2.4742,0.4639,0.9278,1.0825,0.0,17.0103,4.6392,0.0,1.8557,54.5876,0.3093,0.0,0.4639,2.9381,0.4639,0.6186,0.0,0.0,0.0,0.0,0.0,0.0,0.0,LW,Winger
5,3,1.9,2.26,38,13,4,0,1653,1860,29,23,73,0,0,465,32,0,26,2367,36,0,48,128,53,13,0,27,0,5,0,0,0,2996,36,904897,Ryan Gravenberch,ryan-gravenberch,Liverpool FC,44,Premier League,Midfielder,2025/26,0.1502,0.0901,0.0571,0.0679,1.1415,0.3905,0.1202,0.0,49.6562,55.8745,0.8712,0.6909,2.1929,0.0,0.0,13.9686,0.9613,0.0,0.781,71.1048,1.0814,0.0,1.4419,3.8451,1.5921,0.3905,0.0,0.8111,0.0,0.1502,0.0,0.0,0.0,MC/DM,Central Mid
6,0,3.77,1.35,30,14,0,8,2485,2792,12,137,298,0,0,410,2,0,1,3261,13,0,28,87,275,4,2,174,0,4,0,0,1,3420,38,151545,Virgil van Dijk,virgil-van-dijk,Liverpool FC,44,Premier League,Defender,2025/26,0.1579,0.0,0.0992,0.0355,0.7895,0.3684,0.0,0.2105,65.3947,73.4737,0.3158,3.6053,7.8421,0.0,0.0,10.7895,0.0526,0.0,0.0263,85.8158,0.3421,0.0,0.7368,2.2895,7.2368,0.1053,0.0526,4.5789,0.0,0.1053,0.0,0.0,0.0263,DC,Centre-Back
0,0,0.68,0.57,7,1,0,1,991,1080,6,41,79,1,0,130,7,0,2,1304,20,0,33,75,56,0,0,15,0,2,0,0,0,1429,21,1194333,Abdukodir Khusanov,abdukodir-khusanov,Manchester City,17,Premier League,Defender,2025/26,0.0,0.0,0.0428,0.0359,0.4409,0.063,0.0,0.063,62.4143,68.0196,0.3779,2.5822,4.9755,0.063,0.0,8.1875,0.4409,0.0,0.126,82.1274,1.2596,0.0,2.0784,4.7236,3.5269,0.0,0.0,0.9447,0.0,0.126,0.0,0.0,0.0,DC/DR,Centre-Back
17,4,11.09,3.12,83,41,8,7,749,936,39,26,52,8,0,341,59,0,63,1702,32,0,13,143,29,14,0,59,0,7,0,0,1,3200,37,934354,Antoine Semenyo,antoine-semenyo,Manchester City,17,Premier League,Midfielder,2025/26,0.4781,0.1125,0.3119,0.0878,2.3344,1.1531,0.225,0.1969,21.0656,26.325,1.0969,0.7313,1.4625,0.225,0.0,9.5906,1.6594,0.0,1.7719,47.8688,0.9,0.0,0.3656,4.0219,0.8156,0.3938,0.0,1.6594,0.0,0.1969,0.0,0.0,0.0281,LW/RW,Winger
2,4,2.56,4.08,30,7,7,1,1989,2205,47,69,120,19,0,630,21,0,34,2661,28,0,22,146,34,13,0,4,0,10,0,0,0,2890,38,331209,Bernardo Silva,bernardo-silva,Manchester City,17,Premier League,Midfielder,2025/26,0.0623,0.1246,0.0797,0.1271,0.9343,0.218,0.218,0.0311,61.9412,68.6678,1.4637,2.1488,3.737,0.5917,0.0,19.6194,0.654,0.0,1.0588,82.8685,0.872,0.0,0.6851,4.5467,1.0588,0.4048,0.0,0.1246,0.0,0.3114,0.0,0.0,0.0,MC/DM/RW,Central Mid
27,8,25.43,2.85,126,59,9,30,252,384,25,4,14,1,0,107,17,0,23,778,9,0,5,41,42,24,0,73,0,2,0,0,0,2958,35,839956,Erling Haaland,erling-haaland,Manchester City,17,Premier League,Forward,2025/26,0.8215,0.2434,0.7737,0.0867,3.8337,1.7951,0.2738,0.9128,7.6673,11.6836,0.7606,0.1217,0.426,0.0304,0.0,3.2556,0.5172,0.0,0.6998,23.6714,0.2738,0.0,0.1521,1.2475,1.2779,0.7302,0.0,2.2211,0.0,0.0609,0.0,0.0,0.0,ST,Striker
0,0,0.0,0.09,0,0,0,0,282,302,1,7,13,0,0,34,2,0,1,351,1,0,3,19,21,0,1,11,0,0,0,0,0,449,9,152077,John Stones,john-stones,Manchester City,17,Premier League,Defender,2025/26,0.0,0.0,0.0,0.018,0.0,0.0,0.0,0.0,56.5256,60.5345,0.2004,1.4031,2.6058,0.0,0.0,6.8151,0.4009,0.0,0.2004,70.3563,0.2004,0.0,0.6013,3.8085,4.2094,0.0,0.2004,2.2049,0.0,0.0,0.0,0.0,0.0,DC,Centre-Back
2,2,2.4,0.71,17,6,1,2,936,1047,6,38,78,1,0,203,2,0,4,1249,13,0,15,50,61,4,0,29,0,2,0,0,1,1374,18,964994,Joško Gvardiol,josko-gvardiol,Manchester City,17,Premier League,Defender,2025/26,0.131,0.131,0.1572,0.0465,1.1135,0.393,0.0655,0.131,61.31,68.5808,0.393,2.4891,5.1092,0.0655,0.0,13.2969,0.131,0.0,0.262,81.8122,0.8515,0.0,0.9825,3.2751,3.9956,0.262,0.0,1.8996,0.0,0.131,0.0,0.0,0.0655,DL/DC,Full-Back
5,5,2.75,6.18,39,15,13,4,640,772,60,14,22,16,0,386,84,0,49,1319,15,0,13,88,2,15,0,4,0,0,0,2,0,1784,30,934386,Jérémy Doku,jeremy-doku,Manchester City,17,Premier League,Midfielder,2025/26,0.2522,0.2522,0.1387,0.3118,1.9675,0.7567,0.6558,0.2018,32.287,38.9462,3.0269,0.7063,1.1099,0.8072,0.0,19.4731,4.2377,0.0,2.472,66.5415,0.7567,0.0,0.6558,4.4395,0.1009,0.7567,0.0,0.2018,0.0,0.0,0.0,0.1009,0.0,LW,Winger
3,3,4.12,2.32,32,9,5,6,2070,2309,18,77,188,3,0,398,7,0,18,2808,31,0,50,138,164,8,2,103,0,6,0,1,0,3150,35,877994,Marc Guéhi,marc-guehi,Manchester City,17,Premier League,Defender,2025/26,0.0857,0.0857,0.1177,0.0663,0.9143,0.2571,0.1429,0.1714,59.1429,65.9714,0.5143,2.2,5.3714,0.0857,0.0,11.3714,0.2,0.0,0.5143,80.2286,0.8857,0.0,1.4286,3.9429,4.6857,0.2286,0.0571,2.9429,0.0,0.1714,0.0,0.0286,0.0,DC/DL,Centre-Back
1,5,0.35,2.24,7,2,6,0,1922,2157,28,61,118,16,0,600,28,0,18,2886,40,0,30,169,100,1,1,42,0,5,0,1,1,2865,34,945122,Matheus Nunes,matheus-nunes,Manchester City,17,Premier League,Defender,2025/26,0.0314,0.1571,0.011,0.0704,0.2199,0.0628,0.1885,0.0,60.377,67.7592,0.8796,1.9162,3.7068,0.5026,0.0,18.8482,0.8796,0.0,0.5654,90.6597,1.2565,0.0,0.9424,5.3089,3.1414,0.0314,0.0314,1.3194,0.0,0.1571,0.0,0.0314,0.0314,DR,Full-Back
0,0,0.72,0.53,6,1,2,1,440,496,7,7,25,3,0,110,0,0,0,608,5,0,5,17,31,2,0,18,0,1,0,0,0,703,18,149663,Nathan Aké,nathan-ake,Manchester City,17,Premier League,Defender,2025/26,0.0,0.0,0.0922,0.0679,0.7681,0.128,0.256,0.128,56.33,63.4993,0.8962,0.8962,3.2006,0.3841,0.0,14.0825,0.0,0.0,0.0,77.8378,0.6401,0.0,0.6401,2.1764,3.9687,0.256,0.0,2.3044,0.0,0.128,0.0,0.0,0.0,DC/DL,Centre-Back
1,0,0.7,1.11,14,2,1,0,1189,1316,11,35,61,1,0,299,12,0,15,1571,30,0,24,90,44,9,0,33,0,6,0,0,0,1575,25,954056,Nico González,nico-gonzalez,Manchester City,17,Premier League,Midfielder,2025/26,0.0571,0.0,0.04,0.0634,0.8,0.1143,0.0571,0.0,67.9429,75.2,0.6286,2.0,3.4857,0.0571,0.0,17.0857,0.6857,0.0,0.8571,89.7714,1.7143,0.0,1.3714,5.1429,2.5143,0.5143,0.0,1.8857,0.0,0.3429,0.0,0.0,0.0,MC/DM,Central Mid
5,3,6.03,2.69,41,15,6,7,1167,1354,23,17,54,9,0,326,24,0,34,2068,36,0,20,109,72,13,0,51,0,5,0,0,0,2648,34,1142703,Nico O'Reilly,nico-o-reilly,Manchester City,17,Premier League,Defender,2025/26,0.1699,0.102,0.2049,0.0914,1.3935,0.5098,0.2039,0.2379,39.6639,46.0196,0.7817,0.5778,1.8353,0.3059,0.0,11.0801,0.8157,0.0,1.1556,70.287,1.2236,0.0,0.6798,3.7047,2.4471,0.4418,0.0,1.7334,0.0,0.1699,0.0,0.0,0.0,DL/MC,Full-Back
3,3,2.71,0.79,30,9,3,2,141,162,12,1,1,0,0,64,10,0,15,322,7,0,2,20,2,9,0,3,0,3,0,0,0,734,21,873554,Omar Marmoush,omar-marmoush,Manchester City,17,Premier League,Forward,2025/26,0.3678,0.3678,0.3323,0.0969,3.6785,1.1035,0.3678,0.2452,17.2888,19.8638,1.4714,0.1226,0.1226,0.0,0.0,7.8474,1.2262,0.0,1.8392,39.4823,0.8583,0.0,0.2452,2.4523,0.2452,1.1035,0.0,0.3678,0.0,0.3678,0.0,0.0,0.0,ST/LW,Striker
7,5,6.42,4.77,55,19,11,6,1067,1210,55,50,79,40,0,373,25,0,33,1662,16,0,9,102,12,19,0,6,0,4,0,0,0,2107,33,859765,Phil Foden,phil-foden,Manchester City,17,Premier League,Midfielder,2025/26,0.299,0.2136,0.2742,0.2037,2.3493,0.8116,0.4699,0.2563,45.5766,51.6849,2.3493,2.1357,3.3745,1.7086,0.0,15.9326,1.0679,0.0,1.4096,70.9919,0.6834,0.0,0.3844,4.3569,0.5126,0.8116,0.0,0.2563,0.0,0.1709,0.0,0.0,0.0,AM/RW,Attacking Mid
0,2,0.59,2.02,10,2,2,1,533,590,12,7,20,6,0,182,22,0,12,875,22,0,13,49,18,2,0,14,0,2,0,0,0,976,17,931278,Rayan Aït-Nouri,rayan-ait-nouri,Manchester City,17,Premier League,Defender,2025/26,0.0,0.1844,0.0544,0.1863,0.9221,0.1844,0.1844,0.0922,49.1496,54.4057,1.1066,0.6455,1.8443,0.5533,0.0,16.7828,2.0287,0.0,1.1066,80.6865,2.0287,0.0,1.1988,4.5184,1.6598,0.1844,0.0,1.291,0.0,0.1844,0.0,0.0,0.0,DL/ML,Full-Back
4,12,4.13,8.65,55,13,19,2,1104,1277,61,31,64,24,0,480,51,0,34,1758,18,0,7,91,7,23,0,1,0,1,0,0,0,1794,33,979128,Rayan Cherki,cherki-rayan,Manchester City,17,Premier League,Midfielder,2025/26,0.2007,0.602,0.2072,0.4339,2.7592,0.6522,0.9532,0.1003,55.3846,64.0635,3.0602,1.5552,3.2107,1.204,0.0,24.0803,2.5585,0.0,1.7057,88.194,0.903,0.0,0.3512,4.5652,0.3512,1.1538,0.0,0.0502,0.0,0.0502,0.0,0.0,0.0,AM/RW,Attacking Mid
0,1,0.19,1.39,3,0,2,0,241,285,7,9,16,0,0,82,2,0,8,387,3,0,7,15,6,1,0,1,0,2,0,0,0,423,11,1136731,Rico Lewis,rico-lewis,Manchester City,17,Premier League,Defender,2025/26,0.0,0.2128,0.0404,0.2957,0.6383,0.0,0.4255,0.0,51.2766,60.6383,1.4894,1.9149,3.4043,0.0,0.0,17.4468,0.4255,0.0,1.7021,82.3404,0.6383,0.0,1.4894,3.1915,1.2766,0.2128,0.0,0.2128,0.0,0.4255,0.0,0.0,0.0,DR/DM,Full-Back
1,0,1.13,2.59,16,3,2,0,1458,1618,25,90,131,1,0,340,7,0,11,1869,22,0,14,107,41,6,0,39,0,3,0,0,0,1513,21,827606,Rodri,rodri,Manchester City,17,Premier League,Midfielder,2025/26,0.0595,0.0,0.0672,0.1541,0.9518,0.1785,0.119,0.0,86.7284,96.2459,1.4871,5.3536,7.7925,0.0595,0.0,20.2247,0.4164,0.0,0.6543,111.1765,1.3087,0.0,0.8328,6.3648,2.4389,0.3569,0.0,2.3199,0.0,0.1785,0.0,0.0,0.0,DM/MC,Central Mid
2,0,0.56,0.64,10,4,0,1,1629,1752,7,53,102,3,0,237,3,0,3,2012,6,0,23,73,117,3,0,58,0,3,0,0,0,2149,26,318941,Rúben Dias,ruben-dias,Manchester City,17,Premier League,Defender,2025/26,0.0838,0.0,0.0235,0.0268,0.4188,0.1675,0.0,0.0419,68.2224,73.3737,0.2932,2.2196,4.2718,0.1256,0.0,9.9255,0.1256,0.0,0.1256,84.2624,0.2513,0.0,0.9632,3.0572,4.9,0.1256,0.0,2.429,0.0,0.1256,0.0,0.0,0.0,DC,Centre-Back
1,1,2.33,1.62,20,11,0,6,309,373,9,5,16,7,0,157,17,0,9,598,5,0,5,39,6,3,0,0,0,2,0,1,0,846,24,1046795,Sávio,savio,Manchester City,17,Premier League,Midfielder,2025/26,0.1064,0.1064,0.2479,0.1723,2.1277,1.1702,0.0,0.6383,32.8723,39.6809,0.9574,0.5319,1.7021,0.7447,0.0,16.7021,1.8085,0.0,0.9574,63.617,0.5319,0.0,0.5319,4.1489,0.6383,0.3191,0.0,0.0,0.0,0.2128,0.0,0.1064,0.0,LW/RW,Winger
5,2,4.45,2.34,49,16,4,5,711,798,18,13,26,10,0,275,20,0,16,1098,4,0,10,58,20,13,0,3,0,2,0,0,0,1640,28,893549,Tijjani Reijnders,tijjani-reijnders,Manchester City,17,Premier League,Midfielder,2025/26,0.2744,0.1098,0.2442,0.1284,2.689,0.878,0.2195,0.2744,39.0183,43.7927,0.9878,0.7134,1.4268,0.5488,0.0,15.0915,1.0976,0.0,0.878,60.2561,0.2195,0.0,0.5488,3.1829,1.0976,0.7134,0.0,0.1646,0.0,0.1098,0.0,0.0,0.0,MC/DM/AM,Central Mid
2,3,5.57,4.78,53,23,7,6,795,904,41,23,33,11,0,330,39,0,25,1415,25,0,17,113,29,14,1,13,0,2,0,1,0,2344,32,971037,Amad Diallo,diallo-amad,Manchester United,35,Premier League,Midfielder,2025/26,0.0768,0.1152,0.2139,0.1835,2.035,0.8831,0.2688,0.2304,30.5247,34.7099,1.5742,0.8831,1.2671,0.4224,0.0,12.6706,1.4974,0.0,0.9599,54.3302,0.9599,0.0,0.6527,4.3387,1.1135,0.5375,0.0384,0.4991,0.0,0.0768,0.0,0.0384,0.0,RW/AM/MR,Winger
0,1,0.35,0.18,3,0,1,1,447,494,2,17,30,0,0,33,6,0,1,631,13,0,1,40,60,1,0,18,0,2,0,0,0,938,17,1445799,Ayden Heaven,heaven-ayden,Manchester United,35,Premier League,Defender,2025/26,0.0,0.0959,0.0336,0.0173,0.2878,0.0,0.0959,0.0959,42.8891,47.3987,0.1919,1.6311,2.8785,0.0,0.0,3.1663,0.5757,0.0,0.0959,60.5437,1.2473,0.0,0.0959,3.838,5.7569,0.0959,0.0,1.7271,0.0,0.1919,0.0,0.0,0.0,DC,Centre-Back
11,1,9.2,0.28,61,34,0,12,211,306,9,4,6,0,0,64,10,0,30,556,3,0,3,38,15,10,0,64,0,2,0,0,0,1635,30,986397,Benjamin Šeško,benjamin-sesko,Manchester United,35,Premier League,Forward,2025/26,0.6055,0.055,0.5064,0.0154,3.3578,1.8716,0.0,0.6606,11.6147,16.844,0.4954,0.2202,0.3303,0.0,0.0,3.5229,0.5505,0.0,1.6514,30.6055,0.1651,0.0,0.1651,2.0917,0.8257,0.5505,0.0,3.5229,0.0,0.1101,0.0,0.0,0.0,ST,Striker
9,21,10.83,12.32,85,24,33,8,1639,1994,137,138,230,55,0,662,15,0,30,2647,32,0,20,167,42,30,0,21,0,5,0,0,1,3066,35,288205,Bruno Fernandes,bruno-fernandes,Manchester United,35,Premier League,Midfielder,2025/26,0.2642,0.6164,0.3179,0.3616,2.4951,0.7045,0.9687,0.2348,48.1115,58.5323,4.0215,4.0509,6.7515,1.6145,0.0,19.4325,0.4403,0.0,0.8806,77.7006,0.9393,0.0,0.5871,4.9022,1.2329,0.8806,0.0,0.6164,0.0,0.1468,0.0,0.0,0.0294,AM/MC/DM,Attacking Mid
11,3,12.19,5.04,73,32,6,13,629,796,47,15,28,35,0,296,18,0,29,1326,11,0,8,91,14,14,0,15,0,4,0,1,0,2621,33,927083,Bryan Mbeumo,bryan-mbeumo,Manchester United,35,Premier League,Forward,2025/26,0.3777,0.103,0.4186,0.1731,2.5067,1.0988,0.206,0.4464,21.5986,27.3331,1.6139,0.5151,0.9615,1.2018,0.0,10.1641,0.6181,0.0,0.9958,45.5322,0.3777,0.0,0.2747,3.1248,0.4807,0.4807,0.0,0.5151,0.0,0.1374,0.0,0.0343,0.0,RW/AM,Winger
9,2,5.52,3.12,52,18,4,6,1301,1600,36,86,159,4,0,306,6,0,13,2128,45,0,31,138,73,16,0,57,0,9,1,0,0,2593,34,122951,Casemiro,casemiro,Manchester United,35,Premier League,Midfielder,2025/26,0.3124,0.0694,0.1916,0.1083,1.8049,0.6248,0.1388,0.2083,45.1562,55.5341,1.2495,2.985,5.5187,0.1388,0.0,10.6209,0.2083,0.0,0.4512,73.8604,1.5619,0.0,1.076,4.7898,2.5337,0.5553,0.0,1.9784,0.0,0.3124,0.0347,0.0,0.0,MC/DM,Central Mid
1,3,2.0,2.57,24,6,5,4,962,1132,29,41,67,17,0,270,18,0,16,1785,30,0,27,135,92,3,1,52,0,5,0,0,0,2616,34,843200,Diogo Dalot,diogo-dalot,Manchester United,35,Premier League,Defender,2025/26,0.0344,0.1032,0.0688,0.0884,0.8257,0.2064,0.172,0.1376,33.0963,38.945,0.9977,1.4106,2.305,0.5849,0.0,9.289,0.6193,0.0,0.5505,61.4106,1.0321,0.0,0.9289,4.6445,3.1651,0.1032,0.0344,1.789,0.0,0.172,0.0,0.0,0.0,DR/ML/MR,Full-Back
1,2,1.11,0.52,14,4,2,1,733,851,4,47,110,1,0,66,1,0,2,1067,17,0,13,62,105,3,1,59,0,3,1,0,2,1667,23,149380,Harry Maguire,harry-maguire,Manchester United,35,Premier League,Defender,2025/26,0.054,0.108,0.0599,0.0281,0.7558,0.216,0.108,0.054,39.5741,45.9448,0.216,2.5375,5.9388,0.054,0.0,3.5633,0.054,0.0,0.108,57.6065,0.9178,0.0,0.7019,3.3473,5.6689,0.162,0.054,3.1854,0.0,0.162,0.054,0.0,0.108,DC,Centre-Back
2,1,2.95,0.35,25,9,2,5,182,245,11,3,7,2,0,48,5,0,13,393,6,0,1,19,11,6,0,20,0,3,0,0,0,666,24,917007,Joshua Zirkzee,joshua-zirkzee,Manchester United,35,Premier League,Forward,2025/26,0.2703,0.1351,0.3986,0.0473,3.3784,1.2162,0.2703,0.6757,24.5946,33.1081,1.4865,0.4054,0.9459,0.2703,0.0,6.4865,0.6757,0.0,1.7568,53.1081,0.8108,0.0,0.1351,2.5676,1.4865,0.8108,0.0,2.7027,0.0,0.4054,0.0,0.0,0.0,ST,Striker
1,2,0.48,1.28,13,3,1,0,934,1047,22,22,39,4,0,229,19,0,31,1353,20,0,20,95,25,5,0,15,0,2,0,0,0,1670,28,1142175,Kobbie Mainoo,kobbie-mainoo,Manchester United,35,Premier League,Midfielder,2025/26,0.0539,0.1078,0.0259,0.069,0.7006,0.1617,0.0539,0.0,50.3353,56.4251,1.1856,1.1856,2.1018,0.2156,0.0,12.3413,1.024,0.0,1.6707,72.9162,1.0778,0.0,1.0778,5.1198,1.3473,0.2695,0.0,0.8084,0.0,0.1078,0.0,0.0,0.0,MC/DM,Central Mid
0,0,1.39,0.63,9,3,0,2,873,987,4,36,75,1,0,132,2,0,5,1240,21,0,31,73,85,1,0,44,0,1,0,0,1,1748,32,1153315,Leny Yoro,leny-yoro,Manchester United,35,Premier League,Defender,2025/26,0.0,0.0,0.0716,0.0324,0.4634,0.1545,0.0,0.103,44.9485,50.8181,0.2059,1.8535,3.8616,0.0515,0.0,6.7963,0.103,0.0,0.2574,63.8444,1.0812,0.0,1.5961,3.7586,4.3764,0.0515,0.0,2.2654,0.0,0.0515,0.0,0.0,0.0515,DC/DR,Centre-Back
0,0,0.15,0.6,5,0,1,0,844,939,5,44,97,1,0,117,14,0,2,1109,12,0,12,67,62,3,0,12,0,0,1,0,0,1237,18,859999,Lisandro Martínez,lisandro-martinez,Manchester United,35,Premier League,Defender,2025/26,0.0,0.0,0.0109,0.0437,0.3638,0.0,0.0728,0.0,61.4066,68.3185,0.3638,3.2013,7.0574,0.0728,0.0,8.5125,1.0186,0.0,0.1455,80.6871,0.8731,0.0,0.8731,4.8747,4.5109,0.2183,0.0,0.8731,0.0,0.0,0.0728,0.0,0.0,DC/DL,Centre-Back
1,1,0.71,1.98,10,3,1,0,1486,1712,16,59,119,9,0,309,10,0,6,2329,45,0,46,107,95,4,0,64,0,9,0,0,0,3231,38,190839,Luke Shaw,luke-shaw,Manchester United,35,Premier League,Defender,2025/26,0.0279,0.0279,0.0198,0.0552,0.2786,0.0836,0.0279,0.0,41.3928,47.688,0.4457,1.6435,3.3148,0.2507,0.0,8.6072,0.2786,0.0,0.1671,64.8747,1.2535,0.0,1.2813,2.9805,2.6462,0.1114,0.0,1.7827,0.0,0.2507,0.0,0.0,0.0,DL/DC,Full-Back
0,0,0.71,0.2,13,1,0,1,427,502,3,13,27,0,0,97,7,0,11,699,29,0,20,51,20,5,0,11,0,1,0,0,0,900,22,846425,Manuel Ugarte,manuel-ugarte,Manchester United,35,Premier League,Midfielder,2025/26,0.0,0.0,0.071,0.02,1.3,0.1,0.0,0.1,42.7,50.2,0.3,1.3,2.7,0.0,0.0,9.7,0.7,0.0,1.1,69.9,2.9,0.0,2.0,5.1,2.0,0.5,0.0,1.1,0.0,0.1,0.0,0.0,0.0,MC/DM,Central Mid
3,0,1.5,1.62,19,5,1,1,350,429,14,23,37,1,0,146,7,0,15,606,13,0,9,60,9,6,0,7,0,2,0,1,0,1018,23,836694,Mason Mount,mason-mount,Manchester United,35,Premier League,Midfielder,2025/26,0.2652,0.0,0.1326,0.1432,1.6798,0.442,0.0884,0.0884,30.943,37.9273,1.2377,2.0334,3.2711,0.0884,0.0,12.9077,0.6189,0.0,1.3261,53.5756,1.1493,0.0,0.7957,5.3045,0.7957,0.5305,0.0,0.6189,0.0,0.1768,0.0,0.0884,0.0,AM/MC,Attacking Mid
10,2,7.06,3.28,90,35,4,4,708,880,35,22,42,11,0,283,44,0,53,1515,23,0,21,127,22,32,0,28,0,4,0,2,0,2503,33,886363,Matheus Cunha,matheus-cunha,Manchester United,35,Premier League,Forward,2025/26,0.3596,0.0719,0.2539,0.1179,3.2361,1.2585,0.1438,0.1438,25.4575,31.642,1.2585,0.7911,1.5102,0.3955,0.0,10.1758,1.5821,0.0,1.9057,54.4746,0.827,0.0,0.7551,4.5665,0.7911,1.1506,0.0,1.0068,0.0,0.1438,0.0,0.0719,0.0,AM/ST,Attacking Mid
1,0,1.46,0.77,11,3,2,1,537,612,3,21,44,4,0,35,1,0,1,791,13,0,15,40,68,3,0,50,0,0,0,0,0,1170,13,803031,Matthijs de Ligt,matthijs-de-ligt,Manchester United,35,Premier League,Defender,2025/26,0.0769,0.0,0.1123,0.0592,0.8462,0.2308,0.1538,0.0769,41.3077,47.0769,0.2308,1.6154,3.3846,0.3077,0.0,2.6923,0.0769,0.0,0.0769,60.8462,1.0,0.0,1.1538,3.0769,5.2308,0.2308,0.0,3.8462,0.0,0.0,0.0,0.0,0.0,DC,Centre-Back
0,0,0.19,0.36,5,0,0,0,474,543,7,19,40,4,0,134,8,0,4,798,16,0,14,46,54,3,0,18,0,3,0,0,0,1022,20,847030,Noussair Mazraoui,noussair-mazraoui,Manchester United,35,Premier League,Defender,2025/26,0.0,0.0,0.0167,0.0317,0.4403,0.0,0.0,0.0,41.7417,47.818,0.6164,1.6732,3.5225,0.3523,0.0,11.8004,0.7045,0.0,0.3523,70.274,1.409,0.0,1.2329,4.0509,4.7554,0.2642,0.0,1.5851,0.0,0.2642,0.0,0.0,0.0,DR/DL/DC/MR,Full-Back
4,4,2.35,1.85,26,12,6,3,384,505,27,7,19,15,0,133,11,0,22,979,31,0,15,77,32,5,0,44,0,5,0,0,0,1461,26,1397168,Patrick Dorgu,dorgu-patrick,Manchester United,35,Premier League,Midfielder,2025/26,0.2464,0.2464,0.1448,0.114,1.6016,0.7392,0.3696,0.1848,23.655,31.1088,1.6632,0.4312,1.1704,0.924,0.0,8.193,0.6776,0.0,1.3552,60.308,1.9097,0.0,0.924,4.7433,1.9713,0.308,0.0,2.7105,0.0,0.308,0.0,0.0,0.0,ML/DL,Winger
0,1,1.67,1.76,17,4,2,1,344,426,15,8,12,12,0,154,13,0,18,731,11,0,3,32,6,5,0,13,0,0,0,0,0,1338,32,979232,Anthony Elanga,anthony-elanga,Newcastle United,39,Premier League,Forward,2025/26,0.0,0.0673,0.1123,0.1184,1.1435,0.2691,0.1345,0.0673,23.139,28.6547,1.009,0.5381,0.8072,0.8072,0.0,10.3587,0.8744,0.0,1.2108,49.1704,0.7399,0.0,0.2018,2.1525,0.4036,0.3363,0.0,0.8744,0.0,0.0,0.0,0.0,0.0,RW,Winger
6,2,8.83,3.37,48,20,5,9,423,517,26,17,26,15,0,203,33,0,26,937,13,0,3,57,13,11,1,8,0,3,1,1,0,1817,26,914902,Anthony Gordon,anthony-gordon,Newcastle United,39,Premier League,Forward,2025/26,0.2972,0.0991,0.4374,0.1669,2.3775,0.9906,0.2477,0.4458,20.9521,25.6081,1.2878,0.842,1.2878,0.743,0.0,10.055,1.6346,0.0,1.2878,46.4117,0.6439,0.0,0.1486,2.8233,0.6439,0.5449,0.0495,0.3963,0.0,0.1486,0.0495,0.0495,0.0,LW,Winger
9,5,5.6,4.98,42,23,7,4,1250,1451,46,81,134,21,0,446,18,0,46,2034,43,0,15,135,36,6,0,13,0,6,0,2,0,2455,29,866469,Bruno Guimarães,bruno-guimaraes,Newcastle United,39,Premier League,Midfielder,2025/26,0.3299,0.1833,0.2053,0.1826,1.5397,0.8432,0.2566,0.1466,45.8248,53.1935,1.6864,2.9695,4.9124,0.7699,0.0,16.3503,0.6599,0.0,1.6864,74.5662,1.5764,0.0,0.5499,4.9491,1.3198,0.22,0.0,0.4766,0.0,0.22,0.0,0.0733,0.0,MC/DM,Central Mid
1,2,1.06,0.4,10,3,0,1,836,1054,7,29,103,1,0,110,2,0,6,1505,26,0,21,76,152,3,0,98,0,9,1,1,1,2209,29,99090,Dan Burn,dan-burn,Newcastle United,39,Premier League,Defender,2025/26,0.0407,0.0815,0.0432,0.0163,0.4074,0.1222,0.0,0.0407,34.0607,42.9425,0.2852,1.1815,4.1965,0.0407,0.0,4.4817,0.0815,0.0,0.2445,61.3173,1.0593,0.0,0.8556,3.0964,6.1928,0.1222,0.0,3.9928,0.0,0.3667,0.0407,0.0407,0.0407,DC/DL,Centre-Back
0,0,0.98,0.61,17,4,0,2,672,796,4,71,154,1,0,78,0,0,1,975,10,0,18,43,71,4,0,46,0,1,0,0,0,1091,16,101882,Fabian Schär,fabian-schar,Newcastle United,39,Premier League,Defender,2025/26,0.0,0.0,0.0808,0.0503,1.4024,0.33,0.0,0.165,55.4354,65.6645,0.33,5.857,12.7039,0.0825,0.0,6.4345,0.0,0.0,0.0825,80.4308,0.8249,0.0,1.4849,3.5472,5.857,0.33,0.0,3.7947,0.0,0.0825,0.0,0.0,0.0,DC,Centre-Back
7,1,7.07,2.75,58,21,4,9,472,585,24,8,16,15,0,244,13,0,24,945,5,0,3,67,16,19,0,7,0,1,0,0,0,1961,37,855647,Harvey Barnes,harvey-barnes,Newcastle United,39,Premier League,Forward,2025/26,0.3213,0.0459,0.3245,0.1262,2.6619,0.9638,0.1836,0.4131,21.6624,26.8485,1.1015,0.3672,0.7343,0.6884,0.0,11.1984,0.5966,0.0,1.1015,43.3707,0.2295,0.0,0.1377,3.075,0.7343,0.872,0.0,0.3213,0.0,0.0459,0.0,0.0,0.0,LW,Winger
3,2,3.15,2.74,42,13,10,3,366,499,23,20,38,24,0,173,20,0,19,908,12,0,6,47,17,14,0,7,0,2,0,0,1,1627,33,372336,Jacob Murphy,jacob-murphy,Newcastle United,39,Premier League,Midfielder,2025/26,0.1659,0.1106,0.1742,0.1516,2.3233,0.7191,0.5532,0.1659,20.2459,27.603,1.2723,1.1063,2.102,1.3276,0.0,9.5698,1.1063,0.0,1.051,50.2274,0.6638,0.0,0.3319,2.5999,0.9404,0.7744,0.0,0.3872,0.0,0.1106,0.0,0.0,0.0553,RW,Winger
2,3,1.19,1.43,16,4,2,1,635,707,22,16,23,4,0,206,15,0,13,917,22,0,9,85,10,6,0,9,0,3,1,0,1,1465,28,975937,Jacob Ramsey,jacob-ramsey,Newcastle United,39,Premier League,Midfielder,2025/26,0.1229,0.1843,0.0731,0.0878,0.9829,0.2457,0.1229,0.0614,39.0102,43.4334,1.3515,0.9829,1.413,0.2457,0.0,12.6553,0.9215,0.0,0.7986,56.3345,1.3515,0.0,0.5529,5.2218,0.6143,0.3686,0.0,0.5529,0.0,0.1843,0.0614,0.0,0.0614,LW/MC,Winger
0,2,1.26,1.1,17,6,4,1,302,359,14,10,22,3,0,117,7,0,12,554,14,0,9,52,6,3,0,10,0,3,0,0,0,1011,24,888550,Joe Willock,joe-willock,Newcastle United,39,Premier League,Midfielder,2025/26,0.0,0.178,0.1122,0.0979,1.5134,0.5341,0.3561,0.089,26.8843,31.9585,1.2463,0.8902,1.9585,0.2671,0.0,10.4154,0.6231,0.0,1.0682,49.3175,1.2463,0.0,0.8012,4.6291,0.5341,0.2671,0.0,0.8902,0.0,0.2671,0.0,0.0,0.0,MC,Central Mid
2,1,2.39,1.35,32,11,3,1,694,839,17,22,34,2,0,209,16,0,26,1198,24,0,30,120,40,9,0,63,0,10,0,0,0,1953,27,560128,Joelinton,joelinton,Newcastle United,39,Premier League,Midfielder,2025/26,0.0922,0.0461,0.1101,0.0622,1.4747,0.5069,0.1382,0.0461,31.9816,38.6636,0.7834,1.0138,1.5668,0.0922,0.0,9.6313,0.7373,0.0,1.1982,55.2074,1.106,0.0,1.3825,5.53,1.8433,0.4147,0.0,2.9032,0.0,0.4608,0.0,0.0,0.0,MC,Central Mid
0,1,0.08,2.01,2,0,1,0,861,1061,28,49,124,34,0,279,4,0,6,1482,14,0,10,73,48,0,0,24,0,3,0,0,0,1592,21,69256,Kieran Trippier,kieran-trippier,Newcastle United,39,Premier League,Defender,2025/26,0.0,0.0565,0.0045,0.1136,0.1131,0.0,0.0565,0.0,48.6746,59.9812,1.5829,2.7701,7.0101,1.9221,0.0,15.7726,0.2261,0.0,0.3392,83.7814,0.7915,0.0,0.5653,4.1269,2.7136,0.0,0.0,1.3568,0.0,0.1696,0.0,0.0,0.0,DR,Full-Back
1,1,1.01,2.75,25,6,5,1,1075,1261,25,47,112,20,0,324,37,0,38,2021,31,0,28,134,77,11,1,26,0,4,0,0,0,2179,30,1136730,Lewis Hall,lewis-hall,Newcastle United,39,Premier League,Defender,2025/26,0.0413,0.0413,0.0417,0.1136,1.0326,0.2478,0.2065,0.0413,44.4011,52.0835,1.0326,1.9413,4.626,0.8261,0.0,13.3823,1.5282,0.0,1.5695,83.4741,1.2804,0.0,1.1565,5.5346,3.1804,0.4543,0.0413,1.0739,0.0,0.1652,0.0,0.0,0.0,DL,Full-Back
1,4,1.34,2.11,12,4,3,2,754,840,15,21,34,6,0,192,12,0,9,1121,18,0,20,69,34,4,0,45,0,0,0,0,0,1494,23,1400650,Lewis Miley,lewis-miley,Newcastle United,39,Premier League,Midfielder,2025/26,0.0602,0.241,0.0807,0.1271,0.7229,0.241,0.1807,0.1205,45.4217,50.6024,0.9036,1.2651,2.0482,0.3614,0.0,11.5663,0.7229,0.0,0.5422,67.5301,1.0843,0.0,1.2048,4.1566,2.0482,0.241,0.0,2.7108,0.0,0.0,0.0,0.0,0.0,MC,Central Mid
4,0,4.72,0.97,28,14,1,6,1519,1695,6,85,148,1,0,192,8,0,3,2114,32,0,31,118,184,8,2,114,0,4,0,0,1,2964,35,1014286,Malick Thiaw,malick-thiaw,Newcastle United,39,Premier League,Defender,2025/26,0.1215,0.0,0.1433,0.0295,0.8502,0.4251,0.0304,0.1822,46.1235,51.4676,0.1822,2.581,4.4939,0.0304,0.0,5.83,0.2429,0.0,0.0911,64.1903,0.9717,0.0,0.9413,3.583,5.587,0.2429,0.0607,3.4615,0.0,0.1215,0.0,0.0,0.0304,DC,Centre-Back
8,3,6.59,1.53,32,13,5,6,293,384,22,8,15,0,0,115,13,0,42,680,12,0,5,53,21,8,0,35,0,0,0,0,0,1939,33,980623,Nick Woltemade,nick-woltemade,Newcastle United,39,Premier League,Forward,2025/26,0.3713,0.1392,0.3059,0.071,1.4853,0.6034,0.2321,0.2785,13.5998,17.8236,1.0211,0.3713,0.6962,0.0,0.0,5.3378,0.6034,0.0,1.9495,31.5627,0.557,0.0,0.2321,2.46,0.9747,0.3713,0.0,1.6245,0.0,0.0,0.0,0.0,0.0,ST,Striker
0,2,1.74,2.89,37,8,6,1,1319,1563,32,71,150,20,0,374,19,0,17,2030,26,0,31,147,37,18,0,13,0,4,0,0,0,2543,35,892673,Sandro Tonali,sandro-tonali,Newcastle United,39,Premier League,Midfielder,2025/26,0.0,0.0708,0.0616,0.1023,1.3095,0.2831,0.2123,0.0354,46.6811,55.3166,1.1325,2.5128,5.3087,0.7078,0.0,13.2363,0.6724,0.0,0.6017,71.8443,0.9202,0.0,1.0971,5.2025,1.3095,0.637,0.0,0.4601,0.0,0.1416,0.0,0.0,0.0,MC/DM,Central Mid
1,1,1.74,0.88,15,4,3,1,1037,1190,8,47,109,0,0,41,4,0,5,1521,14,0,27,88,141,4,0,87,0,2,0,0,1,1838,25,910046,Sven Botman,sven-botman,Newcastle United,39,Premier League,Defender,2025/26,0.049,0.049,0.0852,0.0431,0.7345,0.1959,0.1469,0.049,50.778,58.2699,0.3917,2.3014,5.3373,0.0,0.0,2.0076,0.1959,0.0,0.2448,74.4777,0.6855,0.0,1.3221,4.309,6.9042,0.1959,0.0,4.2601,0.0,0.0979,0.0,0.0,0.049,DC,Centre-Back
0,1,0.14,0.95,3,0,1,0,580,653,11,20,34,9,0,206,14,0,9,1007,15,0,6,81,39,2,0,9,0,1,0,0,0,1328,17,980634,Tino Livramento,tino-livramento,Newcastle United,39,Premier League,Defender,2025/26,0.0,0.0678,0.0095,0.0644,0.2033,0.0,0.0678,0.0,39.3072,44.2545,0.7455,1.3554,2.3042,0.6099,0.0,13.9608,0.9488,0.0,0.6099,68.2455,1.0166,0.0,0.4066,5.4895,2.6431,0.1355,0.0,0.6099,0.0,0.0678,0.0,0.0,0.0,DR/DL,Full-Back
7,0,4.29,0.62,23,12,0,4,65,81,6,0,2,2,0,24,8,0,13,223,5,0,1,23,0,7,0,9,0,0,0,0,0,863,24,1122603,William Osula,william-osula,Newcastle United,39,Premier League,Forward,2025/26,0.73,0.0,0.4474,0.0647,2.3986,1.2514,0.0,0.4171,6.7787,8.4473,0.6257,0.0,0.2086,0.2086,0.0,2.5029,0.8343,0.0,1.3557,23.2561,0.5214,0.0,0.1043,2.3986,0.0,0.73,0.0,0.9386,0.0,0.0,0.0,0.0,0.0,ST,Striker
1,1,3.12,0.56,13,5,1,6,65,93,4,4,5,0,0,30,1,0,6,162,5,0,0,14,2,0,0,15,0,3,0,0,0,539,19,805123,Yoane Wissa,yoane-wissa,Newcastle United,39,Premier League,Forward,2025/26,0.167,0.167,0.521,0.0935,2.1707,0.8349,0.167,1.0019,10.8534,15.5288,0.6679,0.6679,0.8349,0.0,0.0,5.0093,0.167,0.0,1.0019,27.0501,0.8349,0.0,0.0,2.3377,0.334,0.0,0.0,2.5046,0.0,0.5009,0.0,0.0,0.0,ST,Striker
3,4,2.8,2.98,30,10,5,1,586,657,44,24,37,13,0,329,30,0,22,1005,7,0,8,68,14,10,0,3,0,0,0,0,0,1849,30,867442,Callum Hudson Odoi,callum-hudson-odoi,Nottingham Forest,14,Premier League,Midfielder,2025/26,0.146,0.1947,0.1363,0.1451,1.4602,0.4867,0.2434,0.0487,28.5235,31.9794,2.1417,1.1682,1.801,0.6328,0.0,16.0141,1.4602,0.0,1.0708,48.9183,0.3407,0.0,0.3894,3.3099,0.6814,0.4867,0.0,0.146,0.0,0.0,0.0,0.0,0.0,LW,Winger
3,0,4.25,0.32,23,9,0,4,111,160,5,2,3,0,0,41,1,0,2,241,1,0,1,14,9,0,0,26,0,0,0,0,0,906,15,50480,Chris Wood,chris-wood,Nottingham Forest,14,Premier League,Forward,2025/26,0.298,0.0,0.4222,0.0318,2.2848,0.894,0.0,0.3974,11.0265,15.894,0.4967,0.1987,0.298,0.0,0.0,4.0728,0.0993,0.0,0.1987,23.9404,0.0993,0.0,0.0993,1.3907,0.894,0.0,0.0,2.5828,0.0,0.0,0.0,0.0,0.0,ST,Striker
1,1,1.06,1.54,15,4,2,1,221,282,14,7,13,9,0,99,13,0,19,555,13,0,10,50,12,4,0,11,0,1,0,0,0,1176,24,944327,Dan Ndoye,dan-ndoye,Nottingham Forest,14,Premier League,Midfielder,2025/26,0.0765,0.0765,0.0811,0.1179,1.148,0.3061,0.1531,0.0765,16.9133,21.5816,1.0714,0.5357,0.9949,0.6888,0.0,7.5765,0.9949,0.0,1.4541,42.4745,0.9949,0.0,0.7653,3.8265,0.9184,0.3061,0.0,0.8418,0.0,0.0765,0.0,0.0,0.0,LW/RW,Winger
0,2,0.55,1.01,9,3,2,1,155,196,11,2,8,8,0,67,8,0,5,333,3,0,0,28,2,2,0,1,0,1,0,0,0,552,14,963298,Dilane Bakwa,dilane-bakwa,Nottingham Forest,14,Premier League,Midfielder,2025/26,0.0,0.3261,0.0897,0.1647,1.4674,0.4891,0.3261,0.163,25.2717,31.9565,1.7935,0.3261,1.3043,1.3043,0.0,10.9239,1.3043,0.0,0.8152,54.2935,0.4891,0.0,0.0,4.5652,0.3261,0.3261,0.0,0.163,0.0,0.163,0.0,0.0,0.0,RW/MR,Winger
4,4,2.9,4.79,44,10,9,1,2038,2383,55,119,223,51,0,582,50,0,62,3300,63,0,41,306,49,18,0,66,0,8,0,0,1,3334,38,994546,Elliot Anderson,elliot-anderson,Nottingham Forest,14,Premier League,Midfielder,2025/26,0.108,0.108,0.0783,0.1293,1.1878,0.2699,0.243,0.027,55.015,64.3281,1.4847,3.2124,6.0198,1.3767,0.0,15.7109,1.3497,0.0,1.6737,89.0822,1.7007,0.0,1.1068,8.2603,1.3227,0.4859,0.0,1.7816,0.0,0.216,0.0,0.0,0.027,MC/DM,Central Mid
2,2,1.15,1.8,16,5,2,1,830,956,12,38,68,0,0,180,11,0,15,1294,30,0,25,114,50,2,0,24,0,5,0,0,2,2080,28,843754,Ibrahim Sangaré,ibrahim-sangare,Nottingham Forest,14,Premier League,Midfielder,2025/26,0.0865,0.0865,0.0498,0.0779,0.6923,0.2163,0.0865,0.0433,35.9135,41.3654,0.5192,1.6442,2.9423,0.0,0.0,7.7885,0.476,0.0,0.649,55.9904,1.2981,0.0,1.0817,4.9327,2.1635,0.0865,0.0,1.0385,0.0,0.2163,0.0,0.0,0.0865,MC/DM,Central Mid
6,4,6.64,1.27,70,21,5,3,333,458,15,13,16,3,0,109,11,0,43,883,16,0,3,61,30,31,0,81,0,2,0,0,0,2320,37,981619,Igor Jesus,igor-jesus,Nottingham Forest,14,Premier League,Forward,2025/26,0.2328,0.1552,0.2576,0.0493,2.7155,0.8147,0.194,0.1164,12.9181,17.7672,0.5819,0.5043,0.6207,0.1164,0.0,4.2284,0.4267,0.0,1.6681,34.2543,0.6207,0.0,0.1164,2.3664,1.1638,1.2026,0.0,3.1422,0.0,0.0776,0.0,0.0,0.0,ST,Striker
0,0,0.29,0.07,3,1,0,1,177,221,1,5,21,0,0,16,2,0,1,304,5,0,5,13,31,2,1,5,0,0,0,0,0,525,9,1170722,Jair,jair-paula,Nottingham Forest,14,Premier League,Defender,2025/26,0.0,0.0,0.0497,0.012,0.5143,0.1714,0.0,0.1714,30.3429,37.8857,0.1714,0.8571,3.6,0.0,0.0,2.7429,0.3429,0.0,0.1714,52.1143,0.8571,0.0,0.8571,2.2286,5.3143,0.3429,0.1714,0.8571,0.0,0.0,0.0,0.0,0.0,DC,Centre-Back
0,0,0.0,0.42,0,0,0,0,83,100,2,5,10,0,0,21,2,0,0,163,7,0,3,15,9,0,0,2,0,0,0,0,0,355,7,979144,Luca Netz,netz-luca,Nottingham Forest,14,Premier League,Defender,2025/26,0.0,0.0,0.0,0.1065,0.0,0.0,0.0,0.0,21.0423,25.3521,0.507,1.2676,2.5352,0.0,0.0,5.3239,0.507,0.0,0.0,41.3239,1.7746,0.0,0.7606,3.8028,2.2817,0.0,0.0,0.507,0.0,0.0,0.0,0.0,0.0,DL/ML,Full-Back
1,0,1.32,0.16,5,2,0,2,646,757,2,48,104,0,0,57,5,0,0,980,17,0,11,53,87,0,1,23,0,5,0,0,0,1366,21,985086,Morato,morato,Nottingham Forest,14,Premier League,Defender,2025/26,0.0659,0.0,0.087,0.0105,0.3294,0.1318,0.0,0.1318,42.5622,49.8755,0.1318,3.1625,6.8521,0.0,0.0,3.7555,0.3294,0.0,0.0,64.5681,1.1201,0.0,0.7247,3.4919,5.7321,0.0,0.0659,1.5154,0.0,0.3294,0.0,0.0,0.0,DC/DL,Centre-Back
15,4,10.84,2.92,83,32,5,10,980,1208,49,42,75,9,0,439,30,0,37,1744,15,0,13,110,32,24,1,41,0,1,0,1,0,3110,37,865912,Morgan Gibbs-White,morgan-gibbs-white,Nottingham Forest,14,Premier League,Midfielder,2025/26,0.4341,0.1158,0.3137,0.0845,2.4019,0.926,0.1447,0.2894,28.3601,34.9582,1.418,1.2154,2.1704,0.2605,0.0,12.7042,0.8682,0.0,1.0707,50.4695,0.4341,0.0,0.3762,3.1833,0.926,0.6945,0.0289,1.1865,0.0,0.0289,0.0,0.0289,0.0,AM,Attacking Mid
1,0,0.74,0.48,11,4,1,0,946,1132,8,82,168,0,0,130,9,0,9,1483,22,0,34,102,130,5,0,24,0,5,0,0,0,2133,25,1199282,Murillo,murillo,Nottingham Forest,14,Premier League,Defender,2025/26,0.0422,0.0,0.0312,0.0203,0.4641,0.1688,0.0422,0.0,39.9156,47.7637,0.3376,3.4599,7.0886,0.0,0.0,5.4852,0.3797,0.0,0.3797,62.5738,0.9283,0.0,1.4346,4.3038,5.4852,0.211,0.0,1.0127,0.0,0.211,0.0,0.0,0.0,DC,Centre-Back
2,3,1.97,3.96,46,19,5,2,1084,1325,37,47,150,29,0,306,31,0,28,2387,62,0,47,164,88,18,1,39,0,6,1,0,1,3206,37,927356,Neco Williams,neco-williams,Nottingham Forest,14,Premier League,Defender,2025/26,0.0561,0.0842,0.0553,0.1112,1.2913,0.5334,0.1404,0.0561,30.4304,37.1959,1.0387,1.3194,4.2109,0.8141,0.0,8.5901,0.8702,0.0,0.786,67.0087,1.7405,0.0,1.3194,4.6039,2.4704,0.5053,0.0281,1.0948,0.0,0.1684,0.0281,0.0,0.0281,DL/DR,Full-Back
1,1,1.47,0.79,18,5,2,1,456,535,12,15,24,6,0,124,6,0,5,733,30,0,7,58,17,8,0,13,0,3,0,0,0,1193,27,871765,Nicolás Domínguez,nicolas-dominguez,Nottingham Forest,14,Premier League,Midfielder,2025/26,0.0754,0.0754,0.1109,0.0596,1.3579,0.3772,0.1509,0.0754,34.4007,40.3604,0.9053,1.1316,1.8106,0.4526,0.0,9.3546,0.4526,0.0,0.3772,55.2976,2.2632,0.0,0.5281,4.3755,1.2825,0.6035,0.0,0.9807,0.0,0.2263,0.0,0.0,0.0,MC/DM,Central Mid
2,0,1.34,0.44,5,3,1,0,314,399,7,13,47,8,0,79,2,0,2,637,12,0,4,27,29,1,0,7,0,2,0,0,0,1026,14,1010220,Nicolò Savona,nicolo-savona,Nottingham Forest,14,Premier League,Defender,2025/26,0.1754,0.0,0.1175,0.0386,0.4386,0.2632,0.0877,0.0,27.5439,35.0,0.614,1.1404,4.1228,0.7018,0.0,6.9298,0.1754,0.0,0.1754,55.8772,1.0526,0.0,0.3509,2.3684,2.5439,0.0877,0.0,0.614,0.0,0.1754,0.0,0.0,0.0,DR/DC,Full-Back
0,0,0.84,0.72,16,1,1,2,1333,1539,3,84,203,0,0,122,3,0,2,1980,17,0,29,108,218,2,2,89,0,6,0,0,0,3375,38,836168,Nikola Milenković,nikola-milenkovic,Nottingham Forest,14,Premier League,Defender,2025/26,0.0,0.0,0.0224,0.0192,0.4267,0.0267,0.0267,0.0533,35.5467,41.04,0.08,2.24,5.4133,0.0,0.0,3.2533,0.08,0.0,0.0533,52.8,0.4533,0.0,0.7733,2.88,5.8133,0.0533,0.0533,2.3733,0.0,0.16,0.0,0.0,0.0,DC,Centre-Back
0,0,0.4,0.82,12,1,0,0,533,629,10,36,67,7,0,133,15,0,15,1093,21,0,25,81,71,3,0,25,0,3,0,0,0,1590,18,800417,Ola Aina,ola-aina,Nottingham Forest,14,Premier League,Defender,2025/26,0.0,0.0,0.0226,0.0464,0.6792,0.0566,0.0,0.0,30.1698,35.6038,0.566,2.0377,3.7925,0.3962,0.0,7.5283,0.8491,0.0,0.8491,61.8679,1.1887,0.0,1.4151,4.5849,4.0189,0.1698,0.0,1.4151,0.0,0.1698,0.0,0.0,0.0,DR,Full-Back
0,0,0.08,0.36,4,2,1,0,231,255,5,8,15,1,0,80,1,0,1,359,6,0,2,17,11,2,0,4,0,0,0,0,0,353,5,287643,Oleksandr Zinchenko,oleksandr-zinchenko,Nottingham Forest,14,Premier League,Defender,2025/26,0.0,0.0,0.0204,0.0918,1.0198,0.5099,0.255,0.0,58.8952,65.0142,1.2748,2.0397,3.8244,0.255,0.0,20.3966,0.255,0.0,0.255,91.5297,1.5297,0.0,0.5099,4.3343,2.8045,0.5099,0.0,1.0198,0.0,0.0,0.0,0.0,0.0,DL,Full-Back
1,5,1.94,3.91,25,11,8,2,447,538,33,12,27,28,0,190,41,0,29,1008,12,0,12,87,8,8,1,5,0,1,0,1,0,1694,31,1090963,Omari Hutchinson,omari-hutchinson,Nottingham Forest,14,Premier League,Midfielder,2025/26,0.0531,0.2656,0.1031,0.2077,1.3282,0.5844,0.425,0.1063,23.7485,28.5832,1.7532,0.6375,1.4345,1.4876,0.0,10.0945,2.1783,0.0,1.5407,53.5537,0.6375,0.0,0.6375,4.6222,0.425,0.425,0.0531,0.2656,0.0,0.0531,0.0,0.0531,0.0,RW/AM,Winger
0,2,0.5,0.39,9,2,0,2,203,260,5,4,13,2,0,56,1,0,6,377,10,0,9,18,23,4,0,20,0,3,0,0,0,629,22,846252,Ryan Yates,ryan-yates,Nottingham Forest,14,Premier League,Midfielder,2025/26,0.0,0.2862,0.0715,0.0558,1.2878,0.2862,0.0,0.2862,29.0461,37.2019,0.7154,0.5723,1.8601,0.2862,0.0,8.0127,0.1431,0.0,0.8585,53.9428,1.4308,0.0,1.2878,2.5755,3.2909,0.5723,0.0,2.8617,0.0,0.4293,0.0,0.0,0.0,MC/DM,Central Mid
4,1,3.58,0.77,15,8,2,3,60,75,6,0,0,0,0,24,2,0,5,161,1,0,1,18,4,1,0,9,0,2,0,1,0,502,17,359664,Taiwo Awoniyi,taiwo-awoniyi,Nottingham Forest,14,Premier League,Forward,2025/26,0.7171,0.1793,0.6418,0.138,2.6892,1.4343,0.3586,0.5378,10.757,13.4462,1.0757,0.0,0.0,0.0,0.0,4.3028,0.3586,0.0,0.8964,28.8645,0.1793,0.0,0.1793,3.2271,0.7171,0.1793,0.0,1.6135,0.0,0.3586,0.0,0.1793,0.0,ST,Striker
1,0,0.52,0.24,13,6,2,0,143,180,8,3,8,1,0,61,14,0,9,318,4,0,2,18,6,4,0,6,0,1,0,0,0,638,12,218160,Bertrand Traoré,bertrand-traore,Sunderland,41,Premier League,Forward,2025/26,0.1411,0.0,0.0734,0.0339,1.8339,0.8464,0.2821,0.0,20.1724,25.3918,1.1285,0.4232,1.1285,0.1411,0.0,8.605,1.9749,0.0,1.2696,44.8589,0.5643,0.0,0.2821,2.5392,0.8464,0.5643,0.0,0.8464,0.0,0.1411,0.0,0.0,0.0,RW,Winger
7,1,5.94,0.68,36,18,2,12,198,275,15,4,7,0,0,82,2,0,29,538,2,0,0,44,15,7,0,65,0,6,0,1,1,1944,31,910048,Brian Brobbey,brian-brobbey,Sunderland,41,Premier League,Forward,2025/26,0.3241,0.0463,0.275,0.0315,1.6667,0.8333,0.0926,0.5556,9.1667,12.7315,0.6944,0.1852,0.3241,0.0,0.0,3.7963,0.0926,0.0,1.3426,24.9074,0.0926,0.0,0.0,2.037,0.6944,0.3241,0.0,3.0093,0.0,0.2778,0.0,0.0463,0.0463,ST,Striker
4,1,2.13,1.19,25,10,0,2,327,402,12,13,23,7,0,108,16,0,11,637,6,0,2,61,17,5,2,1,0,0,0,0,0,1561,28,1142675,Chemsdine Talbi,chemsdine-talbi,Sunderland,41,Premier League,Midfielder,2025/26,0.2306,0.0577,0.1228,0.0686,1.4414,0.5766,0.0,0.1153,18.8533,23.1775,0.6919,0.7495,1.3261,0.4036,0.0,6.2268,0.9225,0.0,0.6342,36.7265,0.3459,0.0,0.1153,3.517,0.9801,0.2883,0.1153,0.0577,0.0,0.0,0.0,0.0,0.0,RW,Winger
1,1,0.84,1.15,12,3,2,0,153,213,9,10,21,4,0,53,7,0,5,323,8,0,4,29,10,3,0,4,0,1,0,0,0,773,18,1394089,Chris Rigg,chris-rigg,Sunderland,41,Premier League,Midfielder,2025/26,0.1164,0.1164,0.0978,0.1339,1.3972,0.3493,0.2329,0.0,17.8137,24.7995,1.0479,1.1643,2.445,0.4657,0.0,6.1708,0.815,0.0,0.5821,37.6067,0.9314,0.0,0.4657,3.3765,1.1643,0.3493,0.0,0.4657,0.0,0.1164,0.0,0.0,0.0,MC/AM,Central Mid
2,0,2.46,0.66,26,9,3,7,906,1103,15,58,156,0,0,96,3,0,6,1493,18,0,20,69,185,5,0,106,0,4,1,1,0,2148,29,958878,Daniel Ballard,daniel-ballard,Sunderland,41,Premier League,Defender,2025/26,0.0838,0.0,0.1031,0.0277,1.0894,0.3771,0.1257,0.2933,37.9609,46.2151,0.6285,2.4302,6.5363,0.0,0.0,4.0223,0.1257,0.0,0.2514,62.5559,0.7542,0.0,0.838,2.8911,7.7514,0.2095,0.0,4.4413,0.0,0.1676,0.0419,0.0419,0.0,DC,Centre-Back
2,0,2.15,0.21,13,6,2,1,56,85,4,1,3,0,0,22,11,0,21,228,1,0,1,14,5,5,0,15,0,0,0,0,0,770,20,1168588,Eliezer Mayenda,eliezer-mayenda,Sunderland,41,Premier League,Forward,2025/26,0.2338,0.0,0.2513,0.0245,1.5195,0.7013,0.2338,0.1169,6.5455,9.9351,0.4675,0.1169,0.3506,0.0,0.0,2.5714,1.2857,0.0,2.4545,26.6494,0.1169,0.0,0.1169,1.6364,0.5844,0.5844,0.0,1.7532,0.0,0.0,0.0,0.0,0.0,ST,Striker
5,6,5.16,5.92,36,12,13,1,906,1113,53,33,58,25,0,301,13,0,31,1748,57,0,29,154,36,12,1,18,0,5,0,0,0,2944,36,984014,Enzo Le Fée,enzo-le-fee,Sunderland,41,Premier League,Midfielder,2025/26,0.1529,0.1834,0.1577,0.181,1.1005,0.3668,0.3974,0.0306,27.697,34.0251,1.6202,1.0088,1.7731,0.7643,0.0,9.2018,0.3974,0.0,0.9477,53.4375,1.7425,0.0,0.8865,4.7079,1.1005,0.3668,0.0306,0.5503,0.0,0.1529,0.0,0.0,0.0,MC/AM/DM,Central Mid
1,6,1.02,3.71,21,5,9,0,1512,1807,34,138,251,23,0,441,11,0,17,2295,33,0,29,179,85,6,0,56,0,8,0,0,0,2903,34,117777,Granit Xhaka,granit-xhaka,Sunderland,41,Premier League,Midfielder,2025/26,0.031,0.186,0.0316,0.115,0.6511,0.155,0.279,0.0,46.8756,56.0214,1.0541,4.2783,7.7816,0.7131,0.0,13.6721,0.341,0.0,0.527,71.1505,1.0231,0.0,0.8991,5.5494,2.6352,0.186,0.0,1.7361,0.0,0.248,0.0,0.0,0.0,MC/DM,Central Mid
2,2,3.41,0.83,26,8,1,2,357,436,7,4,15,4,0,126,6,0,14,647,7,0,4,48,13,4,0,11,0,6,0,1,0,1407,20,1128532,Habib Diarra,habib-diarra,Sunderland,41,Premier League,Midfielder,2025/26,0.1279,0.1279,0.2181,0.0531,1.6631,0.5117,0.064,0.1279,22.8358,27.8891,0.4478,0.2559,0.9595,0.2559,0.0,8.0597,0.3838,0.0,0.8955,41.3859,0.4478,0.0,0.2559,3.0704,0.8316,0.2559,0.0,0.7036,0.0,0.3838,0.0,0.064,0.0,MC/AM,Central Mid
0,1,0.15,0.14,4,1,0,0,205,245,2,16,39,0,0,34,1,0,1,363,5,0,6,10,30,1,1,9,0,1,1,0,0,591,12,365812,Luke O'Nien,luke-onien,Sunderland,41,Premier League,Defender,2025/26,0.0,0.1523,0.0228,0.0213,0.6091,0.1523,0.0,0.0,31.2183,37.3096,0.3046,2.4365,5.9391,0.0,0.0,5.1777,0.1523,0.0,0.1523,55.2792,0.7614,0.0,0.9137,1.5228,4.5685,0.1523,0.1523,1.3706,0.0,0.1523,0.1523,0.0,0.0,DC,Centre-Back
0,0,1.15,0.83,11,3,1,1,640,743,8,26,54,2,0,119,7,0,3,1008,21,0,19,71,47,4,0,12,0,2,0,0,0,1702,28,856739,Lutsharel Geertruida,lutsharel-geertruida,Sunderland,41,Premier League,Defender,2025/26,0.0,0.0,0.0608,0.0439,0.5817,0.1586,0.0529,0.0529,33.8425,39.2891,0.423,1.3749,2.8555,0.1058,0.0,6.2926,0.3702,0.0,0.1586,53.302,1.1105,0.0,1.0047,3.7544,2.4853,0.2115,0.0,0.6345,0.0,0.1058,0.0,0.0,0.0,DR/DC,Full-Back
0,0,0.78,0.11,7,3,0,2,57,78,3,0,2,1,0,21,7,0,5,177,7,0,5,9,11,1,0,5,0,1,0,0,0,413,8,1116571,Nilson Angulo,nilson-angulo,Sunderland,41,Premier League,Midfielder,2025/26,0.0,0.0,0.17,0.024,1.5254,0.6538,0.0,0.4358,12.4213,16.9976,0.6538,0.0,0.4358,0.2179,0.0,4.5763,1.5254,0.0,1.0896,38.5714,1.5254,0.0,1.0896,1.9613,2.3971,0.2179,0.0,1.0896,0.0,0.2179,0.0,0.0,0.0,LW,Winger
0,1,1.46,1.44,18,5,0,1,944,1106,19,38,82,4,0,227,27,0,25,1550,24,0,34,114,44,9,0,11,0,9,0,0,0,2894,33,1171539,Noah Sadiki,noah-sadiki,Sunderland,41,Premier League,Midfielder,2025/26,0.0,0.0311,0.0454,0.0448,0.5598,0.1555,0.0,0.0311,29.3573,34.3953,0.5909,1.1818,2.5501,0.1244,0.0,7.0594,0.8397,0.0,0.7775,48.2032,0.7464,0.0,1.0574,3.5453,1.3683,0.2799,0.0,0.3421,0.0,0.2799,0.0,0.0,0.0,MC/DM,Central Mid
3,4,1.88,2.49,26,4,7,3,935,1189,24,46,121,14,0,199,13,0,15,2020,46,0,40,131,156,10,1,79,0,5,0,0,0,2787,32,780014,Nordi Mukiele,nordi-mukiele,Sunderland,41,Premier League,Defender,2025/26,0.0969,0.1292,0.0607,0.0804,0.8396,0.1292,0.226,0.0969,30.1938,38.3961,0.775,1.4855,3.9074,0.4521,0.0,6.4263,0.4198,0.0,0.4844,65.2314,1.4855,0.0,1.2917,4.2304,5.0377,0.3229,0.0323,2.5511,0.0,0.1615,0.0,0.0,0.0,DR/DC/MR,Full-Back
1,1,1.64,0.92,24,9,1,2,1057,1304,9,78,195,3,0,114,17,0,12,1782,18,0,36,103,217,7,0,88,0,6,0,0,0,2802,33,805137,Omar Alderete,omar-alderete,Sunderland,41,Premier League,Defender,2025/26,0.0321,0.0321,0.0527,0.0296,0.7709,0.2891,0.0321,0.0642,33.9507,41.8844,0.2891,2.5054,6.2634,0.0964,0.0,3.6617,0.546,0.0,0.3854,57.2377,0.5782,0.0,1.1563,3.3084,6.97,0.2248,0.0,2.8266,0.0,0.1927,0.0,0.0,0.0,DC,Centre-Back
0,1,0.18,0.7,4,0,0,0,699,814,6,24,67,4,0,134,15,0,13,1265,23,0,31,90,81,2,1,34,0,7,1,1,1,1969,25,831424,Reinildo Mandava,reinildo-mandava,Sunderland,41,Premier League,Defender,2025/26,0.0,0.0457,0.0082,0.032,0.1828,0.0,0.0,0.0,31.9502,37.2067,0.2743,1.097,3.0625,0.1828,0.0,6.1249,0.6856,0.0,0.5942,57.8212,1.0513,0.0,1.417,4.1138,3.7024,0.0914,0.0457,1.5541,0.0,0.32,0.0457,0.0457,0.0457,DL/DC,Full-Back
0,0,0.86,0.47,7,2,0,1,89,104,1,2,4,2,0,32,7,0,14,208,5,0,1,22,6,2,0,5,0,1,0,0,0,412,14,1094440,Romaine Mundle,mundle-romaine,Sunderland,41,Premier League,Forward,2025/26,0.0,0.0,0.1879,0.1027,1.5291,0.4369,0.0,0.2184,19.4417,22.7184,0.2184,0.4369,0.8738,0.4369,0.0,6.9903,1.5291,0.0,3.0583,45.4369,1.0922,0.0,0.2184,4.8058,1.3107,0.4369,0.0,1.0922,0.0,0.2184,0.0,0.0,0.0,LW,Winger
1,0,0.35,0.61,6,2,2,1,122,161,7,2,6,5,0,43,7,0,12,309,8,0,2,20,11,2,0,9,0,2,0,0,0,665,14,1110842,Simon Adingra,simon-adingra,Sunderland,41,Premier League,Midfielder,2025/26,0.1353,0.0,0.0474,0.0826,0.812,0.2707,0.2707,0.1353,16.5113,21.7895,0.9474,0.2707,0.812,0.6767,0.0,5.8195,0.9474,0.0,1.6241,41.8195,1.0827,0.0,0.2707,2.7068,1.4887,0.2707,0.0,1.218,0.0,0.2707,0.0,0.0,0.0,LW/RW,Winger
2,1,2.15,2.01,34,7,1,4,790,1048,29,42,100,13,0,222,5,0,9,1723,47,0,25,102,99,12,0,65,0,9,0,0,1,3037,38,989034,Trai Hume,hume-trai,Sunderland,41,Premier League,Defender,2025/26,0.0593,0.0296,0.0637,0.0596,1.0076,0.2074,0.0296,0.1185,23.4113,31.057,0.8594,1.2446,2.9635,0.3852,0.0,6.5789,0.1482,0.0,0.2667,51.0603,1.3928,0.0,0.7409,3.0227,2.9338,0.3556,0.0,1.9262,0.0,0.2667,0.0,0.0,0.0296,DR,Full-Back
6,0,4.75,0.39,43,17,0,2,81,135,0,1,7,0,0,41,6,0,14,302,8,0,1,23,15,12,0,25,0,1,0,0,0,1173,32,877980,Wilson Isidor,wilson-isidor,Sunderland,41,Premier League,Forward,2025/26,0.4604,0.0,0.3645,0.0299,3.2992,1.3043,0.0,0.1535,6.2148,10.3581,0.0,0.0767,0.5371,0.0,0.0,3.1458,0.4604,0.0,1.0742,23.1714,0.6138,0.0,0.0767,1.7647,1.1509,0.9207,0.0,1.9182,0.0,0.0767,0.0,0.0,0.0,ST,Striker
2,2,1.48,1.18,11,5,3,0,448,539,8,21,52,4,0,108,7,0,17,766,8,0,17,57,44,3,1,9,0,5,0,0,0,1500,24,1142335,Archie Gray,archie-gray,Tottenham Hotspur,33,Premier League,Midfielder,2025/26,0.12,0.12,0.0888,0.0708,0.66,0.3,0.18,0.0,26.88,32.34,0.48,1.26,3.12,0.24,0.0,6.48,0.42,0.0,1.02,45.96,0.48,0.0,1.02,3.42,2.64,0.18,0.06,0.54,0.0,0.3,0.0,0.0,0.0,MC/DR/DM/DC,Central Mid
1,1,1.07,0.72,11,4,1,2,444,524,13,20,32,6,0,120,13,0,13,748,16,0,18,73,6,2,0,9,0,2,0,0,0,1196,16,904970,Conor Gallagher,conor-gallagher,Tottenham Hotspur,33,Premier League,Midfielder,2025/26,0.0753,0.0753,0.0805,0.0542,0.8278,0.301,0.0753,0.1505,33.4114,39.4314,0.9783,1.505,2.408,0.4515,0.0,9.0301,0.9783,0.0,0.9783,56.2876,1.204,0.0,1.3545,5.4933,0.4515,0.1505,0.0,0.6773,0.0,0.1505,0.0,0.0,0.0,MC/AM/DM,Central Mid
4,1,1.31,1.26,17,6,4,1,985,1128,12,47,96,0,0,104,8,0,6,1446,29,0,30,88,94,2,1,73,0,9,2,0,0,1872,23,829932,Cristian Romero,cristian-romero,Tottenham Hotspur,33,Premier League,Defender,2025/26,0.1923,0.0481,0.063,0.0606,0.8173,0.2885,0.1923,0.0481,47.3558,54.2308,0.5769,2.2596,4.6154,0.0,0.0,5.0,0.3846,0.0,0.2885,69.5192,1.3942,0.0,1.4423,4.2308,4.5192,0.0962,0.0481,3.5096,0.0,0.4327,0.0962,0.0,0.0,DC,Centre-Back
0,1,0.19,0.75,4,1,2,0,500,585,12,4,20,5,0,145,6,0,12,894,19,0,7,70,25,2,0,8,0,4,0,0,0,1340,20,983572,Destiny Udogie,destiny-udogie,Tottenham Hotspur,33,Premier League,Defender,2025/26,0.0,0.0672,0.0128,0.0504,0.2687,0.0672,0.1343,0.0,33.5821,39.291,0.806,0.2687,1.3433,0.3358,0.0,9.7388,0.403,0.0,0.806,60.0448,1.2761,0.0,0.4701,4.7015,1.6791,0.1343,0.0,0.5373,0.0,0.2687,0.0,0.0,0.0,DL,Full-Back
0,0,0.9,1.78,13,8,4,2,713,882,10,34,84,10,0,206,33,0,29,1485,27,0,18,111,52,3,2,23,0,4,0,0,0,2079,30,945798,Djed Spence,djed-spence,Tottenham Hotspur,33,Premier League,Defender,2025/26,0.0,0.0,0.039,0.0771,0.5628,0.3463,0.1732,0.0866,30.8658,38.1818,0.4329,1.4719,3.6364,0.4329,0.0,8.9177,1.4286,0.0,1.2554,64.2857,1.1688,0.0,0.7792,4.8052,2.2511,0.1299,0.0866,0.9957,0.0,0.1732,0.0,0.0,0.0,DL/DR,Full-Back
3,0,2.43,0.35,20,11,1,3,117,158,6,2,6,0,0,55,13,0,13,341,16,0,3,34,11,6,0,20,0,1,0,0,0,1000,15,361420,Dominic Solanke,dominic-solanke,Tottenham Hotspur,33,Premier League,Forward,2025/26,0.27,0.0,0.2187,0.0315,1.8,0.99,0.09,0.27,10.53,14.22,0.54,0.18,0.54,0.0,0.0,4.95,1.17,0.0,1.17,30.69,1.44,0.0,0.27,3.06,0.99,0.54,0.0,1.8,0.0,0.09,0.0,0.0,0.0,ST,Striker
5,2,2.7,0.66,33,9,1,1,856,1044,8,41,100,0,0,135,10,0,30,1521,66,0,30,92,58,14,0,36,0,8,0,0,0,2197,33,364612,João Palhinha,joao-palhinha,Tottenham Hotspur,33,Premier League,Midfielder,2025/26,0.2048,0.0819,0.1106,0.027,1.3518,0.3687,0.041,0.041,35.066,42.7674,0.3277,1.6796,4.0965,0.0,0.0,5.5303,0.4096,0.0,1.2289,62.3077,2.7037,0.0,1.2289,3.7688,2.376,0.5735,0.0,1.4747,0.0,0.3277,0.0,0.0,0.0,MC/DM,Central Mid
0,0,0.59,0.27,11,2,1,0,829,954,3,35,97,0,0,71,2,0,4,1305,12,0,25,45,135,5,1,79,0,8,0,0,0,1507,24,794953,Kevin Danso,kevin-danso,Tottenham Hotspur,33,Premier League,Defender,2025/26,0.0,0.0,0.0352,0.0161,0.6569,0.1194,0.0597,0.0,49.509,56.9741,0.1792,2.0902,5.793,0.0,0.0,4.2402,0.1194,0.0,0.2389,77.9363,0.7167,0.0,1.493,2.6875,8.0624,0.2986,0.0597,4.718,0.0,0.4778,0.0,0.0,0.0,DC,Centre-Back
1,3,1.4,0.43,12,5,0,1,249,305,5,10,18,3,0,86,15,0,7,494,14,0,2,39,13,1,1,5,0,2,0,0,0,979,23,1391251,Lucas Bergvall,lucas-bergvall,Tottenham Hotspur,33,Premier League,Midfielder,2025/26,0.0919,0.2758,0.1287,0.0395,1.1032,0.4597,0.0,0.0919,22.8907,28.0388,0.4597,0.9193,1.6547,0.2758,0.0,7.906,1.379,0.0,0.6435,45.4137,1.287,0.0,0.1839,3.5853,1.1951,0.0919,0.0919,0.4597,0.0,0.1839,0.0,0.0,0.0,MC/AM,Central Mid
4,1,2.44,2.43,35,8,5,4,278,359,30,13,25,29,0,112,39,0,38,787,11,0,6,72,12,11,1,16,0,1,0,0,1,1358,31,1048888,Mathys Tel,mathys-tel,Tottenham Hotspur,33,Premier League,Forward,2025/26,0.2651,0.0663,0.1617,0.161,2.3196,0.5302,0.3314,0.2651,18.4242,23.7923,1.9882,0.8616,1.6568,1.9219,0.0,7.4227,2.5847,0.0,2.5184,52.1576,0.729,0.0,0.3976,4.7717,0.7953,0.729,0.0663,1.0604,0.0,0.0663,0.0,0.0,0.0663,ST/LW,Striker
4,1,2.53,0.37,16,6,1,1,1601,1770,6,68,152,0,0,111,11,0,5,2146,19,0,22,122,131,3,1,47,0,9,1,0,1,3043,35,998247,Micky van de Ven,micky-van-de-ven,Tottenham Hotspur,33,Premier League,Defender,2025/26,0.1183,0.0296,0.0748,0.0109,0.4732,0.1775,0.0296,0.0296,47.3513,52.3497,0.1775,2.0112,4.4956,0.0,0.0,3.2829,0.3253,0.0,0.1479,63.4703,0.5619,0.0,0.6507,3.6083,3.8745,0.0887,0.0296,1.3901,0.0,0.2662,0.0296,0.0,0.0296,DC/DL,Centre-Back
2,5,1.93,2.4,26,9,3,3,380,444,25,19,27,28,0,178,52,0,54,931,19,0,3,95,6,10,0,11,0,3,0,0,0,1545,19,905163,Mohammed Kudus,mohammed-kudus,Tottenham Hotspur,33,Premier League,Midfielder,2025/26,0.1165,0.2913,0.1124,0.1398,1.5146,0.5243,0.1748,0.1748,22.1359,25.8641,1.4563,1.1068,1.5728,1.6311,0.0,10.3689,3.0291,0.0,3.1456,54.233,1.1068,0.0,0.1748,5.534,0.3495,0.5825,0.0,0.6408,0.0,0.1748,0.0,0.0,0.0,RW/AM/LW,Winger
2,4,1.72,1.1,17,6,3,1,538,633,11,20,35,2,0,154,13,0,18,908,21,0,18,77,47,7,0,27,0,3,0,0,0,1399,26,1002711,Pape Matar Sarr,pape-matar-sarr,Tottenham Hotspur,33,Premier League,Midfielder,2025/26,0.1287,0.2573,0.1107,0.0708,1.0936,0.386,0.193,0.0643,34.6104,40.7219,0.7076,1.2866,2.2516,0.1287,0.0,9.9071,0.8363,0.0,1.158,58.4132,1.351,0.0,1.158,4.9535,3.0236,0.4503,0.0,1.737,0.0,0.193,0.0,0.0,0.0,MC/DM,Central Mid
1,2,1.05,4.48,32,8,8,0,1102,1470,56,134,294,61,0,382,19,0,9,2429,50,0,31,133,102,9,0,19,0,10,0,0,0,2798,34,913654,Pedro Porro,pedro-porro,Tottenham Hotspur,33,Premier League,Defender,2025/26,0.0322,0.0643,0.0338,0.1441,1.0293,0.2573,0.2573,0.0,35.4467,47.2838,1.8013,4.3102,9.4568,1.9621,0.0,12.2873,0.6112,0.0,0.2895,78.1308,1.6083,0.0,0.9971,4.2781,3.2809,0.2895,0.0,0.6112,0.0,0.3217,0.0,0.0,0.0,DR,Full-Back
0,0,0.32,0.02,4,0,0,0,186,239,0,6,31,0,0,11,1,0,2,347,2,0,16,14,46,1,2,19,0,0,0,0,0,541,10,997103,Radu Drăguşin,radu-dragusin,Tottenham Hotspur,33,Premier League,Defender,2025/26,0.0,0.0,0.0532,0.0033,0.6654,0.0,0.0,0.0,30.9427,39.7597,0.0,0.9982,5.1571,0.0,0.0,1.8299,0.1664,0.0,0.3327,57.7264,0.3327,0.0,2.6617,2.329,7.6525,0.1664,0.3327,3.1608,0.0,0.0,0.0,0.0,0.0,DC,Centre-Back
1,1,2.18,1.77,20,4,2,7,231,328,20,5,10,7,0,113,28,0,37,676,18,0,3,64,18,5,1,32,0,3,0,0,0,1670,30,871706,Randal Kolo Muani,randal-kolo-muani,Tottenham Hotspur,33,Premier League,Forward,2025/26,0.0539,0.0539,0.1175,0.0954,1.0778,0.2156,0.1078,0.3772,12.4491,17.6766,1.0778,0.2695,0.5389,0.3772,0.0,6.0898,1.509,0.0,1.994,36.4311,0.9701,0.0,0.1617,3.4491,0.9701,0.2695,0.0539,1.7246,0.0,0.1617,0.0,0.0,0.0,ST,Striker
11,4,8.09,1.46,61,26,5,10,197,317,20,10,17,0,0,99,12,0,30,726,16,0,5,61,51,14,0,69,0,5,0,0,0,1957,32,840217,Richarlison,richarlison,Tottenham Hotspur,33,Premier League,Forward,2025/26,0.5059,0.184,0.372,0.0671,2.8053,1.1957,0.2299,0.4599,9.0598,14.5784,0.9198,0.4599,0.7818,0.0,0.0,4.5529,0.5519,0.0,1.3797,33.3878,0.7358,0.0,0.2299,2.8053,2.3454,0.6438,0.0,3.1732,0.0,0.2299,0.0,0.0,0.0,ST,Striker
1,1,0.74,0.83,13,3,1,1,873,1018,10,19,44,1,0,159,20,0,8,1337,36,0,35,130,48,4,0,31,0,7,0,0,1,1892,26,791190,Rodrigo Bentancur,rodrigo-bentancur,Tottenham Hotspur,33,Premier League,Midfielder,2025/26,0.0476,0.0476,0.0352,0.0395,0.6184,0.1427,0.0476,0.0476,41.5275,48.4249,0.4757,0.9038,2.093,0.0476,0.0,7.5634,0.9514,0.0,0.3805,63.5994,1.7125,0.0,1.6649,6.1839,2.2833,0.1903,0.0,1.4746,0.0,0.333,0.0,0.0,0.0476,MC/DM,Central Mid
0,2,1.9,1.22,22,8,2,4,276,325,20,6,9,8,0,137,24,0,21,539,9,0,1,54,13,4,0,5,0,0,0,0,0,990,24,1142679,Wilson Odobert,wilson-odobert,Tottenham Hotspur,33,Premier League,Forward,2025/26,0.0,0.1818,0.1727,0.1109,2.0,0.7273,0.1818,0.3636,25.0909,29.5455,1.8182,0.5455,0.8182,0.7273,0.0,12.4545,2.1818,0.0,1.9091,49.0,0.8182,0.0,0.0909,4.9091,1.1818,0.3636,0.0,0.4545,0.0,0.0,0.0,0.0,0.0,RW/LW,Winger
2,5,3.08,3.86,42,10,7,3,665,802,35,36,58,14,0,258,28,0,30,1255,21,0,15,87,12,17,0,12,0,5,1,0,0,1769,28,997183,Xavi Simons,xavi-simons,Tottenham Hotspur,33,Premier League,Midfielder,2025/26,0.1018,0.2544,0.1567,0.1964,2.1368,0.5088,0.3561,0.1526,33.8327,40.8027,1.7807,1.8315,2.9508,0.7123,0.0,13.1261,1.4245,0.0,1.5263,63.8496,1.0684,0.0,0.7631,4.4262,0.6105,0.8649,0.0,0.6105,0.0,0.2544,0.0509,0.0,0.0,AM/MC,Attacking Mid
0,0,0.36,0.12,5,2,0,0,278,316,0,1,7,0,0,44,3,0,4,408,11,0,9,31,14,1,1,5,0,4,0,0,0,605,11,844842,Yves Bissouma,yves-bissouma,Tottenham Hotspur,33,Premier League,Midfielder,2025/26,0.0,0.0,0.0536,0.0179,0.7438,0.2975,0.0,0.0,41.3554,47.0083,0.0,0.1488,1.0413,0.0,0.0,6.5455,0.4463,0.0,0.595,60.6942,1.6364,0.0,1.3388,4.6116,2.0826,0.1488,0.1488,0.7438,0.0,0.595,0.0,0.0,0.0,MC/DM,Central Mid
0,2,0.0,1.0,0,0,2,0,566,738,18,24,71,16,0,172,16,0,15,1352,23,0,40,75,94,0,0,22,0,4,0,0,0,2084,25,863653,Aaron Wan-Bissaka,aaron-wan-bissaka,West Ham United,37,Premier League,Defender,2025/26,0.0,0.0864,0.0,0.0432,0.0,0.0,0.0864,0.0,24.4434,31.8714,0.7774,1.0365,3.0662,0.691,0.0,7.428,0.691,0.0,0.6478,58.3877,0.9933,0.0,1.7274,3.239,4.0595,0.0,0.0,0.9501,0.0,0.1727,0.0,0.0,0.0,DR/MR,Full-Back
0,0,0.69,0.58,7,1,1,1,81,104,3,1,3,5,0,41,12,0,14,217,2,0,0,14,2,3,0,1,0,1,0,0,0,450,24,286165,Adama Traoré,adama-traore,West Ham United,37,Premier League,Forward,2025/26,0.0,0.0,0.138,0.116,1.4,0.2,0.2,0.2,16.2,20.8,0.6,0.2,0.6,1.0,0.0,8.2,2.4,0.0,2.8,43.4,0.4,0.0,0.0,2.8,0.4,0.6,0.0,0.2,0.0,0.2,0.0,0.0,0.0,RW,Winger
0,0,1.02,0.05,5,3,0,1,490,566,1,30,71,0,0,37,2,0,3,711,10,0,13,32,49,1,0,18,0,1,0,0,0,1255,14,827243,Axel Disasi,axel-disasi,West Ham United,37,Premier League,Defender,2025/26,0.0,0.0,0.0731,0.0036,0.3586,0.2151,0.0,0.0717,35.1394,40.5896,0.0717,2.1514,5.0916,0.0,0.0,2.6534,0.1434,0.0,0.2151,50.988,0.7171,0.0,0.9323,2.2948,3.5139,0.0717,0.0,1.2908,0.0,0.0717,0.0,0.0,0.0,DC/DR,Centre-Back
7,1,7.66,0.55,38,16,1,7,101,156,8,1,4,1,0,51,13,0,21,381,2,0,3,28,5,10,0,19,0,1,0,0,0,1262,32,113956,Callum Wilson,callum-wilson,West Ham United,37,Premier League,Forward,2025/26,0.4992,0.0713,0.5463,0.0392,2.71,1.141,0.0713,0.4992,7.2029,11.1252,0.5705,0.0713,0.2853,0.0713,0.0,3.6371,0.9271,0.0,1.4976,27.1712,0.1426,0.0,0.2139,1.9968,0.3566,0.7132,0.0,1.355,0.0,0.0713,0.0,0.0,0.0,ST,Striker
5,2,5.17,3.42,54,15,4,7,529,639,28,9,16,14,0,204,51,0,39,1221,25,0,16,120,30,21,0,7,0,6,0,1,0,2480,31,917005,Crysencio Summerville,crysencio-summerville,West Ham United,37,Premier League,Midfielder,2025/26,0.1815,0.0726,0.1876,0.1241,1.9597,0.5444,0.1452,0.254,19.1976,23.1895,1.0161,0.3266,0.5806,0.5081,0.0,7.4032,1.8508,0.0,1.4153,44.3105,0.9073,0.0,0.5806,4.3548,1.0887,0.7621,0.0,0.254,0.0,0.2177,0.0,0.0363,0.0,LW,Winger
0,5,0.57,2.49,18,4,5,0,772,1038,30,57,186,29,0,171,23,0,19,1821,20,0,33,126,116,5,0,45,0,6,0,0,2,2711,32,1471764,El Hadji Malick Diouf,diouf-el-hadji-malick,West Ham United,37,Premier League,Defender,2025/26,0.0,0.166,0.0189,0.0827,0.5976,0.1328,0.166,0.0,25.6289,34.4596,0.9959,1.8923,6.1748,0.9627,0.0,5.6769,0.7636,0.0,0.6308,60.4537,0.664,0.0,1.0955,4.183,3.851,0.166,0.0,1.4939,0.0,0.1992,0.0,0.0,0.0664,ML/DL,Winger
0,1,0.21,1.07,3,1,2,0,445,532,8,27,57,6,0,95,2,0,5,728,17,0,17,38,31,2,0,20,0,1,0,0,0,1167,22,1089582,Freddie Potts,freddie-potts,West Ham United,37,Premier League,Midfielder,2025/26,0.0,0.0771,0.0162,0.0825,0.2314,0.0771,0.1542,0.0,34.3188,41.0283,0.617,2.0823,4.3959,0.4627,0.0,7.3265,0.1542,0.0,0.3856,56.144,1.3111,0.0,1.3111,2.9306,2.3907,0.1542,0.0,1.5424,0.0,0.0771,0.0,0.0,0.0,MC/DM,Central Mid
9,11,7.26,5.24,79,28,16,5,585,793,45,16,45,27,0,251,53,0,77,1616,29,0,27,159,39,29,0,33,0,5,0,0,0,3405,38,552884,Jarrod Bowen,jarrod-bowen,West Ham United,37,Premier League,Midfielder,2025/26,0.2379,0.2907,0.1919,0.1385,2.0881,0.7401,0.4229,0.1322,15.4626,20.9604,1.1894,0.4229,1.1894,0.7137,0.0,6.6344,1.4009,0.0,2.0352,42.7137,0.7665,0.0,0.7137,4.2026,1.0308,0.7665,0.0,0.8722,0.0,0.1322,0.0,0.0,0.0,RW/MR/ST,Winger
0,1,0.24,0.33,2,0,0,1,683,782,5,25,65,0,0,62,4,0,1,1033,24,0,17,89,98,1,0,25,0,5,1,0,0,1817,23,945217,Jean-Clair Todibo,jean-clair-todibo,West Ham United,37,Premier League,Defender,2025/26,0.0,0.0495,0.0119,0.0163,0.0991,0.0,0.0,0.0495,33.8305,38.7342,0.2477,1.2383,3.2196,0.0,0.0,3.071,0.1981,0.0,0.0495,51.1668,1.1888,0.0,0.842,4.4084,4.8542,0.0495,0.0,1.2383,0.0,0.2477,0.0495,0.0,0.0,DC/DR,Centre-Back
3,0,2.55,0.7,23,8,0,3,963,1171,4,89,198,1,0,98,2,0,2,1600,25,0,49,103,194,3,0,84,0,2,0,0,0,2535,31,829022,Konstantinos Mavropanos,konstantinos-mavropanos,West Ham United,37,Premier League,Defender,2025/26,0.1065,0.0,0.0905,0.0249,0.8166,0.284,0.0,0.1065,34.1893,41.574,0.142,3.1598,7.0296,0.0355,0.0,3.4793,0.071,0.0,0.071,56.8047,0.8876,0.0,1.7396,3.6568,6.8876,0.1065,0.0,2.9822,0.0,0.071,0.0,0.0,0.0,DC,Centre-Back
1,0,1.13,0.38,5,3,1,0,510,596,7,15,40,1,0,152,16,0,17,968,30,0,9,59,34,0,1,12,0,2,0,0,0,1396,23,823085,Kyle Walker-Peters,kyle-walker-peters,West Ham United,37,Premier League,Defender,2025/26,0.0645,0.0,0.0729,0.0245,0.3223,0.1934,0.0645,0.0,32.8797,38.4241,0.4513,0.967,2.5788,0.0645,0.0,9.7994,1.0315,0.0,1.096,62.4069,1.9341,0.0,0.5802,3.8037,2.192,0.0,0.0645,0.7736,0.0,0.1289,0.0,0.0,0.0,DR,Full-Back
4,1,2.82,2.11,23,11,6,1,608,789,23,25,49,7,0,203,16,0,27,1141,22,0,8,76,17,6,0,38,0,5,1,0,1,1521,18,839981,Lucas Paquetá,lucas-paqueta,West Ham United,37,Premier League,Midfielder,2025/26,0.2367,0.0592,0.1669,0.1249,1.3609,0.6509,0.355,0.0592,35.9763,46.6864,1.3609,1.4793,2.8994,0.4142,0.0,12.0118,0.9467,0.0,1.5976,67.5148,1.3018,0.0,0.4734,4.497,1.0059,0.355,0.0,2.2485,0.0,0.2959,0.0592,0.0,0.0592,AM/MC,Attacking Mid
3,4,2.0,2.97,28,8,3,1,1366,1562,37,110,179,12,0,346,28,0,32,2120,67,0,35,182,36,11,0,19,0,7,0,0,0,3024,36,1142562,Mateus Fernandes,mateus-fernandes,West Ham United,37,Premier League,Midfielder,2025/26,0.0893,0.119,0.0595,0.0884,0.8333,0.2381,0.0893,0.0298,40.6548,46.4881,1.1012,3.2738,5.3274,0.3571,0.0,10.2976,0.8333,0.0,0.9524,63.0952,1.994,0.0,1.0417,5.4167,1.0714,0.3274,0.0,0.5655,0.0,0.2083,0.0,0.0,0.0,MC/AM,Central Mid
0,0,0.57,0.31,7,1,0,2,604,687,4,27,76,1,0,43,4,0,5,916,8,0,9,43,111,2,0,47,0,4,0,0,2,1565,21,894474,Max Kilman,max-kilman,West Ham United,37,Premier League,Defender,2025/26,0.0,0.0,0.0328,0.0178,0.4026,0.0575,0.0,0.115,34.7348,39.508,0.23,1.5527,4.3706,0.0575,0.0,2.4728,0.23,0.0,0.2875,52.6773,0.4601,0.0,0.5176,2.4728,6.3834,0.115,0.0,2.7029,0.0,0.23,0.0,0.0,0.115,DC,Centre-Back
0,0,0.92,0.23,9,3,0,1,57,93,7,1,2,0,0,18,0,0,6,144,1,0,2,10,4,2,0,18,0,0,0,0,0,408,8,132645,Niclas Füllkrug,niclas-fullkrug,West Ham United,37,Premier League,Forward,2025/26,0.0,0.0,0.2029,0.0507,1.9853,0.6618,0.0,0.2206,12.5735,20.5147,1.5441,0.2206,0.4412,0.0,0.0,3.9706,0.0,0.0,1.3235,31.7647,0.2206,0.0,0.4412,2.2059,0.8824,0.4412,0.0,3.9706,0.0,0.0,0.0,0.0,0.0,ST,Striker
0,0,0.18,0.31,3,0,3,0,221,275,5,18,43,3,0,51,2,0,0,500,22,0,13,35,30,0,1,7,0,2,0,1,0,668,13,1150952,Oliver Scarles,scarles-oliver,West Ham United,37,Premier League,Defender,2025/26,0.0,0.0,0.0243,0.0418,0.4042,0.0,0.4042,0.0,29.7754,37.0509,0.6737,2.4251,5.7934,0.4042,0.0,6.8713,0.2695,0.0,0.0,67.3653,2.9641,0.0,1.7515,4.7156,4.0419,0.0,0.1347,0.9431,0.0,0.2695,0.0,0.1347,0.0,ML/DL,Winger
0,1,1.05,1.12,12,3,2,2,148,201,14,2,5,2,0,57,9,0,17,365,14,0,4,28,12,3,1,21,0,0,0,0,0,826,14,1101174,Pablo Felipe,pablo-felipe,West Ham United,37,Premier League,Forward,2025/26,0.0,0.109,0.1144,0.122,1.3075,0.3269,0.2179,0.2179,16.1259,21.9007,1.5254,0.2179,0.5448,0.2179,0.0,6.2107,0.9806,0.0,1.8523,39.77,1.5254,0.0,0.4358,3.0508,1.3075,0.3269,0.109,2.2881,0.0,0.0,0.0,0.0,0.0,ST,Striker
1,0,0.44,0.31,7,2,1,0,327,405,5,19,36,1,0,55,5,0,6,594,21,0,16,54,14,2,0,11,0,4,0,0,1,998,22,1170560,Soungoutou Magassa,soungoutou-magassa,West Ham United,37,Premier League,Midfielder,2025/26,0.0902,0.0,0.0397,0.028,0.6313,0.1804,0.0902,0.0,29.489,36.523,0.4509,1.7134,3.2465,0.0902,0.0,4.9599,0.4509,0.0,0.5411,53.5671,1.8938,0.0,1.4429,4.8697,1.2625,0.1804,0.0,0.992,0.0,0.3607,0.0,0.0,0.0902,MC/DM/DC,Central Mid
5,0,5.68,0.53,26,14,1,4,698,898,11,34,75,0,0,159,4,0,8,1230,24,0,16,66,83,5,0,68,0,3,1,0,0,2215,35,799041,Tomáš Souček,tomas-soucek,West Ham United,37,Premier League,Midfielder,2025/26,0.2032,0.0,0.2308,0.0215,1.0564,0.5688,0.0406,0.1625,28.3612,36.4876,0.447,1.3815,3.0474,0.0,0.0,6.4605,0.1625,0.0,0.3251,49.9774,0.9752,0.0,0.6501,2.6817,3.3725,0.2032,0.0,2.763,0.0,0.1219,0.0406,0.0,0.0,MC/DM/AM,Central Mid
6,0,5.8,0.81,50,22,1,9,161,250,12,2,9,2,0,73,2,0,11,453,8,0,6,31,21,8,0,27,0,6,0,0,0,1395,18,877013,Valentín Castellanos,valentin-castellanos,West Ham United,37,Premier League,Forward,2025/26,0.3871,0.0,0.3742,0.0523,3.2258,1.4194,0.0645,0.5806,10.3871,16.129,0.7742,0.129,0.5806,0.129,0.0,4.7097,0.129,0.0,0.7097,29.2258,0.5161,0.0,0.3871,2.0,1.3548,0.5161,0.0,1.7419,0.0,0.3871,0.0,0.0,0.0,ST,Striker
2,2,2.74,0.86,18,6,3,3,104,152,6,0,4,1,0,46,10,0,9,282,4,0,2,15,12,6,0,9,0,3,0,0,0,1146,14,361352,Adam Armstrong,adam-armstrong,Wolverhampton,3,Premier League,Forward,2025/26,0.1571,0.1571,0.2152,0.0675,1.4136,0.4712,0.2356,0.2356,8.1675,11.9372,0.4712,0.0,0.3141,0.0785,0.0,3.6126,0.7853,0.0,0.7068,22.1466,0.3141,0.0,0.1571,1.178,0.9424,0.4712,0.0,0.7068,0.0,0.2356,0.0,0.0,0.0,ST,Striker
1,0,0.52,0.99,15,1,1,0,1198,1311,18,59,86,10,0,189,19,0,30,1763,44,0,30,212,50,10,2,4,0,12,0,0,0,2766,35,1035996,André,andre,Wolverhampton,3,Premier League,Midfielder,2025/26,0.0325,0.0,0.0169,0.0322,0.4881,0.0325,0.0325,0.0,38.9805,42.6573,0.5857,1.9197,2.7983,0.3254,0.0,6.1497,0.6182,0.0,0.9761,57.3644,1.4317,0.0,0.9761,6.898,1.6269,0.3254,0.0651,0.1302,0.0,0.3905,0.0,0.0,0.0,DM/MC,Central Mid
0,0,0.26,0.28,6,2,0,0,161,188,6,10,15,2,0,47,4,0,4,266,6,0,0,17,4,0,0,2,0,1,0,0,0,488,12,867441,Angel Gomes,angel-gomes,Wolverhampton,3,Premier League,Midfielder,2025/26,0.0,0.0,0.048,0.0516,1.1066,0.3689,0.0,0.0,29.6926,34.6721,1.1066,1.8443,2.7664,0.3689,0.0,8.668,0.7377,0.0,0.7377,49.0574,1.1066,0.0,0.0,3.1352,0.7377,0.0,0.0,0.3689,0.0,0.1844,0.0,0.0,0.0,MC/AM/DM,Central Mid
0,2,0.12,1.08,3,0,3,0,193,260,8,14,28,8,0,54,5,0,2,465,5,0,7,27,31,2,0,11,0,1,0,0,0,1061,22,1031283,David Møller Wolfe,david-moller-wolfe,Wolverhampton,3,Premier League,Defender,2025/26,0.0,0.1697,0.0102,0.0916,0.2545,0.0,0.2545,0.0,16.3713,22.0547,0.6786,1.1876,2.3751,0.6786,0.0,4.5806,0.4241,0.0,0.1697,39.4439,0.4241,0.0,0.5938,2.2903,2.6296,0.1697,0.0,0.9331,0.0,0.0848,0.0,0.0,0.0,DL,Full-Back
0,0,0.56,0.4,10,3,0,0,547,659,4,50,117,4,0,74,4,0,5,872,20,0,13,66,65,3,2,26,0,1,1,0,0,1101,14,1013842,Emmanuel Agbadou,emmanuel-agbadou,Wolverhampton,3,Premier League,Defender,2025/26,0.0,0.0,0.0458,0.0327,0.8174,0.2452,0.0,0.0,44.7139,53.8692,0.327,4.0872,9.564,0.327,0.0,6.049,0.327,0.0,0.4087,71.2807,1.6349,0.0,1.0627,5.3951,5.3134,0.2452,0.1635,2.1253,0.0,0.0817,0.0817,0.0,0.0,DC,Centre-Back
1,2,0.86,3.51,16,6,6,0,683,848,38,25,74,58,0,179,31,0,32,1692,39,0,38,115,67,4,0,19,0,3,0,0,1,2375,35,1013928,Hugo Bueno,hugo-bueno,Wolverhampton,3,Premier League,Midfielder,2025/26,0.0379,0.0758,0.0326,0.133,0.6063,0.2274,0.2274,0.0,25.8821,32.1347,1.44,0.9474,2.8042,2.1979,0.0,6.7832,1.1747,0.0,1.2126,64.1179,1.4779,0.0,1.44,4.3579,2.5389,0.1516,0.0,0.72,0.0,0.1137,0.0,0.0,0.0379,DL/ML,Full-Back
2,2,2.39,1.58,19,6,3,2,285,378,15,13,22,3,0,99,9,0,11,605,4,0,13,57,16,4,2,6,0,5,0,0,0,1461,26,786186,Hwang Hee-chan,hwang-hee-chan,Wolverhampton,3,Premier League,Forward,2025/26,0.1232,0.1232,0.1472,0.0973,1.1704,0.3696,0.1848,0.1232,17.5565,23.2854,0.924,0.8008,1.3552,0.1848,0.0,6.0986,0.5544,0.0,0.6776,37.269,0.2464,0.0,0.8008,3.5113,0.9856,0.2464,0.1232,0.3696,0.0,0.308,0.0,0.0,0.0,ST/LW,Striker
0,1,0.33,1.69,2,1,3,0,413,542,21,14,35,22,0,100,5,0,7,941,15,0,15,62,57,0,0,23,0,3,0,0,0,1855,31,1096210,Jackson Tchatchoua,jackson-tchatchoua,Wolverhampton,3,Premier League,Midfielder,2025/26,0.0,0.0485,0.016,0.082,0.097,0.0485,0.1456,0.0,20.0377,26.2965,1.0189,0.6792,1.6981,1.0674,0.0,4.8518,0.2426,0.0,0.3396,45.655,0.7278,0.0,0.7278,3.0081,2.7655,0.0,0.0,1.1159,0.0,0.1456,0.0,0.0,0.0,DR/MR,Full-Back
1,1,0.99,1.12,21,7,2,0,340,428,14,26,46,5,0,117,18,0,20,711,15,0,10,44,20,6,3,9,0,5,0,0,0,1251,26,845273,Jean-Ricner Bellegarde,jean-ricner-bellegarde,Wolverhampton,3,Premier League,Midfielder,2025/26,0.0719,0.0719,0.0712,0.0806,1.5108,0.5036,0.1439,0.0,24.4604,30.7914,1.0072,1.8705,3.3094,0.3597,0.0,8.4173,1.295,0.0,1.4388,51.1511,1.0791,0.0,0.7194,3.1655,1.4388,0.4317,0.2158,0.6475,0.0,0.3597,0.0,0.0,0.0,MC/AM,Central Mid
1,0,3.25,0.62,16,3,0,4,357,399,11,8,10,9,0,110,8,0,26,666,27,0,8,58,15,6,0,10,0,1,0,0,0,1121,23,844096,Jhon Arias,jhon-arias,Wolverhampton,3,Premier League,Midfielder,2025/26,0.0803,0.0,0.2609,0.0498,1.2846,0.2409,0.0,0.3211,28.6619,32.0339,0.8831,0.6423,0.8029,0.7226,0.0,8.8314,0.6423,0.0,2.0874,53.4701,2.1677,0.0,0.6423,4.6566,1.2043,0.4817,0.0,0.8029,0.0,0.0803,0.0,0.0,0.0,RW/AM,Winger
1,1,1.28,2.08,19,7,2,0,1245,1455,16,39,72,11,0,288,43,0,55,2050,68,0,36,194,45,6,1,27,0,10,0,0,0,2843,35,1015267,João Gomes,joao-gomes,Wolverhampton,3,Premier League,Midfielder,2025/26,0.0317,0.0317,0.0405,0.0658,0.6015,0.2216,0.0633,0.0,39.4126,46.0605,0.5065,1.2346,2.2793,0.3482,0.0,9.1171,1.3612,0.0,1.7411,64.8962,2.1527,0.0,1.1396,6.1414,1.4246,0.1899,0.0317,0.8547,0.0,0.3166,0.0,0.0,0.0,MC/DM,Central Mid
0,0,0.02,0.36,1,1,2,0,106,154,5,9,28,7,0,31,5,0,3,283,11,0,6,16,20,0,0,6,0,0,0,0,0,428,8,954044,Ki-Jana Hoever,ki-jana-hoever,Wolverhampton,3,Premier League,Defender,2025/26,0.0,0.0,0.0042,0.0757,0.2103,0.2103,0.4206,0.0,22.2897,32.3832,1.0514,1.8925,5.8879,1.472,0.0,6.5187,1.0514,0.0,0.6308,59.5093,2.3131,0.0,1.2617,3.3645,4.2056,0.0,0.0,1.2617,0.0,0.0,0.0,0.0,0.0,DR/MR,Full-Back
2,1,2.22,1.49,21,10,2,3,1087,1317,9,88,208,4,0,148,2,0,8,1670,21,0,32,79,117,5,1,64,0,3,1,0,0,2361,28,856250,Ladislav Krejčí,ladislav-krejci,Wolverhampton,3,Premier League,Defender,2025/26,0.0762,0.0381,0.0846,0.0568,0.8005,0.3812,0.0762,0.1144,41.4358,50.2033,0.3431,3.3545,7.9288,0.1525,0.0,5.6417,0.0762,0.0,0.305,63.6595,0.8005,0.0,1.2198,3.0114,4.46,0.1906,0.0381,2.4396,0.0,0.1144,0.0381,0.0,0.0,DC/DL,Centre-Back
1,1,1.61,0.38,14,6,1,0,107,169,3,6,12,3,0,47,5,0,11,342,12,0,7,20,30,2,0,30,0,2,0,0,0,877,13,894733,Marshall Munetsi,marshall-munetsi,Wolverhampton,3,Premier League,Midfielder,2025/26,0.1026,0.1026,0.1652,0.039,1.4367,0.6157,0.1026,0.0,10.9806,17.3432,0.3079,0.6157,1.2315,0.3079,0.0,4.8233,0.5131,0.0,1.1288,35.0969,1.2315,0.0,0.7184,2.0525,3.0787,0.2052,0.0,3.0787,0.0,0.2052,0.0,0.0,0.0,MC/DM/AM,Central Mid
3,1,2.01,3.69,42,17,7,0,286,375,31,12,34,34,0,111,31,0,41,897,13,0,5,77,26,6,1,8,0,0,0,2,1,1799,27,1899647,Mateus Mané,mateus-mane,Wolverhampton,3,Premier League,Forward,2025/26,0.1501,0.05,0.1006,0.1846,2.1012,0.8505,0.3502,0.0,14.3079,18.7604,1.5509,0.6003,1.7009,1.7009,0.0,5.5531,1.5509,0.0,2.0511,44.8749,0.6504,0.0,0.2501,3.8521,1.3007,0.3002,0.05,0.4002,0.0,0.0,0.0,0.1001,0.05,AM,Attacking Mid
0,0,0.09,0.18,3,0,1,0,240,298,3,15,36,2,0,40,2,0,3,427,8,0,7,28,37,2,0,21,0,4,0,1,1,791,11,143047,Matt Doherty,matt-doherty,Wolverhampton,3,Premier League,Defender,2025/26,0.0,0.0,0.0102,0.0205,0.3413,0.0,0.1138,0.0,27.3072,33.9064,0.3413,1.7067,4.0961,0.2276,0.0,4.5512,0.2276,0.0,0.3413,48.5841,0.9102,0.0,0.7965,3.1858,4.2099,0.2276,0.0,2.3894,0.0,0.4551,0.0,0.1138,0.1138,DR/DC/MR,Full-Back
3,0,2.15,0.42,20,6,0,2,190,263,4,2,12,3,0,74,8,0,7,481,18,0,9,33,13,2,0,6,0,0,0,0,0,978,22,1006073,Rodrigo Gomes,gomes-rodrigo,Wolverhampton,3,Premier League,Midfielder,2025/26,0.2761,0.0,0.1979,0.0387,1.8405,0.5521,0.0,0.184,17.4847,24.2025,0.3681,0.184,1.1043,0.2761,0.0,6.8098,0.7362,0.0,0.6442,44.2638,1.6564,0.0,0.8282,3.0368,1.1963,0.184,0.0,0.5521,0.0,0.0,0.0,0.0,0.0,MR/ML/RW,Winger
3,1,2.28,1.45,10,7,1,1,938,1085,10,56,123,2,0,76,0,0,5,1435,28,0,27,68,116,2,0,48,0,4,0,1,0,2553,29,846308,Santiago Bueno,santiago-bueno,Wolverhampton,3,Premier League,Defender,2025/26,0.1058,0.0353,0.0804,0.0511,0.3525,0.2468,0.0353,0.0353,33.067,38.2491,0.3525,1.9741,4.3361,0.0705,0.0,2.6792,0.0,0.0,0.1763,50.5875,0.9871,0.0,0.9518,2.3972,4.0893,0.0705,0.0,1.6921,0.0,0.141,0.0,0.0353,0.0,DC,Centre-Back
3,1,5.46,0.45,47,16,1,11,163,270,12,1,7,0,0,57,18,0,22,599,5,0,5,26,43,9,0,99,0,1,0,0,0,1438,33,987734,Tolu Arokodare,tolu-arokodare,Wolverhampton,3,Premier League,Forward,2025/26,0.1878,0.0626,0.3417,0.0282,2.9416,1.0014,0.0626,0.6885,10.2017,16.8985,0.751,0.0626,0.4381,0.0,0.0,3.5675,1.1266,0.0,1.3769,37.4896,0.3129,0.0,0.3129,1.6273,2.6912,0.5633,0.0,6.1961,0.0,0.0626,0.0,0.0,0.0,ST,Striker
0,0,0.53,0.31,5,2,0,1,701,816,6,40,97,3,0,67,10,0,5,1057,13,0,14,53,95,1,1,24,0,2,1,0,0,1427,19,973418,Toti Gomes,toti-gomes,Wolverhampton,3,Premier League,Defender,2025/26,0.0,0.0,0.0334,0.0196,0.3153,0.1261,0.0,0.0631,44.2116,51.4646,0.3784,2.5228,6.1177,0.1892,0.0,4.2256,0.6307,0.0,0.3153,66.6643,0.8199,0.0,0.883,3.3427,5.9916,0.0631,0.0631,1.5137,0.0,0.1261,0.0631,0.0,0.0,DC/DL,Centre-Back
0,0,2.52,0.69,30,6,1,4,641,796,11,22,80,2,0,88,9,0,5,1395,39,0,30,93,114,8,0,47,0,11,0,0,2,2142,27,1014835,Yerson Mosquera,yerson-mosquera,Wolverhampton,3,Premier League,Defender,2025/26,0.0,0.0,0.1059,0.029,1.2605,0.2521,0.042,0.1681,26.9328,33.4454,0.4622,0.9244,3.3613,0.084,0.0,3.6975,0.3782,0.0,0.2101,58.6134,1.6387,0.0,1.2605,3.9076,4.7899,0.3361,0.0,1.9748,0.0,0.4622,0.0,0.0,0.084,DC/DR,Centre-Back
